# Blender 4.5.0
# www.blender.org
mtllib companion.mtl
o defaultMaterial
v -0.028184 -0.845518 0.028184
v -0.028184 -0.845517 0.845517
v -0.845518 -0.845517 0.845517
v -0.845518 -0.845517 0.028184
v -0.028184 0.845518 0.028184
v -0.845518 0.845518 0.028184
v -0.845518 0.845518 0.845517
v -0.028184 0.845518 0.845517
v 0.845517 0.028184 0.028184
v 0.845516 0.845518 0.028184
v 0.845516 0.845518 0.845518
v 0.845516 0.028184 0.845517
v -0.028184 0.028184 0.845517
v -0.028184 0.845518 0.845517
v -0.845518 0.845518 0.845517
v -0.845518 0.028184 0.845517
v -0.845518 0.028184 -0.028184
v -0.845518 0.845518 -0.028184
v -0.845518 0.845517 -0.845517
v -0.845517 0.028184 -0.845517
v -0.028184 -0.028184 -0.845517
v -0.028184 -0.845518 -0.845517
v -0.845517 -0.845517 -0.845517
v -0.845517 -0.028184 -0.845517
v -0.028184 0.845518 -0.845517
v -0.028184 0.028184 -0.845517
v -0.845517 0.028184 -0.845517
v -0.845518 0.845517 -0.845517
v -0.028184 0.845518 -0.845517
v -0.028184 0.845518 -0.028184
v -0.026775 0.803242 -0.026775
v -0.026775 0.803242 -0.803241
v -0.845517 -0.845517 -0.028184
v -0.845517 -0.028184 -0.028184
v -0.845517 -0.028184 -0.845517
v -0.845517 -0.845517 -0.845517
v -0.028184 0.028184 -0.845517
v -0.028184 0.845518 -0.845517
v -0.026775 0.803242 -0.803241
v -0.026775 0.026775 -0.803241
v -0.028184 -0.845517 0.845517
v -0.028184 -0.028184 0.845517
v -0.845518 -0.028184 0.845517
v -0.845518 -0.845517 0.845517
v -0.845518 -0.028184 0.845517
v -0.028184 -0.028184 0.845517
v -0.026775 -0.026774 0.803241
v -0.803242 -0.026774 0.803241
v 0.845517 -0.845517 0.028184
v 0.845517 -0.028184 0.028184
v 0.845516 -0.028184 0.845517
v 0.845517 -0.845517 0.845517
v 0.028183 0.845518 0.028184
v 0.845516 0.845518 0.028184
v 0.803240 0.803242 0.026775
v 0.026774 0.803242 0.026775
v -0.028184 0.845518 -0.028184
v -0.845518 0.845518 -0.028184
v -0.803242 0.803242 -0.026775
v -0.026775 0.803242 -0.026775
v 0.028183 0.845518 -0.845517
v 0.028183 0.028184 -0.845517
v 0.026774 0.026775 -0.803241
v 0.026774 0.803242 -0.803241
v 0.845517 -0.845517 0.845517
v 0.845516 -0.028184 0.845517
v 0.028183 -0.028184 0.845517
v 0.028183 -0.845517 0.845517
v -0.845518 0.028184 -0.028184
v -0.845517 0.028184 -0.845517
v -0.803242 0.026775 -0.803241
v -0.803242 0.026775 -0.026775
v 0.845517 0.845518 -0.028184
v 0.028183 0.845518 -0.028184
v 0.026774 0.803242 -0.026775
v 0.803241 0.803242 -0.026775
v 0.028183 0.028184 -0.845517
v 0.845517 0.028184 -0.845517
v 0.803241 0.026775 -0.803241
v 0.026774 0.026775 -0.803241
v 0.845517 0.845517 -0.845517
v 0.845517 0.028184 -0.845517
v 0.028183 0.028184 -0.845517
v 0.028183 0.845518 -0.845517
v 0.845516 0.845518 0.028184
v 0.845517 0.028184 0.028184
v 0.803241 0.026775 0.026775
v 0.803240 0.803242 0.026775
v 0.845517 -0.028184 -0.845517
v 0.845517 -0.845517 -0.845517
v 0.028183 -0.845518 -0.845517
v 0.028183 -0.028184 -0.845517
v 0.028183 0.845518 -0.028184
v 0.028183 0.845518 -0.845517
v 0.026774 0.803242 -0.803241
v 0.026774 0.803242 -0.026775
v 0.845516 0.028184 0.845517
v 0.845516 0.845518 0.845518
v 0.028183 0.845518 0.845517
v 0.028183 0.028184 0.845517
v -0.845517 -0.028184 -0.845517
v -0.845517 -0.028184 -0.028184
v -0.803242 -0.026775 -0.026775
v -0.803241 -0.026775 -0.803241
v 0.845516 0.845518 0.028184
v 0.028183 0.845518 0.028184
v 0.028183 0.845518 0.845517
v 0.845516 0.845518 0.845518
v 0.845517 0.028184 -0.028184
v 0.845517 0.845518 -0.028184
v 0.803241 0.803242 -0.026775
v 0.803241 0.026775 -0.026775
v 0.845517 -0.845517 0.028184
v 0.845517 -0.845517 0.845517
v 0.028183 -0.845517 0.845517
v 0.028183 -0.845518 0.028184
v -0.028184 -0.028184 -0.845517
v -0.845517 -0.028184 -0.845517
v -0.803241 -0.026775 -0.803241
v -0.026775 -0.026775 -0.803241
v -0.845518 0.845518 -0.028184
v -0.845518 0.028184 -0.028184
v -0.803242 0.026775 -0.026775
v -0.803242 0.803242 -0.026775
v 0.845517 0.028184 -0.845517
v 0.845517 0.028184 -0.028184
v 0.803241 0.026775 -0.026775
v 0.803241 0.026775 -0.803241
v 0.845517 -0.845517 -0.845517
v 0.845517 -0.845517 -0.028184
v 0.028183 -0.845518 -0.028184
v 0.028183 -0.845518 -0.845517
v -0.028184 -0.028184 0.845517
v -0.028184 -0.845517 0.845517
v -0.026775 -0.803241 0.803241
v -0.026775 -0.026774 0.803241
v -0.845517 0.028184 -0.845517
v -0.028184 0.028184 -0.845517
v -0.026775 0.026775 -0.803241
v -0.803242 0.026775 -0.803241
v 0.845517 -0.845517 0.028184
v 0.028183 -0.845518 0.028184
v 0.026774 -0.803242 0.026775
v 0.803241 -0.803242 0.026775
v 0.845517 0.845517 -0.845517
v 0.028183 0.845518 -0.845517
v 0.028183 0.845518 -0.028184
v 0.845517 0.845518 -0.028184
v -0.845518 0.028184 0.028184
v -0.845518 0.845518 0.028184
v -0.803242 0.803242 0.026775
v -0.803242 0.026775 0.026775
v 0.028183 -0.845517 0.845517
v 0.028183 -0.028184 0.845517
v 0.026774 -0.026774 0.803241
v 0.026774 -0.803241 0.803241
v 0.028183 -0.845518 -0.028184
v 0.845517 -0.845517 -0.028184
v 0.803241 -0.803242 -0.026774
v 0.026774 -0.803242 -0.026775
v 0.845517 -0.845517 -0.845517
v 0.845517 -0.028184 -0.845517
v 0.845517 -0.028184 -0.028184
v 0.845517 -0.845517 -0.028184
v -0.028184 -0.845518 -0.028184
v -0.028184 -0.845518 -0.845517
v -0.026775 -0.803242 -0.803241
v -0.026775 -0.803242 -0.026775
v -0.845517 -0.028184 -0.028184
v -0.845517 -0.845517 -0.028184
v -0.803242 -0.803242 -0.026775
v -0.803242 -0.026775 -0.026775
v 0.845517 -0.028184 -0.028184
v 0.845517 -0.028184 -0.845517
v 0.803241 -0.026775 -0.803241
v 0.803241 -0.026775 -0.026775
v -0.845518 -0.845517 0.845517
v -0.845518 -0.028184 0.845517
v -0.845518 -0.028184 0.028184
v -0.845518 -0.845517 0.028184
v 0.028183 -0.845518 -0.845517
v 0.028183 -0.845518 -0.028184
v 0.026774 -0.803242 -0.026775
v 0.026774 -0.803242 -0.803241
v -0.845518 0.028184 0.845517
v -0.845518 0.845518 0.845517
v -0.845518 0.845518 0.028184
v -0.845518 0.028184 0.028184
v -0.845518 -0.845517 0.028184
v -0.845518 -0.028184 0.028184
v -0.803242 -0.026775 0.026775
v -0.803242 -0.803242 0.026775
v 0.845517 0.028184 -0.845517
v 0.845517 0.845517 -0.845517
v 0.845517 0.845518 -0.028184
v 0.845517 0.028184 -0.028184
v -0.028184 0.845518 0.028184
v -0.028184 0.845518 0.845517
v -0.026775 0.803242 0.803241
v -0.026775 0.803242 0.026775
v -0.028184 0.845518 -0.845517
v -0.845518 0.845517 -0.845517
v -0.845518 0.845518 -0.028184
v -0.028184 0.845518 -0.028184
v -0.845518 0.028184 0.845517
v -0.845518 0.028184 0.028184
v -0.803242 0.026775 0.026775
v -0.803242 0.026775 0.803241
v -0.028184 -0.845518 -0.845517
v -0.028184 -0.845518 -0.028184
v -0.845517 -0.845517 -0.028184
v -0.845517 -0.845517 -0.845517
v 0.028183 0.845518 0.845517
v 0.028183 0.845518 0.028184
v 0.026774 0.803242 0.026775
v 0.026774 0.803242 0.803241
v -0.026775 0.026775 -0.803241
v -0.026775 -0.026775 -0.803241
v -0.803241 -0.026775 -0.803241
v -0.803242 0.026775 -0.803241
v -0.803242 -0.026775 -0.026775
v -0.803242 0.026775 -0.026775
v -0.803242 0.026775 -0.803241
v -0.803241 -0.026775 -0.803241
v -0.026775 -0.026774 0.803241
v -0.026775 0.026775 0.803241
v -0.803242 0.026775 0.803241
v -0.803242 -0.026774 0.803241
v 0.803241 -0.026775 0.026775
v 0.803241 0.026775 0.026775
v 0.803240 0.026775 0.803242
v 0.803241 -0.026774 0.803241
v 0.803241 -0.026774 0.803241
v 0.803240 0.026775 0.803242
v 0.026774 0.026775 0.803241
v 0.026774 -0.026774 0.803241
v 0.026774 -0.803241 0.803241
v 0.026774 -0.026774 0.803241
v -0.026775 -0.026774 0.803241
v -0.026775 -0.803241 0.803241
v 0.803241 0.026775 -0.803241
v 0.803241 -0.026775 -0.803241
v 0.026774 -0.026775 -0.803241
v 0.026774 0.026775 -0.803241
v 0.026774 0.803242 -0.803241
v 0.026774 0.026775 -0.803241
v -0.026775 0.026775 -0.803241
v -0.026775 0.803242 -0.803241
v 0.026774 -0.026775 -0.803241
v 0.026774 -0.803242 -0.803241
v -0.026775 -0.803242 -0.803241
v -0.026775 -0.026775 -0.803241
v 0.026774 0.026775 0.803241
v 0.026774 0.803242 0.803241
v -0.026775 0.803242 0.803241
v -0.026775 0.026775 0.803241
v 0.026774 0.803242 0.026775
v -0.026775 0.803242 0.026775
v -0.026775 0.803242 0.803241
v 0.026774 0.803242 0.803241
v 0.026774 -0.803242 0.026775
v 0.026774 -0.803241 0.803241
v -0.026775 -0.803241 0.803241
v -0.026775 -0.803242 0.026775
v 0.026774 -0.803242 -0.803241
v 0.026774 -0.803242 -0.026775
v -0.026775 -0.803242 -0.026775
v -0.026775 -0.803242 -0.803241
v 0.026774 -0.803242 -0.026775
v 0.026774 -0.803242 0.026775
v -0.026775 -0.803242 0.026775
v -0.026775 -0.803242 -0.026775
v 0.803241 -0.803242 -0.026774
v 0.803241 -0.803242 0.026775
v 0.026774 0.803242 -0.803241
v -0.026775 0.803242 -0.803241
v -0.026775 0.803242 -0.026775
v 0.026774 0.803242 -0.026775
v 0.026774 0.803242 -0.026775
v -0.026775 0.803242 -0.026775
v -0.026775 0.803242 0.026775
v 0.026774 0.803242 0.026775
v 0.803241 0.803242 -0.026775
v 0.803240 0.803242 0.026775
v 0.803241 -0.026775 -0.803241
v 0.803241 0.026775 -0.803241
v 0.803241 0.026775 -0.026775
v 0.803241 -0.026775 -0.026775
v 0.803241 -0.803242 -0.026774
v 0.803241 -0.026775 -0.026775
v 0.803241 -0.026775 0.026775
v 0.803241 -0.803242 0.026775
v -0.803242 -0.026774 0.803241
v -0.803242 0.026775 0.803241
v -0.803242 0.026775 0.026775
v -0.803242 -0.026775 0.026775
v -0.803242 -0.026775 0.026775
v -0.803242 0.026775 0.026775
v -0.803242 -0.803242 0.026775
v -0.803242 -0.026775 0.026775
v -0.803242 -0.026775 -0.026775
v -0.803242 -0.803242 -0.026775
v -0.803242 0.026775 0.026775
v -0.803242 0.803242 0.026775
v -0.803242 0.803242 -0.026775
v -0.803242 0.026775 -0.026775
v 0.803241 0.026775 -0.026775
v 0.803241 0.803242 -0.026775
v 0.803240 0.803242 0.026775
v 0.803241 0.026775 0.026775
v -0.803242 0.803242 -0.026775
v -0.803242 0.803242 0.026775
v -0.803242 -0.803242 0.026775
v -0.803242 -0.803242 -0.026775
v -0.845518 0.845518 0.028184
v -0.028184 0.845518 0.028184
v -0.026775 0.803242 0.026775
v -0.803242 0.803242 0.026775
v 0.845517 -0.028184 -0.845517
v 0.028183 -0.028184 -0.845517
v 0.026774 -0.026775 -0.803241
v 0.803241 -0.026775 -0.803241
v -0.028184 0.028184 0.845517
v -0.845518 0.028184 0.845517
v -0.803242 0.026775 0.803241
v -0.026775 0.026775 0.803241
v 0.028183 -0.028184 -0.845517
v 0.028183 -0.845518 -0.845517
v 0.026774 -0.803242 -0.803241
v 0.026774 -0.026775 -0.803241
v -0.845517 -0.845517 -0.028184
v -0.028184 -0.845518 -0.028184
v -0.026775 -0.803242 -0.026775
v -0.803242 -0.803242 -0.026775
v 0.845516 -0.028184 0.845517
v 0.845517 -0.028184 0.028184
v 0.803241 -0.026775 0.026775
v 0.803241 -0.026774 0.803241
v -0.028184 -0.845518 -0.845517
v -0.028184 -0.028184 -0.845517
v -0.026775 -0.026775 -0.803241
v -0.026775 -0.803242 -0.803241
v 0.028183 -0.845518 0.028184
v 0.028183 -0.845517 0.845517
v 0.026774 -0.803241 0.803241
v 0.026774 -0.803242 0.026775
v -0.028184 -0.845518 0.028184
v -0.845518 -0.845517 0.028184
v -0.803242 -0.803242 0.026775
v -0.026775 -0.803242 0.026775
v 0.028183 -0.028184 0.845517
v 0.845516 -0.028184 0.845517
v 0.803241 -0.026774 0.803241
v 0.026774 -0.026774 0.803241
v 0.845517 -0.845517 -0.028184
v 0.845517 -0.028184 -0.028184
v 0.803241 -0.026775 -0.026775
v 0.803241 -0.803242 -0.026774
v 0.845517 0.028184 0.028184
v 0.845516 0.028184 0.845517
v 0.803240 0.026775 0.803242
v 0.803241 0.026775 0.026775
v 0.028183 0.028184 0.845517
v 0.028183 0.845518 0.845517
v 0.026774 0.803242 0.803241
v 0.026774 0.026775 0.803241
v -0.845518 -0.028184 0.028184
v -0.845518 -0.028184 0.845517
v -0.803242 -0.026774 0.803241
v -0.803242 -0.026775 0.026775
v 0.845517 -0.028184 0.028184
v 0.845517 -0.845517 0.028184
v 0.803241 -0.803242 0.026775
v 0.803241 -0.026775 0.026775
v -0.028184 0.845518 0.845517
v -0.028184 0.028184 0.845517
v -0.026775 0.026775 0.803241
v -0.026775 0.803242 0.803241
v -0.028184 -0.845517 0.845517
v -0.028184 -0.845518 0.028184
v -0.026775 -0.803242 0.026775
v -0.026775 -0.803241 0.803241
v 0.845516 0.028184 0.845517
v 0.028183 0.028184 0.845517
v 0.026774 0.026775 0.803241
v 0.803240 0.026775 0.803242
vn -0.0000 -1.0000 -0.0000
vn -0.0000 1.0000 -0.0000
vn 1.0000 -0.0000 -0.0000
vn -0.0000 -0.0000 1.0000
vn -1.0000 -0.0000 -0.0000
vn -0.0000 -0.0000 -1.0000
vn 0.9994 0.0333 -0.0000
vn 0.9994 -0.0000 -0.0333
vn -0.0000 0.9994 0.0333
vn -0.0000 0.0333 -0.9994
vn -0.0000 0.0333 0.9994
vn -0.9994 -0.0000 -0.0333
vn -0.0333 -0.9994 -0.0000
vn -0.0000 -0.9994 -0.0333
vn 0.0333 -0.0000 -0.9994
vn -0.9994 0.0333 -0.0000
vn -0.0333 0.9994 -0.0000
vn 0.0333 -0.0000 0.9994
vn -0.0000 0.9994 -0.0333
vn -0.0333 -0.0000 0.9994
vn 0.0333 -0.9994 -0.0000
vn 0.9994 -0.0000 0.0333
vn -0.0000 -0.0333 -0.9994
vn -0.0333 -0.0000 -0.9994
vn -0.9994 -0.0000 0.0333
vn -0.0000 -0.0333 0.9994
vn 0.9994 -0.0333 -0.0000
vn 0.0333 0.9994 -0.0000
vn -0.9994 -0.0333 -0.0000
vn -0.0000 -0.9994 0.0333
vt 0.541471 0.882692
vt 0.541471 0.786971
vt 0.445750 0.786971
vt 0.445750 0.882692
vt 0.514537 0.651413
vt 0.514537 0.555692
vt 0.418816 0.555692
vt 0.418816 0.651413
vt 0.315110 0.755119
vt 0.410831 0.755119
vt 0.410831 0.659398
vt 0.315110 0.659398
vt 0.003992 0.755119
vt 0.099713 0.755119
vt 0.099714 0.659398
vt 0.003992 0.659398
vt 0.003992 0.555692
vt 0.003992 0.651413
vt 0.099714 0.651413
vt 0.099713 0.555692
vt 0.514537 0.451986
vt 0.418816 0.451986
vt 0.418816 0.547707
vt 0.514537 0.547707
vt 0.307125 0.651413
vt 0.307125 0.555692
vt 0.211404 0.555692
vt 0.211404 0.651413
vt 0.878753 0.803677
vt 0.883703 0.798722
vt 0.787981 0.798752
vt 0.787818 0.803706
vt 0.107698 0.659398
vt 0.107698 0.755119
vt 0.203420 0.755119
vt 0.203420 0.659398
vt 0.924280 0.634032
vt 0.929234 0.633867
vt 0.929234 0.538145
vt 0.924280 0.543097
vt 0.107698 0.651413
vt 0.203419 0.651413
vt 0.203419 0.555692
vt 0.107698 0.555692
vt 0.530545 0.081199
vt 0.525593 0.086153
vt 0.621315 0.086156
vt 0.621480 0.081202
vt 0.342044 0.882692
vt 0.437765 0.882692
vt 0.437765 0.786971
vt 0.342044 0.786971
vt 0.724928 0.039925
vt 0.725093 0.044879
vt 0.820814 0.044879
vt 0.815863 0.039925
vt 0.926785 0.031980
vt 0.926620 0.027026
vt 0.830900 0.027026
vt 0.835851 0.031980
vt 0.917752 0.426779
vt 0.912799 0.421828
vt 0.912799 0.517550
vt 0.917753 0.517715
vt 0.445658 0.996008
vt 0.541379 0.996008
vt 0.541379 0.900286
vt 0.445658 0.900286
vt 0.307781 0.044389
vt 0.307946 0.049343
vt 0.403667 0.049343
vt 0.398716 0.044389
vt 0.133195 0.081523
vt 0.138146 0.076569
vt 0.042425 0.076567
vt 0.042260 0.081521
vt 0.525593 0.029442
vt 0.525759 0.034396
vt 0.621479 0.034396
vt 0.616527 0.029442
vt 0.211404 0.755119
vt 0.307125 0.755119
vt 0.307125 0.659398
vt 0.211404 0.659398
vt 0.292420 0.085917
vt 0.287466 0.080966
vt 0.287466 0.176688
vt 0.292420 0.176853
vt 0.437673 0.996008
vt 0.437673 0.900286
vt 0.341952 0.900286
vt 0.341952 0.996008
vt 0.724928 0.026986
vt 0.725093 0.031940
vt 0.820814 0.031940
vt 0.815862 0.026986
vt 0.549364 0.996008
vt 0.645085 0.996008
vt 0.645085 0.900286
vt 0.549364 0.900286
vt 0.815863 0.057817
vt 0.820815 0.052863
vt 0.725093 0.052863
vt 0.724928 0.057817
vt 0.522522 0.451986
vt 0.522522 0.547707
vt 0.618243 0.547707
vt 0.618243 0.451986
vt 0.935608 0.755119
vt 0.940562 0.754954
vt 0.940562 0.659233
vt 0.935608 0.664184
vt 0.549456 0.882692
vt 0.645177 0.882692
vt 0.645177 0.786971
vt 0.549456 0.786971
vt 0.926786 0.070796
vt 0.926621 0.065842
vt 0.830900 0.065842
vt 0.835851 0.070796
vt 0.654609 0.092852
vt 0.649655 0.087901
vt 0.649652 0.183622
vt 0.654606 0.183788
vt 0.616529 0.073214
vt 0.621480 0.068261
vt 0.525759 0.068258
vt 0.525593 0.073212
vt 0.099713 0.547707
vt 0.099713 0.451986
vt 0.003992 0.451986
vt 0.003992 0.547707
vt 0.922830 0.224674
vt 0.917877 0.224839
vt 0.917877 0.320561
vt 0.922830 0.315610
vt 0.047211 0.063628
vt 0.042260 0.068582
vt 0.137982 0.068582
vt 0.138147 0.063628
vt 0.507641 0.065578
vt 0.512592 0.060624
vt 0.416871 0.060625
vt 0.416705 0.065578
vt 0.203419 0.547707
vt 0.203420 0.451986
vt 0.107698 0.451986
vt 0.107698 0.547707
vt 0.930815 0.216689
vt 0.935769 0.216524
vt 0.935769 0.120803
vt 0.930815 0.125754
vt 0.917838 0.894439
vt 0.922791 0.899390
vt 0.922791 0.803668
vt 0.917837 0.803503
vt 0.416705 0.047686
vt 0.416871 0.052640
vt 0.512592 0.052640
vt 0.507640 0.047686
vt 0.315110 0.651413
vt 0.410831 0.651413
vt 0.410831 0.555692
vt 0.315110 0.555692
vt 0.164131 0.048964
vt 0.164296 0.053918
vt 0.260017 0.053918
vt 0.255066 0.048964
vt 0.930691 0.421828
vt 0.925737 0.421993
vt 0.925737 0.517715
vt 0.930691 0.512764
vt 0.042260 0.050690
vt 0.042425 0.055643
vt 0.138146 0.055643
vt 0.133195 0.050690
vt 0.211404 0.547707
vt 0.307125 0.547707
vt 0.307125 0.451986
vt 0.211404 0.451986
vt 0.934428 0.648683
vt 0.939379 0.643729
vt 0.843658 0.643729
vt 0.843493 0.648683
vt 0.522522 0.555692
vt 0.522522 0.651413
vt 0.618243 0.651413
vt 0.618243 0.555692
vt 0.922669 0.750168
vt 0.927623 0.755119
vt 0.927623 0.659398
vt 0.922669 0.659233
vt 0.315110 0.547707
vt 0.410831 0.547707
vt 0.410831 0.451986
vt 0.315110 0.451986
vt 0.138146 0.042705
vt 0.137981 0.037751
vt 0.042260 0.037751
vt 0.047211 0.042705
vt 0.618243 0.755119
vt 0.618243 0.659398
vt 0.522522 0.659398
vt 0.522522 0.755119
vt 0.312732 0.070266
vt 0.307781 0.075220
vt 0.403502 0.075222
vt 0.403667 0.070269
vt 0.514537 0.755119
vt 0.514537 0.659398
vt 0.418816 0.659398
vt 0.418816 0.755119
vt 0.835851 0.039965
vt 0.830900 0.044919
vt 0.926620 0.044919
vt 0.926785 0.039965
vt 0.659349 0.763104
vt 0.568414 0.763104
vt 0.568414 0.769375
vt 0.659349 0.769376
vt 0.750286 0.769376
vt 0.750286 0.763105
vt 0.094926 0.769376
vt 0.185860 0.769376
vt 0.185860 0.763105
vt 0.094926 0.763105
vt 0.283065 0.769376
vt 0.374001 0.769376
vt 0.374001 0.763104
vt 0.283065 0.763105
vt 0.192132 0.769376
vt 0.192132 0.763105
vt 0.721207 0.905072
vt 0.727478 0.905072
vt 0.727478 0.814138
vt 0.721207 0.814138
vt 0.562142 0.763104
vt 0.471207 0.763104
vt 0.471207 0.769375
vt 0.562142 0.769375
vt 0.714965 0.664185
vt 0.708693 0.664185
vt 0.708693 0.755119
vt 0.714965 0.755119
vt 0.655788 0.308543
vt 0.655788 0.302272
vt 0.564853 0.302272
vt 0.564853 0.308544
vt 0.694437 0.755119
vt 0.700708 0.755119
vt 0.700709 0.664185
vt 0.694437 0.664184
vt 0.700708 0.573249
vt 0.694437 0.573249
vt 0.721207 0.996008
vt 0.727478 0.996008
vt 0.473918 0.302272
vt 0.473918 0.308543
vt 0.277791 0.362496
vt 0.284062 0.362496
vt 0.284062 0.356224
vt 0.277791 0.356224
vt 0.374999 0.362496
vt 0.374999 0.356224
vt 0.708693 0.573249
vt 0.714965 0.573249
vt 0.284063 0.376752
vt 0.284063 0.370481
vt 0.277792 0.370481
vt 0.277792 0.376752
vt 0.374998 0.376752
vt 0.374998 0.370481
vt 0.380272 0.769376
vt 0.380272 0.763104
vt 0.465932 0.362496
vt 0.465932 0.356225
vt 0.003992 0.769376
vt 0.003992 0.763105
vt 0.756558 0.769376
vt 0.756558 0.763105
vt 0.186855 0.362496
vt 0.186855 0.356224
vt 0.095922 0.356225
vt 0.095922 0.362496
vt 0.095922 0.370481
vt 0.095922 0.376753
vt 0.186857 0.376752
vt 0.186857 0.370481
vt 0.465934 0.376752
vt 0.465934 0.370481
vt 0.169082 0.061902
vt 0.164131 0.066856
vt 0.259852 0.066856
vt 0.260017 0.061902
vt 0.398715 0.088164
vt 0.403667 0.083210
vt 0.307946 0.083207
vt 0.307781 0.088161
vt 0.621480 0.060273
vt 0.621315 0.055319
vt 0.525593 0.055319
vt 0.530545 0.060273
vt 0.935769 0.224674
vt 0.930815 0.224839
vt 0.930815 0.320561
vt 0.935769 0.315610
vt 0.169081 0.087811
vt 0.164131 0.092766
vt 0.259852 0.092736
vt 0.260015 0.087782
vt 0.835851 0.052903
vt 0.830900 0.057857
vt 0.926620 0.057857
vt 0.926786 0.052903
vt 0.909728 0.750168
vt 0.914682 0.755119
vt 0.914685 0.659398
vt 0.909731 0.659233
vt 0.403666 0.036404
vt 0.403501 0.031450
vt 0.307781 0.031450
vt 0.312732 0.036404
vt 0.512591 0.039701
vt 0.512426 0.034747
vt 0.416705 0.034747
vt 0.421657 0.039701
vt 0.525593 0.042381
vt 0.525759 0.047335
vt 0.621479 0.047335
vt 0.616528 0.042381
vt 0.148277 0.275773
vt 0.153231 0.280724
vt 0.153233 0.185003
vt 0.148280 0.184838
vt 0.260016 0.040979
vt 0.259851 0.036025
vt 0.164131 0.036025
vt 0.169082 0.040979
vt 0.930776 0.899390
vt 0.935730 0.899225
vt 0.935730 0.803503
vt 0.930776 0.808454
vt 0.820815 0.070756
vt 0.820650 0.065802
vt 0.724928 0.065802
vt 0.729879 0.070756
vt 0.922830 0.120803
vt 0.917877 0.120968
vt 0.917877 0.216689
vt 0.922830 0.211738
vt 0.292422 0.189789
vt 0.287469 0.184837
vt 0.287466 0.280559
vt 0.292420 0.280724
vt 0.169082 0.074841
vt 0.164131 0.079795
vt 0.259853 0.079797
vt 0.260018 0.074844
vt 0.398716 0.062281
vt 0.403667 0.057327
vt 0.307946 0.057327
vt 0.307781 0.062281
s 0
usemtl DefaultMaterial
f 4/1/1 1/2/1 2/3/1
f 2/3/1 3/4/1 4/1/1
f 8/5/2 5/6/2 6/7/2
f 6/7/2 7/8/2 8/5/2
f 12/9/3 9/10/3 10/11/3
f 10/11/3 11/12/3 12/9/3
f 16/13/4 13/14/4 14/15/4
f 14/15/4 15/16/4 16/13/4
f 20/17/5 17/18/5 18/19/5
f 18/19/5 19/20/5 20/17/5
f 24/21/6 21/22/6 22/23/6
f 22/23/6 23/24/6 24/21/6
f 28/25/6 25/26/6 26/27/6
f 26/27/6 27/28/6 28/25/6
f 32/29/7 29/30/7 30/31/7
f 30/31/7 31/32/7 32/29/7
f 36/33/5 33/34/5 34/35/5
f 34/35/5 35/36/5 36/33/5
f 40/37/8 37/38/8 38/39/8
f 38/39/8 39/40/8 40/37/8
f 44/41/4 41/42/4 42/43/4
f 42/43/4 43/44/4 44/41/4
f 48/45/9 45/46/9 46/47/9
f 46/47/9 47/48/9 48/45/9
f 52/49/3 49/50/3 50/51/3
f 50/51/3 51/52/3 52/49/3
f 56/53/10 53/54/10 54/55/10
f 54/55/10 55/56/10 56/53/10
f 60/57/11 57/58/11 58/59/11
f 58/59/11 59/60/11 60/57/11
f 64/61/12 61/62/12 62/63/12
f 62/63/12 63/64/12 64/61/12
f 68/65/4 65/66/4 66/67/4
f 66/67/4 67/68/4 68/65/4
f 72/69/13 69/70/13 70/71/13
f 70/71/13 71/72/13 72/69/13
f 76/73/11 73/74/11 74/75/11
f 74/75/11 75/76/11 76/73/11
f 80/77/14 77/78/14 78/79/14
f 78/79/14 79/80/14 80/77/14
f 84/81/6 81/82/6 82/83/6
f 82/83/6 83/84/6 84/81/6
f 88/85/15 85/86/15 86/87/15
f 86/87/15 87/88/15 88/85/15
f 92/89/6 89/90/6 90/91/6
f 90/91/6 91/92/6 92/89/6
f 96/93/16 93/94/16 94/95/16
f 94/95/16 95/96/16 96/93/16
f 100/97/4 97/98/4 98/99/4
f 98/99/4 99/100/4 100/97/4
f 104/101/17 101/102/17 102/103/17
f 102/103/17 103/104/17 104/101/17
f 108/105/2 105/106/2 106/107/2
f 106/107/2 107/108/2 108/105/2
f 112/109/18 109/110/18 110/111/18
f 110/111/18 111/112/18 112/109/18
f 116/113/1 113/114/1 114/115/1
f 114/115/1 115/116/1 116/113/1
f 120/117/19 117/118/19 118/119/19
f 118/119/19 119/120/19 120/117/19
f 124/121/20 121/122/20 122/123/20
f 122/123/20 123/124/20 124/121/20
f 128/125/21 125/126/21 126/127/21
f 126/127/21 127/128/21 128/125/21
f 132/129/1 129/130/1 130/131/1
f 130/131/1 131/132/1 132/129/1
f 136/133/22 133/134/22 134/135/22
f 134/135/22 135/136/22 136/133/22
f 140/137/14 137/138/14 138/139/14
f 138/139/14 139/140/14 140/137/14
f 144/141/23 141/142/23 142/143/23
f 142/143/23 143/144/23 144/141/23
f 148/145/2 145/146/2 146/147/2
f 146/147/2 147/148/2 148/145/2
f 152/149/24 149/150/24 150/151/24
f 150/151/24 151/152/24 152/149/24
f 156/153/25 153/154/25 154/155/25
f 154/155/25 155/156/25 156/153/25
f 160/157/26 157/158/26 158/159/26
f 158/159/26 159/160/26 160/157/26
f 164/161/3 161/162/3 162/163/3
f 162/163/3 163/164/3 164/161/3
f 168/165/27 165/166/27 166/167/27
f 166/167/27 167/168/27 168/165/27
f 172/169/20 169/170/20 170/171/20
f 170/171/20 171/172/20 172/169/20
f 176/173/28 173/174/28 174/175/28
f 174/175/28 175/176/28 176/173/28
f 180/177/5 177/178/5 178/179/5
f 178/179/5 179/180/5 180/177/5
f 184/181/29 181/182/29 182/183/29
f 182/183/29 183/184/29 184/181/29
f 188/185/5 185/186/5 186/187/5
f 186/187/5 187/188/5 188/185/5
f 192/189/24 189/190/24 190/191/24
f 190/191/24 191/192/24 192/189/24
f 196/193/3 193/194/3 194/195/3
f 194/195/3 195/196/3 196/193/3
f 200/197/7 197/198/7 198/199/7
f 198/199/7 199/200/7 200/197/7
f 204/201/2 201/202/2 202/203/2
f 202/203/2 203/204/2 204/201/2
f 208/205/13 205/206/13 206/207/13
f 206/207/13 207/208/13 208/205/13
f 212/209/1 209/210/1 210/211/1
f 210/211/1 211/212/1 212/209/1
f 216/213/16 213/214/16 214/215/16
f 214/215/16 215/216/16 216/213/16
f 220/217/6 217/218/6 218/219/6
f 218/219/6 219/220/6 220/217/6
f 224/220/5 221/221/5 222/222/5
f 222/222/5 223/217/5 224/220/5
f 228/223/4 225/224/4 226/225/4
f 226/225/4 227/226/4 228/223/4
f 232/227/3 229/228/3 230/229/3
f 230/229/3 231/230/3 232/227/3
f 236/231/4 233/227/4 234/230/4
f 234/230/4 235/232/4 236/231/4
f 225/224/4 236/231/4 235/232/4
f 235/232/4 226/225/4 225/224/4
f 240/233/4 237/234/4 238/235/4
f 238/235/4 239/236/4 240/233/4
f 244/237/6 241/238/6 242/239/6
f 242/239/6 243/240/6 244/237/6
f 217/218/6 244/237/6 243/240/6
f 243/240/6 218/219/6 217/218/6
f 248/241/6 245/242/6 246/243/6
f 246/243/6 247/244/6 248/241/6
f 252/245/6 249/246/6 250/247/6
f 250/247/6 251/248/6 252/245/6
f 256/249/4 253/250/4 254/251/4
f 254/251/4 255/252/4 256/249/4
f 260/251/2 257/253/2 258/254/2
f 258/254/2 259/252/2 260/251/2
f 264/255/1 261/256/1 262/234/1
f 262/234/1 263/233/1 264/255/1
f 268/248/1 265/247/1 266/257/1
f 266/257/1 267/258/1 268/248/1
f 272/259/1 269/260/1 270/261/1
f 270/261/1 271/262/1 272/259/1
f 269/260/1 273/263/1 274/264/1
f 274/264/1 270/261/1 269/260/1
f 278/265/2 275/242/2 276/241/2
f 276/241/2 277/266/2 278/265/2
f 282/267/2 279/268/2 280/269/2
f 280/269/2 281/270/2 282/267/2
f 284/271/2 283/272/2 279/268/2
f 279/268/2 282/267/2 284/271/2
f 288/273/3 285/239/3 286/238/3
f 286/238/3 287/274/3 288/273/3
f 229/228/3 288/273/3 287/274/3
f 287/274/3 230/229/3 229/228/3
f 292/264/3 289/263/3 290/275/3
f 290/275/3 291/276/3 292/264/3
f 296/277/5 293/223/5 294/226/5
f 294/226/5 295/278/5 296/277/5
f 221/221/5 297/279/5 298/280/5
f 298/280/5 222/222/5 221/221/5
f 302/281/5 299/282/5 300/283/5
f 300/283/5 301/284/5 302/281/5
f 306/285/5 303/286/5 304/287/5
f 304/287/5 305/288/5 306/285/5
f 310/289/3 307/290/3 308/272/3
f 308/272/3 309/271/3 310/289/3
f 281/270/2 280/269/2 311/288/2
f 311/288/2 312/287/2 281/270/2
f 314/281/1 272/259/1 271/262/1
f 271/262/1 313/282/1 314/281/1
f 318/291/10 315/292/10 316/293/10
f 316/293/10 317/294/10 318/291/10
f 322/295/19 319/296/19 320/297/19
f 320/297/19 321/298/19 322/295/19
f 326/299/30 323/300/30 324/301/30
f 324/301/30 325/302/30 326/299/30
f 330/303/12 327/304/12 328/305/12
f 328/305/12 329/306/12 330/303/12
f 334/307/26 331/308/26 332/309/26
f 332/309/26 333/310/26 334/307/26
f 338/311/28 335/312/28 336/313/28
f 336/313/28 337/314/28 338/311/28
f 342/315/8 339/316/8 340/317/8
f 340/317/8 341/318/8 342/315/8
f 346/319/29 343/320/29 344/321/29
f 344/321/29 345/322/29 346/319/29
f 350/323/23 347/324/23 348/325/23
f 348/325/23 349/326/23 350/323/23
f 354/327/9 351/328/9 352/329/9
f 352/329/9 353/330/9 354/327/9
f 358/331/18 355/332/18 356/333/18
f 356/333/18 357/334/18 358/331/18
f 362/335/21 359/336/21 360/337/21
f 360/337/21 361/338/21 362/335/21
f 366/339/25 363/340/25 364/341/25
f 364/341/25 365/342/25 366/339/25
f 370/343/17 367/344/17 368/345/17
f 368/345/17 369/346/17 370/343/17
f 374/347/15 371/348/15 372/349/15
f 372/349/15 373/350/15 374/347/15
f 378/351/22 375/352/22 376/353/22
f 376/353/22 377/354/22 378/351/22
f 382/355/27 379/356/27 380/357/27
f 380/357/27 381/358/27 382/355/27
f 386/359/30 383/360/30 384/361/30
f 384/361/30 385/362/30 386/359/30
o defaultMaterial.001
v 0.900154 0.073240 -0.000000
v 0.900423 -0.000000 0.000000
v 0.900154 0.071833 -0.014289
v 0.899359 0.143666 -0.000000
v 0.900154 0.073240 -0.000000
v 0.900154 0.071833 -0.014289
v 0.899359 0.140906 -0.028028
v 0.898066 0.208571 -0.000000
v 0.899359 0.143666 -0.000000
v 0.899359 0.140906 -0.028028
v 0.898066 0.204563 -0.040690
v 0.896326 0.291501 -0.000000
v 0.898066 0.208571 -0.000000
v 0.898066 0.204563 -0.040690
v 0.896326 0.285900 -0.056869
v 0.799496 0.346841 -0.143666
v 0.799496 0.368204 -0.073241
v 0.874001 0.368204 -0.073241
v 0.874001 0.346841 -0.143666
v 0.874001 0.312148 -0.208571
v 0.799496 0.312148 -0.208571
v 0.900154 0.071833 -0.014289
v 0.900423 -0.000000 0.000000
v 0.900154 0.067665 -0.028028
v 0.899359 0.140906 -0.028028
v 0.900154 0.071833 -0.014289
v 0.900154 0.067665 -0.028028
v 0.899359 0.132730 -0.054979
v 0.898066 0.204563 -0.040690
v 0.899359 0.140906 -0.028028
v 0.899359 0.132730 -0.054979
v 0.898066 0.192694 -0.079817
v 0.898066 0.192694 -0.079817
v 0.896326 0.269312 -0.111553
v 0.900154 0.067665 -0.028028
v 0.900423 -0.000000 0.000000
v 0.900154 0.060897 -0.040690
v 0.899359 0.132730 -0.054979
v 0.900154 0.067665 -0.028028
v 0.900154 0.060897 -0.040690
v 0.899359 0.119454 -0.079817
v 0.898066 0.192694 -0.079817
v 0.899359 0.132730 -0.054979
v 0.899359 0.119454 -0.079817
v 0.898066 0.173420 -0.115876
v 0.898066 0.173420 -0.115876
v 0.896326 0.242374 -0.161950
v 0.799496 0.265460 -0.265460
v 0.874001 0.265460 -0.265460
v 0.874001 0.208571 -0.312148
v 0.799496 0.208571 -0.312148
v 0.900154 0.060897 -0.040690
v 0.900423 -0.000000 0.000000
v 0.900154 0.051789 -0.051789
v 0.899359 0.119454 -0.079817
v 0.900154 0.060897 -0.040690
v 0.900154 0.051789 -0.051789
v 0.899359 0.101587 -0.101587
v 0.898066 0.173420 -0.115876
v 0.899359 0.119454 -0.079817
v 0.899359 0.101587 -0.101587
v 0.898066 0.147482 -0.147482
v 0.898066 0.147482 -0.147482
v 0.896326 0.206122 -0.206123
v 0.899359 0.101587 -0.101587
v 0.900154 0.051789 -0.051789
v 0.900154 0.040690 -0.060897
v 0.899359 0.079817 -0.119454
v 0.898066 0.147482 -0.147482
v 0.899359 0.101587 -0.101587
v 0.899359 0.079817 -0.119454
v 0.898066 0.115876 -0.173420
v 0.898066 0.115876 -0.173420
v 0.896326 0.161949 -0.242374
v 0.874001 0.143666 -0.346841
v 0.799496 0.143666 -0.346841
v 0.900154 0.051789 -0.051789
v 0.900423 -0.000000 0.000000
v 0.900154 0.040690 -0.060897
v 0.900154 0.040690 -0.060897
v 0.900423 -0.000000 0.000000
v 0.900154 0.028028 -0.067665
v 0.899359 0.079817 -0.119454
v 0.900154 0.040690 -0.060897
v 0.900154 0.028028 -0.067665
v 0.899359 0.054979 -0.132730
v 0.898066 0.115876 -0.173420
v 0.899359 0.079817 -0.119454
v 0.899359 0.054979 -0.132730
v 0.898066 0.079817 -0.192694
v 0.898066 0.079817 -0.192694
v 0.896326 0.111553 -0.269312
v 0.799496 0.073240 -0.368204
v 0.874001 0.073240 -0.368204
v 0.899359 0.054979 -0.132730
v 0.900154 0.028028 -0.067665
v 0.900154 0.014289 -0.071833
v 0.899359 0.028028 -0.140906
v 0.898066 0.079817 -0.192694
v 0.899359 0.054979 -0.132730
v 0.899359 0.028028 -0.140906
v 0.898066 0.040690 -0.204563
v 0.898066 0.040690 -0.204563
v 0.896326 0.056869 -0.285900
v 0.874001 -0.000000 -0.375418
v 0.799496 -0.000000 -0.375418
v 0.900154 0.028028 -0.067665
v 0.900423 -0.000000 0.000000
v 0.900154 0.014289 -0.071833
v 0.900154 0.014289 -0.071833
v 0.900423 -0.000000 0.000000
v 0.900154 -0.000000 -0.073241
v 0.899359 0.028028 -0.140906
v 0.900154 0.014289 -0.071833
v 0.900154 -0.000000 -0.073241
v 0.899359 -0.000000 -0.143666
v 0.898066 0.040690 -0.204563
v 0.899359 0.028028 -0.140906
v 0.899359 -0.000000 -0.143666
v 0.898066 -0.000000 -0.208571
v 0.898066 -0.000000 -0.208571
v 0.896326 -0.000000 -0.291501
v 0.874001 -0.073241 -0.368204
v 0.799496 -0.073241 -0.368204
v 0.898066 -0.000000 -0.208571
v 0.899359 -0.000000 -0.143666
v 0.899359 -0.028028 -0.140906
v 0.898066 -0.040690 -0.204563
v 0.898066 -0.040690 -0.204563
v 0.896326 -0.056869 -0.285900
v 0.874001 -0.143666 -0.346841
v 0.799496 -0.143666 -0.346841
v 0.900154 -0.000000 -0.073241
v 0.900423 -0.000000 0.000000
v 0.900154 -0.014289 -0.071833
v 0.899359 -0.000000 -0.143666
v 0.900154 -0.000000 -0.073241
v 0.900154 -0.014289 -0.071833
v 0.899359 -0.028028 -0.140906
v 0.900154 -0.014289 -0.071833
v 0.900423 -0.000000 0.000000
v 0.900154 -0.028028 -0.067665
v 0.899359 -0.028028 -0.140906
v 0.900154 -0.014289 -0.071833
v 0.900154 -0.028028 -0.067665
v 0.899359 -0.054979 -0.132730
v 0.898066 -0.040690 -0.204563
v 0.899359 -0.028028 -0.140906
v 0.899359 -0.054979 -0.132730
v 0.898066 -0.079817 -0.192694
v 0.898066 -0.079817 -0.192694
v 0.896326 -0.111553 -0.269312
v 0.874001 -0.208571 -0.312148
v 0.799496 -0.208571 -0.312148
v 0.898066 -0.115876 -0.173420
v 0.896326 -0.161949 -0.242374
v 0.799496 -0.265460 -0.265460
v 0.874001 -0.265460 -0.265460
v 0.900154 -0.028028 -0.067665
v 0.900423 -0.000000 0.000000
v 0.900154 -0.040690 -0.060897
v 0.899359 -0.054979 -0.132730
v 0.900154 -0.028028 -0.067665
v 0.900154 -0.040690 -0.060897
v 0.899359 -0.079817 -0.119454
v 0.898066 -0.079817 -0.192694
v 0.899359 -0.054979 -0.132730
v 0.899359 -0.079817 -0.119454
v 0.898066 -0.115876 -0.173420
v 0.900154 -0.040690 -0.060897
v 0.900423 -0.000000 0.000000
v 0.900154 -0.051789 -0.051789
v 0.899359 -0.079817 -0.119454
v 0.900154 -0.040690 -0.060897
v 0.900154 -0.051789 -0.051789
v 0.899359 -0.101587 -0.101587
v 0.898066 -0.115876 -0.173420
v 0.899359 -0.079817 -0.119454
v 0.899359 -0.101587 -0.101587
v 0.898066 -0.147482 -0.147482
v 0.898066 -0.147482 -0.147482
v 0.896326 -0.206122 -0.206122
v 0.874001 -0.312148 -0.208571
v 0.799496 -0.312148 -0.208571
v 0.898066 -0.173420 -0.115876
v 0.896326 -0.242374 -0.161949
v 0.799496 -0.346841 -0.143666
v 0.874001 -0.346841 -0.143666
v 0.900154 -0.051789 -0.051789
v 0.900423 -0.000000 0.000000
v 0.900154 -0.060897 -0.040690
v 0.899359 -0.101587 -0.101587
v 0.900154 -0.051789 -0.051789
v 0.900154 -0.060897 -0.040690
v 0.899359 -0.119454 -0.079817
v 0.898066 -0.147482 -0.147482
v 0.899359 -0.101587 -0.101587
v 0.899359 -0.119454 -0.079817
v 0.898066 -0.173420 -0.115876
v 0.900154 -0.060897 -0.040690
v 0.900423 -0.000000 0.000000
v 0.900154 -0.067665 -0.028028
v 0.899359 -0.119454 -0.079817
v 0.900154 -0.060897 -0.040690
v 0.900154 -0.067665 -0.028028
v 0.899359 -0.132730 -0.054979
v 0.898066 -0.173420 -0.115876
v 0.899359 -0.119454 -0.079817
v 0.899359 -0.132730 -0.054979
v 0.898066 -0.192694 -0.079817
v 0.898066 -0.192694 -0.079817
v 0.896326 -0.269312 -0.111553
v 0.874001 -0.368204 -0.073240
v 0.799496 -0.368204 -0.073240
v 0.874001 -0.375417 0.000000
v 0.799496 -0.375417 0.000000
v 0.900154 -0.067665 -0.028028
v 0.900423 -0.000000 0.000000
v 0.900154 -0.071833 -0.014289
v 0.899359 -0.132730 -0.054979
v 0.900154 -0.067665 -0.028028
v 0.900154 -0.071833 -0.014289
v 0.899359 -0.140906 -0.028028
v 0.898066 -0.192694 -0.079817
v 0.899359 -0.132730 -0.054979
v 0.899359 -0.140906 -0.028028
v 0.898066 -0.204563 -0.040690
v 0.898066 -0.204563 -0.040690
v 0.896326 -0.285900 -0.056869
v 0.900154 -0.071833 -0.014289
v 0.900423 -0.000000 0.000000
v 0.900154 -0.073240 -0.000000
v 0.899359 -0.140906 -0.028028
v 0.900154 -0.071833 -0.014289
v 0.900154 -0.073240 -0.000000
v 0.899359 -0.143666 -0.000000
v 0.898066 -0.204563 -0.040690
v 0.899359 -0.140906 -0.028028
v 0.899359 -0.143666 -0.000000
v 0.898066 -0.208571 -0.000000
v 0.898066 -0.208571 -0.000000
v 0.896326 -0.291501 0.000000
v 0.799496 -0.368204 0.073240
v 0.874001 -0.368204 0.073240
v 0.799496 -0.346840 0.143666
v 0.874001 -0.346841 0.143666
v 0.900154 -0.073240 -0.000000
v 0.900423 -0.000000 0.000000
v 0.900154 -0.071833 0.014289
v 0.899359 -0.143666 -0.000000
v 0.900154 -0.073240 -0.000000
v 0.900154 -0.071833 0.014289
v 0.899359 -0.140906 0.028028
v 0.898066 -0.208571 -0.000000
v 0.899359 -0.143666 -0.000000
v 0.899359 -0.140906 0.028028
v 0.898066 -0.204563 0.040690
v 0.898066 -0.204563 0.040690
v 0.896326 -0.285900 0.056869
v 0.899359 -0.140906 0.028028
v 0.900154 -0.071833 0.014289
v 0.900154 -0.067665 0.028028
v 0.899359 -0.132730 0.054979
v 0.898066 -0.204563 0.040690
v 0.899359 -0.140906 0.028028
v 0.899359 -0.132730 0.054979
v 0.898066 -0.192694 0.079817
v 0.898066 -0.192694 0.079817
v 0.896326 -0.269312 0.111553
v 0.874001 -0.312148 0.208571
v 0.799496 -0.312148 0.208571
v 0.900154 -0.071833 0.014289
v 0.900423 -0.000000 0.000000
v 0.900154 -0.067665 0.028028
v 0.900154 -0.067665 0.028028
v 0.900423 -0.000000 0.000000
v 0.900154 -0.060897 0.040690
v 0.899359 -0.132730 0.054979
v 0.900154 -0.067665 0.028028
v 0.900154 -0.060897 0.040690
v 0.899359 -0.119454 0.079817
v 0.898066 -0.192694 0.079817
v 0.899359 -0.132730 0.054979
v 0.899359 -0.119454 0.079817
v 0.898066 -0.173420 0.115876
v 0.898066 -0.173420 0.115876
v 0.896326 -0.242374 0.161949
v 0.799496 -0.265460 0.265460
v 0.874001 -0.265460 0.265460
v 0.898066 -0.173420 0.115876
v 0.899359 -0.119454 0.079817
v 0.899359 -0.101587 0.101587
v 0.898066 -0.147482 0.147482
v 0.898066 -0.147482 0.147482
v 0.896326 -0.206122 0.206122
v 0.799496 -0.208571 0.312148
v 0.874001 -0.208571 0.312148
v 0.900154 -0.060897 0.040690
v 0.900423 -0.000000 0.000000
v 0.900154 -0.051789 0.051789
v 0.899359 -0.119454 0.079817
v 0.900154 -0.060897 0.040690
v 0.900154 -0.051789 0.051789
v 0.899359 -0.101587 0.101587
v 0.900154 -0.051789 0.051789
v 0.900423 -0.000000 0.000000
v 0.900154 -0.040690 0.060897
v 0.899359 -0.101587 0.101587
v 0.900154 -0.051789 0.051789
v 0.900154 -0.040690 0.060897
v 0.899359 -0.079817 0.119454
v 0.898066 -0.147482 0.147482
v 0.899359 -0.101587 0.101587
v 0.899359 -0.079817 0.119454
v 0.898066 -0.115876 0.173420
v 0.898066 -0.115876 0.173420
v 0.896326 -0.161949 0.242374
v 0.874001 -0.143666 0.346840
v 0.799496 -0.143666 0.346840
v 0.898066 -0.115876 0.173420
v 0.899359 -0.079817 0.119454
v 0.899359 -0.054979 0.132730
v 0.898066 -0.079817 0.192694
v 0.898066 -0.079817 0.192694
v 0.896326 -0.111552 0.269312
v 0.799496 -0.073240 0.368204
v 0.874001 -0.073240 0.368204
v 0.900154 -0.040690 0.060897
v 0.900423 -0.000000 0.000000
v 0.900154 -0.028028 0.067665
v 0.899359 -0.079817 0.119454
v 0.900154 -0.040690 0.060897
v 0.900154 -0.028028 0.067665
v 0.899359 -0.054979 0.132730
v 0.900154 -0.028028 0.067665
v 0.900423 -0.000000 0.000000
v 0.900154 -0.014289 0.071833
v 0.899359 -0.054979 0.132730
v 0.900154 -0.028028 0.067665
v 0.900154 -0.014289 0.071833
v 0.899359 -0.028028 0.140906
v 0.898066 -0.079817 0.192694
v 0.899359 -0.054979 0.132730
v 0.899359 -0.028028 0.140906
v 0.898066 -0.040690 0.204563
v 0.898066 -0.040690 0.204563
v 0.896326 -0.056869 0.285900
v 0.874001 0.000000 0.375417
v 0.799496 0.000000 0.375417
v 0.799496 0.312148 0.208571
v 0.799496 0.265460 0.265460
v 0.874001 0.265460 0.265460
v 0.874001 0.312148 0.208571
v 0.898066 0.000000 0.208571
v 0.896326 0.000000 0.291501
v 0.887897 -0.356035 -0.070820
v 0.887897 -0.335378 -0.138918
v 0.799496 0.073240 0.368204
v 0.874001 0.073240 0.368204
v 0.887897 0.201678 -0.301832
v 0.887897 0.256687 -0.256687
v 0.887897 0.335378 -0.138918
v 0.887897 0.356035 -0.070820
v 0.900154 -0.014289 0.071833
v 0.900423 -0.000000 0.000000
v 0.900154 0.000000 0.073240
v 0.896326 0.111553 0.269312
v 0.887897 0.138918 0.335377
v 0.887897 0.070820 0.356035
v 0.896326 0.056869 0.285900
v 0.899359 -0.028028 0.140906
v 0.900154 -0.014289 0.071833
v 0.900154 0.000000 0.073240
v 0.899359 0.000000 0.143666
v 0.898066 -0.040690 0.204563
v 0.899359 -0.028028 0.140906
v 0.899359 0.000000 0.143666
v 0.898066 0.000000 0.208571
v 0.887897 -0.301832 -0.201678
v 0.887897 -0.256687 -0.256687
v 0.900154 0.000000 0.073240
v 0.900423 -0.000000 0.000000
v 0.900154 0.014289 0.071833
v 0.896326 0.242374 0.161949
v 0.887897 0.301832 0.201677
v 0.887897 0.256687 0.256687
v 0.896326 0.206122 0.206122
v 0.887897 -0.000000 -0.363010
v 0.887897 0.070820 -0.356035
v 0.899359 0.000000 0.143666
v 0.900154 0.000000 0.073240
v 0.900154 0.014289 0.071833
v 0.899359 0.028028 0.140906
v 0.887897 -0.335377 0.138918
v 0.887897 -0.356035 0.070820
v 0.898066 0.000000 0.208571
v 0.899359 0.000000 0.143666
v 0.899359 0.028028 0.140906
v 0.898066 0.040690 0.204563
v 0.887897 0.301832 -0.201678
v 0.898066 0.040690 0.204563
v 0.887897 -0.070820 -0.356035
v 0.799496 0.143666 0.346840
v 0.874001 0.143666 0.346840
v 0.896326 0.161949 0.242374
v 0.887897 0.201678 0.301831
v 0.887897 -0.363010 0.000000
v 0.898066 0.079817 0.192694
v 0.887897 0.000000 0.363010
v 0.874001 0.208571 0.312148
v 0.799496 0.208571 0.312148
v 0.887897 -0.201678 -0.301832
v 0.887897 -0.138918 -0.335378
v 0.900154 0.014289 0.071833
v 0.900423 -0.000000 0.000000
v 0.900154 0.028028 0.067665
v 0.887897 -0.301832 0.201678
v 0.899359 0.028028 0.140906
v 0.900154 0.014289 0.071833
v 0.900154 0.028028 0.067665
v 0.899359 0.054979 0.132730
v 0.898066 0.040690 0.204563
v 0.899359 0.028028 0.140906
v 0.899359 0.054979 0.132730
v 0.898066 0.079817 0.192694
v 0.900154 0.028028 0.067665
v 0.900423 -0.000000 0.000000
v 0.900154 0.040690 0.060897
v 0.887897 -0.138918 0.335377
v 0.887897 -0.201677 0.301832
v 0.799496 0.375418 -0.000000
v 0.799496 0.368204 0.073240
v 0.874001 0.368204 0.073240
v 0.874001 0.375418 -0.000000
v 0.899359 0.054979 0.132730
v 0.900154 0.028028 0.067665
v 0.900154 0.040690 0.060897
v 0.899359 0.079817 0.119454
v 0.887897 -0.256687 0.256687
v 0.898066 0.079817 0.192694
v 0.899359 0.054979 0.132730
v 0.899359 0.079817 0.119454
v 0.898066 0.115876 0.173420
v 0.887897 0.138918 -0.335378
v 0.898066 0.115876 0.173420
v 0.896326 0.269312 0.111552
v 0.887897 0.335377 0.138918
v 0.900154 0.040690 0.060897
v 0.900423 -0.000000 0.000000
v 0.900154 0.051789 0.051789
v 0.899359 0.079817 0.119454
v 0.900154 0.040690 0.060897
v 0.900154 0.051789 0.051789
v 0.899359 0.101587 0.101587
v 0.898066 0.115876 0.173420
v 0.899359 0.079817 0.119454
v 0.899359 0.101587 0.101587
v 0.898066 0.147482 0.147482
v 0.898066 0.147482 0.147482
v 0.899359 0.101587 0.101587
v 0.900154 0.051789 0.051789
v 0.900154 0.060897 0.040690
v 0.899359 0.119454 0.079817
v 0.898066 0.147482 0.147482
v 0.899359 0.101587 0.101587
v 0.899359 0.119454 0.079817
v 0.898066 0.173420 0.115876
v 0.898066 0.173420 0.115876
v 0.874001 0.346840 0.143666
v 0.799496 0.346840 0.143666
v 0.900154 0.051789 0.051789
v 0.900423 -0.000000 0.000000
v 0.900154 0.060897 0.040690
v 0.900154 0.060897 0.040690
v 0.900423 -0.000000 0.000000
v 0.900154 0.067665 0.028028
v 0.896326 0.285900 0.056869
v 0.887897 0.356035 0.070820
v 0.899359 0.119454 0.079817
v 0.900154 0.060897 0.040690
v 0.900154 0.067665 0.028028
v 0.899359 0.132730 0.054979
v 0.898066 0.173420 0.115876
v 0.899359 0.119454 0.079817
v 0.899359 0.132730 0.054979
v 0.898066 0.192694 0.079817
v 0.898066 0.192694 0.079817
v 0.899359 0.132730 0.054979
v 0.900154 0.067665 0.028028
v 0.900154 0.071833 0.014288
v 0.899359 0.140906 0.028028
v 0.898066 0.192694 0.079817
v 0.899359 0.132730 0.054979
v 0.899359 0.140906 0.028028
v 0.898066 0.204563 0.040690
v 0.898066 0.204563 0.040690
v 0.887897 0.363010 -0.000000
v 0.900154 0.067665 0.028028
v 0.900423 -0.000000 0.000000
v 0.900154 0.071833 0.014288
v 0.887897 -0.070820 0.356035
v 0.900154 0.071833 0.014288
v 0.900423 -0.000000 0.000000
v 0.900154 0.073240 -0.000000
v 0.899359 0.140906 0.028028
v 0.900154 0.071833 0.014288
v 0.900154 0.073240 -0.000000
v 0.899359 0.143666 -0.000000
v 0.898066 0.204563 0.040690
v 0.899359 0.140906 0.028028
v 0.899359 0.143666 -0.000000
v 0.898066 0.208571 -0.000000
vn 1.0000 0.0037 -0.0004
vn 0.9999 0.0113 -0.0011
vn 0.9998 0.0199 -0.0020
vn 0.9974 0.0707 -0.0141
vn 0.9974 0.0721 -0.0000
vn 0.9998 0.0204 -0.0000
vn 0.9998 0.0201 -0.0040
vn 0.3492 0.8657 -0.3586
vn -0.0000 0.9239 -0.3827
vn -0.0000 0.9808 -0.1951
vn 0.3492 0.9190 -0.1828
vn 0.3492 0.7791 -0.5206
vn -0.0000 0.8315 -0.5556
vn 1.0000 0.0035 -0.0011
vn 0.9999 0.0109 -0.0033
vn 0.9998 0.0192 -0.0058
vn 0.9974 0.0666 -0.0276
vn 0.9998 0.0189 -0.0078
vn 1.0000 0.0033 -0.0017
vn 0.9999 0.0100 -0.0053
vn 0.9999 0.0100 -0.0054
vn 0.9998 0.0177 -0.0094
vn 0.9974 0.0599 -0.0401
vn 0.9998 0.0172 -0.0115
vn 0.3492 0.6626 -0.6626
vn -0.0000 0.7071 -0.7071
vn 0.3492 0.5206 -0.7791
vn -0.0000 0.5556 -0.8315
vn 1.0000 0.0029 -0.0023
vn 0.9999 0.0088 -0.0072
vn 0.9998 0.0155 -0.0127
vn 0.9974 0.0510 -0.0510
vn 0.9998 0.0148 -0.0148
vn 0.9999 0.0072 -0.0088
vn 0.9998 0.0127 -0.0155
vn 0.9974 0.0401 -0.0599
vn 0.9998 0.0113 -0.0170
vn 0.3492 0.3586 -0.8657
vn -0.0000 0.3827 -0.9239
vn 1.0000 0.0023 -0.0028
vn 1.0000 0.0017 -0.0033
vn 0.9999 0.0053 -0.0100
vn 0.9998 0.0094 -0.0177
vn 0.9998 0.0094 -0.0176
vn 0.9974 0.0276 -0.0666
vn 0.9998 0.0078 -0.0189
vn 0.3492 0.1828 -0.9190
vn -0.0000 0.1951 -0.9808
vn 0.9999 0.0033 -0.0109
vn 0.9998 0.0058 -0.0192
vn 0.9974 0.0141 -0.0707
vn 0.9998 0.0040 -0.0201
vn 0.3492 -0.0000 -0.9370
vn -0.0000 -0.0000 -1.0000
vn 1.0000 0.0011 -0.0035
vn 1.0000 0.0004 -0.0037
vn 0.9999 0.0011 -0.0113
vn 0.9998 0.0020 -0.0199
vn 0.9974 -0.0000 -0.0721
vn 0.9998 -0.0000 -0.0204
vn 0.3492 -0.1828 -0.9190
vn -0.0000 -0.1951 -0.9808
vn 0.9998 -0.0020 -0.0199
vn 0.9974 -0.0141 -0.0707
vn 0.9998 -0.0040 -0.0201
vn 0.3492 -0.3586 -0.8657
vn -0.0000 -0.3827 -0.9239
vn 1.0000 -0.0004 -0.0037
vn 0.9999 -0.0011 -0.0113
vn 1.0000 -0.0011 -0.0035
vn 0.9999 -0.0033 -0.0109
vn 0.9998 -0.0058 -0.0192
vn 0.9974 -0.0276 -0.0666
vn 0.9998 -0.0078 -0.0189
vn 0.3492 -0.5206 -0.7791
vn -0.0000 -0.5556 -0.8315
vn 0.9974 -0.0401 -0.0599
vn 0.9998 -0.0113 -0.0170
vn 0.3492 -0.6626 -0.6626
vn -0.0000 -0.7071 -0.7071
vn 1.0000 -0.0017 -0.0033
vn 0.9999 -0.0053 -0.0100
vn 0.9998 -0.0094 -0.0177
vn 0.9998 -0.0094 -0.0176
vn 1.0000 -0.0023 -0.0029
vn 0.9999 -0.0072 -0.0088
vn 0.9998 -0.0127 -0.0155
vn 0.9974 -0.0510 -0.0510
vn 0.9998 -0.0148 -0.0148
vn 0.3492 -0.7791 -0.5206
vn -0.0000 -0.8315 -0.5556
vn 0.9974 -0.0599 -0.0401
vn 0.9998 -0.0172 -0.0115
vn 0.3492 -0.8657 -0.3586
vn -0.0000 -0.9239 -0.3827
vn 1.0000 -0.0029 -0.0023
vn 0.9999 -0.0088 -0.0072
vn 0.9998 -0.0155 -0.0127
vn 1.0000 -0.0033 -0.0017
vn 0.9999 -0.0100 -0.0054
vn 0.9999 -0.0100 -0.0053
vn 0.9998 -0.0177 -0.0094
vn 0.9974 -0.0666 -0.0276
vn 0.9998 -0.0189 -0.0078
vn 0.3492 -0.9190 -0.1828
vn -0.0000 -0.9808 -0.1951
vn 0.3492 -0.9370 -0.0000
vn -0.0000 -1.0000 -0.0000
vn 1.0000 -0.0035 -0.0011
vn 0.9999 -0.0109 -0.0033
vn 0.9998 -0.0192 -0.0058
vn 0.9974 -0.0707 -0.0141
vn 0.9998 -0.0201 -0.0040
vn 1.0000 -0.0037 -0.0004
vn 0.9999 -0.0113 -0.0011
vn 0.9998 -0.0199 -0.0020
vn 0.9974 -0.0721 -0.0000
vn 0.9998 -0.0204 -0.0000
vn 0.3492 -0.9190 0.1828
vn -0.0000 -0.9808 0.1951
vn 0.3492 -0.8657 0.3586
vn -0.0000 -0.9239 0.3827
vn 1.0000 -0.0037 0.0004
vn 0.9999 -0.0113 0.0011
vn 0.9998 -0.0199 0.0020
vn 0.9974 -0.0707 0.0141
vn 0.9998 -0.0201 0.0040
vn 0.9999 -0.0109 0.0033
vn 0.9998 -0.0192 0.0058
vn 0.9974 -0.0666 0.0276
vn 0.9998 -0.0189 0.0078
vn 0.3492 -0.7791 0.5206
vn -0.0000 -0.8315 0.5556
vn 1.0000 -0.0035 0.0011
vn 1.0000 -0.0033 0.0017
vn 0.9999 -0.0100 0.0053
vn 0.9998 -0.0177 0.0094
vn 0.9974 -0.0599 0.0401
vn 0.9998 -0.0172 0.0115
vn 0.3492 -0.6626 0.6626
vn -0.0000 -0.7071 0.7071
vn 0.9998 -0.0155 0.0127
vn 0.9974 -0.0510 0.0510
vn 0.9998 -0.0148 0.0148
vn 0.3492 -0.5206 0.7791
vn -0.0000 -0.5556 0.8315
vn 1.0000 -0.0029 0.0023
vn 0.9999 -0.0088 0.0072
vn 1.0000 -0.0023 0.0029
vn 0.9999 -0.0072 0.0088
vn 0.9998 -0.0127 0.0155
vn 0.9974 -0.0401 0.0599
vn 0.9998 -0.0113 0.0170
vn 0.3492 -0.3586 0.8657
vn -0.0000 -0.3827 0.9239
vn 0.9998 -0.0094 0.0177
vn 0.9974 -0.0276 0.0666
vn 0.9998 -0.0078 0.0189
vn 0.3492 -0.1828 0.9190
vn -0.0000 -0.1951 0.9808
vn 1.0000 -0.0017 0.0033
vn 0.9999 -0.0053 0.0100
vn 1.0000 -0.0011 0.0035
vn 0.9999 -0.0033 0.0109
vn 0.9998 -0.0058 0.0192
vn 0.9974 -0.0141 0.0707
vn 0.9998 -0.0040 0.0202
vn 0.3492 -0.0000 0.9370
vn -0.0000 -0.0000 1.0000
vn 0.3492 0.7791 0.5206
vn -0.0000 0.8315 0.5556
vn -0.0000 0.7071 0.7071
vn 0.3492 0.6626 0.6626
vn 0.9974 -0.0000 0.0721
vn 0.9998 -0.0000 0.0206
vn 0.8781 -0.4693 -0.0934
vn 0.8781 -0.4421 -0.1831
vn 0.3492 0.1828 0.9190
vn -0.0000 0.1951 0.9808
vn 0.8781 0.2659 -0.3979
vn 0.8781 0.3384 -0.3384
vn 0.8781 0.4421 -0.1831
vn 0.8781 0.4693 -0.0934
vn 1.0000 -0.0004 0.0037
vn 0.9974 0.0141 0.0707
vn 0.9974 0.0276 0.0666
vn 0.8781 0.1831 0.4421
vn 0.8781 0.0934 0.4693
vn 0.9999 -0.0011 0.0113
vn 0.9998 -0.0020 0.0199
vn 0.8781 -0.3979 -0.2659
vn 0.8781 -0.3384 -0.3384
vn 1.0000 0.0004 0.0037
vn 0.9974 0.0510 0.0510
vn 0.9974 0.0599 0.0401
vn 0.8781 0.3979 0.2658
vn 0.8781 0.3384 0.3384
vn 0.8781 -0.0000 -0.4785
vn 0.8781 0.0934 -0.4693
vn 0.9999 0.0011 0.0113
vn 0.8781 -0.4421 0.1831
vn 0.8781 -0.4693 0.0934
vn 0.9998 0.0020 0.0199
vn 0.8781 0.3979 -0.2659
vn 0.9998 0.0040 0.0202
vn 0.8781 -0.0934 -0.4693
vn 0.3492 0.3586 0.8657
vn -0.0000 0.3827 0.9239
vn 0.9974 0.0401 0.0599
vn 0.8781 0.2658 0.3979
vn 0.8781 -0.4785 -0.0000
vn 0.9998 0.0078 0.0189
vn 0.8781 -0.0000 0.4785
vn 0.3492 0.5206 0.7791
vn -0.0000 0.5556 0.8315
vn 0.8781 -0.2659 -0.3979
vn 0.8781 -0.1831 -0.4421
vn 1.0000 0.0011 0.0035
vn 0.8781 -0.3979 0.2659
vn 0.9999 0.0033 0.0109
vn 0.9998 0.0058 0.0192
vn 1.0000 0.0017 0.0033
vn 0.8781 -0.1831 0.4421
vn 0.8781 -0.2658 0.3979
vn 0.3492 0.9370 -0.0000
vn -0.0000 1.0000 -0.0000
vn -0.0000 0.9808 0.1951
vn 0.3492 0.9190 0.1828
vn 0.9999 0.0053 0.0100
vn 0.8781 -0.3384 0.3384
vn 0.9998 0.0094 0.0177
vn 0.9998 0.0094 0.0176
vn 0.8781 0.1831 -0.4421
vn 0.9998 0.0113 0.0170
vn 0.9974 0.0666 0.0276
vn 0.8781 0.4421 0.1831
vn 1.0000 0.0023 0.0028
vn 0.9999 0.0072 0.0088
vn 0.9998 0.0127 0.0155
vn 0.9998 0.0148 0.0148
vn 0.9999 0.0088 0.0072
vn 0.9998 0.0155 0.0127
vn 0.9998 0.0172 0.0115
vn 0.3492 0.8657 0.3586
vn -0.0000 0.9239 0.3827
vn 1.0000 0.0029 0.0023
vn 1.0000 0.0033 0.0017
vn 0.9974 0.0707 0.0141
vn 0.8781 0.4693 0.0934
vn 0.9999 0.0100 0.0054
vn 0.9999 0.0100 0.0053
vn 0.9998 0.0177 0.0094
vn 0.9998 0.0189 0.0078
vn 0.9999 0.0109 0.0033
vn 0.9998 0.0192 0.0058
vn 0.9998 0.0201 0.0040
vn 0.8781 0.4785 -0.0000
vn 1.0000 0.0035 0.0011
vn 0.8781 -0.0934 0.4693
vn 1.0000 0.0037 0.0004
vn 0.9999 0.0113 0.0011
vn 0.9998 0.0199 0.0020
vt 0.057367 0.821570
vt 0.056412 0.829755
vt 0.058944 0.821912
vt 0.061373 0.814380
vt 0.058282 0.813709
vt 0.063606 0.807445
vt 0.059122 0.806474
vt 0.066452 0.798592
vt 0.060189 0.797237
vt 0.077308 0.792185
vt 0.081852 0.784047
vt 0.072533 0.779725
vt 0.069572 0.788911
vt 0.084153 0.797029
vt 0.090374 0.789711
vt 0.060425 0.822556
vt 0.064274 0.815639
vt 0.067815 0.809271
vt 0.072335 0.801139
vt 0.061752 0.823476
vt 0.066875 0.817440
vt 0.071588 0.811880
vt 0.077600 0.804786
vt 0.090054 0.802982
vt 0.097287 0.797229
vt 0.094594 0.810054
vt 0.102927 0.805603
vt 0.062875 0.824636
vt 0.069077 0.819712
vt 0.074783 0.815173
vt 0.082063 0.809375
vt 0.070795 0.822370
vt 0.063750 0.825994
vt 0.077277 0.819026
vt 0.085543 0.814749
vt 0.097665 0.817841
vt 0.106964 0.815125
vt 0.064344 0.827497
vt 0.071964 0.825314
vt 0.078977 0.823293
vt 0.087919 0.820703
vt 0.099326 0.826073
vt 0.108556 0.825277
vt 0.072537 0.828430
vt 0.064634 0.829087
vt 0.079816 0.827812
vt 0.089110 0.827005
vt 0.099232 0.834494
vt 0.108598 0.835365
vt 0.064609 0.830704
vt 0.072493 0.831601
vt 0.079760 0.832413
vt 0.089046 0.833426
vt 0.097546 0.842757
vt 0.106710 0.845433
vt 0.078808 0.836921
vt 0.071830 0.834706
vt 0.087733 0.839727
vt 0.094263 0.850585
vt 0.102862 0.855082
vt 0.064268 0.832286
vt 0.063625 0.833771
vt 0.070573 0.837624
vt 0.076990 0.841164
vt 0.085206 0.845669
vt 0.089457 0.857603
vt 0.097088 0.863962
vt 0.081554 0.851014
vt 0.074373 0.844974
vt 0.083419 0.863655
vt 0.089361 0.871108
vt 0.062703 0.835103
vt 0.068768 0.840242
vt 0.061539 0.836230
vt 0.066484 0.842458
vt 0.071057 0.848202
vt 0.076924 0.855545
vt 0.076223 0.868247
vt 0.080713 0.876953
vt 0.071484 0.859080
vt 0.067170 0.850718
vt 0.068332 0.871480
vt 0.070936 0.880548
vt 0.060176 0.837107
vt 0.063808 0.844185
vt 0.058668 0.837701
vt 0.060846 0.845355
vt 0.062861 0.852423
vt 0.065450 0.861480
vt 0.059899 0.872970
vt 0.060821 0.882610
vt 0.051365 0.872751
vt 0.050186 0.882692
vt 0.057073 0.837989
vt 0.057710 0.845921
vt 0.058301 0.853249
vt 0.059061 0.862633
vt 0.055452 0.837959
vt 0.054525 0.845862
vt 0.053666 0.853162
vt 0.052564 0.862504
vt 0.043014 0.870966
vt 0.039861 0.880123
vt 0.035169 0.867538
vt 0.030509 0.875747
vt 0.053868 0.837613
vt 0.051413 0.845180
vt 0.049140 0.852167
vt 0.046218 0.861110
vt 0.048496 0.843903
vt 0.052383 0.836965
vt 0.044900 0.850305
vt 0.040284 0.858497
vt 0.028285 0.862544
vt 0.021840 0.869961
vt 0.051054 0.836038
vt 0.045888 0.842081
vt 0.041112 0.847651
vt 0.034993 0.854765
vt 0.022421 0.856431
vt 0.014800 0.862201
vt 0.037918 0.844311
vt 0.043687 0.839785
vt 0.030530 0.850083
vt 0.017853 0.849274
vt 0.009513 0.853469
vt 0.049932 0.834870
vt 0.049060 0.833507
vt 0.041979 0.837105
vt 0.035442 0.840414
vt 0.027075 0.844632
vt 0.014896 0.841363
vt 0.005558 0.843953
vt 0.033777 0.836112
vt 0.040828 0.834145
vt 0.024762 0.838614
vt 0.013385 0.833044
vt 0.003992 0.833743
vt 0.048471 0.831999
vt 0.048187 0.830407
vt 0.040277 0.831019
vt 0.032983 0.831572
vt 0.023662 0.832267
vt 0.013709 0.824588
vt 0.003992 0.823358
vt 0.036909 0.791488
vt 0.032762 0.783334
vt 0.024176 0.788542
vt 0.029869 0.796029
vt 0.023832 0.825829
vt 0.033091 0.826969
vt 0.059745 0.870798
vt 0.067734 0.869379
vt 0.015514 0.816354
vt 0.006521 0.813236
vt 0.092689 0.811020
vt 0.088374 0.804316
vt 0.076254 0.794059
vt 0.068912 0.790932
vt 0.048220 0.828790
vt 0.025239 0.819556
vt 0.027839 0.813688
vt 0.020778 0.809702
vt 0.017552 0.817030
vt 0.040346 0.827848
vt 0.075238 0.866326
vt 0.082055 0.861944
vt 0.048567 0.827211
vt 0.036161 0.804028
vt 0.041547 0.800589
vt 0.037870 0.793400
vt 0.031183 0.797707
vt 0.097102 0.834257
vt 0.097184 0.826265
vt 0.041032 0.824754
vt 0.036260 0.865648
vt 0.043691 0.868898
vt 0.034094 0.822478
vt 0.082773 0.798643
vt 0.095491 0.842112
vt 0.018915 0.808622
vt 0.010829 0.804028
vt 0.031534 0.808453
vt 0.025442 0.803228
vt 0.051630 0.870602
vt 0.035950 0.818275
vt 0.015828 0.824856
vt 0.023844 0.801828
vt 0.016532 0.795483
vt 0.087801 0.856215
vt 0.092366 0.849540
vt 0.049215 0.825731
vt 0.029705 0.860927
vt 0.042307 0.821854
vt 0.050139 0.824406
vt 0.016965 0.840793
vt 0.019795 0.848314
vt 0.061374 0.787065
vt 0.062444 0.777767
vt 0.052143 0.777361
vt 0.052966 0.787037
vt 0.044120 0.819260
vt 0.024125 0.855105
vt 0.038585 0.814515
vt 0.095624 0.818433
vt 0.047498 0.798266
vt 0.045289 0.790537
vt 0.051303 0.823287
vt 0.046402 0.817070
vt 0.041898 0.811342
vt 0.049066 0.815365
vt 0.052662 0.822416
vt 0.045761 0.808875
vt 0.044727 0.788480
vt 0.042025 0.779461
vt 0.054165 0.821826
vt 0.053790 0.797140
vt 0.053135 0.789157
vt 0.052009 0.814212
vt 0.050028 0.807204
vt 0.055121 0.813652
vt 0.055753 0.821540
vt 0.054538 0.806393
vt 0.061123 0.789203
vt 0.015545 0.832880
s 0
usemtl DefaultMaterial
f 387/363/31 388/364/31 389/365/31
f 393/366/32 390/367/32 391/363/32
f 391/363/32 392/365/32 393/366/32
f 397/368/33 394/369/33 395/367/33
f 395/367/33 396/366/33 397/368/33
s 1
f 401/370/34 398/371/35 399/369/36
f 399/369/36 400/368/37 401/370/34
f 405/372/38 402/373/39 403/374/40
f 403/374/40 404/375/41 405/372/38
f 405/372/38 406/376/42 407/377/43
f 407/377/43 402/373/39 405/372/38
s 0
f 408/365/44 409/364/44 410/378/44
f 414/379/45 411/366/45 412/365/45
f 412/365/45 413/378/45 414/379/45
f 418/380/46 415/368/46 416/366/46
f 416/366/46 417/379/46 418/380/46
s 1
f 420/381/47 401/370/34 400/368/37
f 400/368/37 419/380/48 420/381/47
s 0
f 421/378/49 422/364/49 423/382/49
f 427/383/50 424/379/50 425/378/50
f 425/378/51 426/382/51 427/383/51
f 431/384/52 428/380/52 429/379/52
f 429/379/52 430/383/52 431/384/52
s 1
f 433/385/53 420/381/47 419/380/48
f 419/380/48 432/384/54 433/385/53
f 435/386/55 434/387/56 407/377/43
f 407/377/43 406/376/42 435/386/55
f 435/386/55 436/388/57 437/389/58
f 437/389/58 434/387/56 435/386/55
s 0
f 438/382/59 439/364/59 440/390/59
f 444/391/60 441/383/60 442/382/60
f 442/382/60 443/390/60 444/391/60
f 448/392/61 445/384/61 446/383/61
f 446/383/61 447/391/61 448/392/61
s 1
f 450/393/62 433/385/53 432/384/54
f 432/384/54 449/392/63 450/393/62
s 0
f 454/394/64 451/391/64 452/390/64
f 452/390/64 453/395/64 454/394/64
f 458/396/65 455/392/65 456/391/65
f 456/391/65 457/394/65 458/396/65
s 1
f 460/397/66 450/393/62 449/392/63
f 449/392/63 459/396/67 460/397/66
f 436/388/57 461/398/68 462/399/69
f 462/399/69 437/389/58 436/388/57
s 0
f 463/390/70 464/364/70 465/395/70
f 466/395/71 467/364/71 468/400/71
s 1
f 472/401/72 469/394/72 470/395/72
s 0
f 470/395/72 471/400/72 472/401/72
f 476/402/73 473/396/73 474/394/73
f 474/394/74 475/401/74 476/402/74
s 1
f 478/403/75 460/397/66 459/396/67
f 459/396/67 477/402/76 478/403/75
f 480/404/77 479/405/78 462/399/69
f 462/399/69 461/398/68 480/404/77
s 0
f 484/406/79 481/401/79 482/400/79
f 482/400/79 483/407/79 484/406/79
f 488/408/80 485/402/80 486/401/80
f 486/401/80 487/406/80 488/408/80
s 1
f 490/409/81 478/403/75 477/402/76
f 477/402/76 489/408/82 490/409/81
f 480/404/77 491/410/83 492/411/84
f 492/411/84 479/405/78 480/404/77
s 0
f 493/400/85 494/364/85 495/407/85
f 496/407/86 497/364/86 498/412/86
s 1
f 502/413/87 499/406/87 500/407/87
s 0
f 500/407/87 501/412/87 502/413/87
f 506/414/88 503/408/88 504/406/88
f 504/406/88 505/413/88 506/414/88
s 1
f 508/415/89 490/409/81 489/408/82
f 489/408/82 507/414/90 508/415/89
f 491/410/83 509/416/91 510/417/92
f 510/417/92 492/411/84 491/410/83
s 0
f 514/418/93 511/414/93 512/413/93
f 512/413/93 513/419/93 514/418/93
s 1
f 516/420/94 508/415/89 507/414/90
f 507/414/90 515/418/95 516/420/94
f 509/416/91 517/421/96 518/422/97
f 518/422/97 510/417/92 509/416/91
s 0
f 519/412/98 520/364/98 521/423/98
f 525/419/99 522/413/99 523/412/99
f 523/412/99 524/423/99 525/419/99
f 526/423/100 527/364/100 528/424/100
s 1
f 532/425/101 529/419/101 530/423/101
f 530/423/101 531/424/101 532/425/101
f 536/426/102 533/418/102 534/419/102
s 0
f 534/419/102 535/425/102 536/426/102
s 1
f 538/427/103 516/420/94 515/418/95
f 515/418/95 537/426/104 538/427/103
f 517/421/96 539/428/105 540/429/106
f 540/429/106 518/422/97 517/421/96
f 542/430/107 538/427/103 537/426/104
f 537/426/104 541/431/108 542/430/107
f 544/432/109 543/433/110 540/429/106
f 540/429/106 539/428/105 544/432/109
s 0
f 545/424/111 546/364/111 547/434/111
s 1
f 551/435/112 548/425/112 549/424/112
f 549/424/112 550/434/112 551/435/112
s 0
f 555/431/113 552/426/113 553/425/113
f 553/425/114 554/435/114 555/431/114
f 556/434/115 557/364/115 558/436/115
s 1
f 562/437/116 559/435/116 560/434/116
s 0
f 560/434/116 561/436/116 562/437/116
f 566/438/117 563/431/117 564/435/117
f 564/435/117 565/437/117 566/438/117
s 1
f 568/439/118 542/430/107 541/431/108
f 541/431/108 567/438/119 568/439/118
f 544/432/109 569/440/120 570/441/121
f 570/441/121 543/433/110 544/432/109
f 572/442/122 568/439/118 567/438/119
f 567/438/119 571/443/123 572/442/122
f 574/444/124 573/445/125 570/441/121
f 570/441/121 569/440/120 574/444/124
s 0
f 575/436/126 576/364/126 577/446/126
f 581/447/127 578/437/127 579/436/127
f 579/436/127 580/446/127 581/447/127
s 1
f 585/443/128 582/438/128 583/437/128
s 0
f 583/437/128 584/447/128 585/443/128
f 586/446/129 587/364/129 588/448/129
f 592/449/130 589/447/130 590/446/130
f 590/446/131 591/448/131 592/449/131
f 596/450/132 593/443/132 594/447/132
f 594/447/132 595/449/132 596/450/132
s 1
f 598/451/133 572/442/122 571/443/123
f 571/443/123 597/450/134 598/451/133
f 574/444/124 599/452/135 600/453/136
f 600/453/136 573/445/125 574/444/124
f 599/452/135 601/454/137 602/455/138
f 602/455/138 600/453/136 599/452/135
s 0
f 603/448/139 604/364/139 605/456/139
s 1
f 609/457/140 606/449/140 607/448/140
s 0
f 607/448/140 608/456/140 609/457/140
f 613/458/141 610/450/141 611/449/141
f 611/449/141 612/457/141 613/458/141
s 1
f 615/459/142 598/451/133 597/450/134
f 597/450/134 614/458/143 615/459/142
s 0
f 616/456/144 617/364/144 618/460/144
f 622/461/145 619/457/145 620/456/145
f 620/456/145 621/460/145 622/461/145
f 626/462/146 623/458/146 624/457/146
f 624/457/146 625/461/146 626/462/146
s 1
f 628/463/147 615/459/142 614/458/143
f 614/458/143 627/462/148 628/463/147
f 630/464/149 629/465/150 602/455/138
f 602/455/138 601/454/137 630/464/149
f 632/466/151 631/467/152 629/465/150
f 629/465/150 630/464/149 632/466/151
s 0
f 633/460/153 634/364/153 635/468/153
f 639/469/154 636/461/154 637/460/154
f 637/460/154 638/468/154 639/469/154
f 643/470/155 640/462/155 641/461/155
f 641/461/155 642/469/155 643/470/155
s 1
f 645/471/156 628/463/147 627/462/148
f 627/462/148 644/470/157 645/471/156
s 0
f 649/472/158 646/469/158 647/468/158
f 647/468/158 648/473/158 649/472/158
f 653/474/159 650/470/159 651/469/159
f 651/469/159 652/472/159 653/474/159
s 1
f 655/475/160 645/471/156 644/470/157
f 644/470/157 654/474/161 655/475/160
f 632/466/151 656/476/162 657/477/163
f 657/477/163 631/467/152 632/466/151
s 0
f 658/468/164 659/364/164 660/473/164
f 661/473/165 662/364/165 663/478/165
f 667/479/166 664/472/166 665/473/166
f 665/473/166 666/478/166 667/479/166
f 671/480/167 668/474/167 669/472/167
f 669/472/167 670/479/167 671/480/167
s 1
f 673/481/168 655/475/160 654/474/161
f 654/474/161 672/480/169 673/481/168
f 675/482/170 674/483/171 657/477/163
f 657/477/163 656/476/162 675/482/170
s 0
f 679/484/172 676/480/172 677/479/172
f 677/479/172 678/485/172 679/484/172
s 1
f 681/486/173 673/481/168 672/480/169
f 672/480/169 680/484/174 681/486/173
f 683/487/175 682/488/176 674/483/171
f 674/483/171 675/482/170 683/487/175
s 0
f 684/478/177 685/364/177 686/489/177
s 1
f 690/485/178 687/479/178 688/478/178
s 0
f 688/478/178 689/489/178 690/485/178
f 691/489/179 692/364/179 693/490/179
f 697/491/180 694/485/180 695/489/180
f 695/489/180 696/490/180 697/491/180
f 701/492/181 698/484/181 699/485/181
f 699/485/181 700/491/181 701/492/181
s 1
f 703/493/182 681/486/173 680/484/174
f 680/484/174 702/492/183 703/493/182
f 683/487/175 704/494/184 705/495/185
f 705/495/185 682/488/176 683/487/175
s 0
f 709/496/186 706/492/186 707/491/186
f 707/491/186 708/497/186 709/496/186
s 1
f 711/498/187 703/493/182 702/492/183
f 702/492/183 710/496/188 711/498/187
f 713/499/189 712/500/190 705/495/185
f 705/495/185 704/494/184 713/499/189
s 0
f 714/490/191 715/364/191 716/501/191
f 720/497/192 717/491/192 718/490/192
f 718/490/192 719/501/192 720/497/192
f 721/501/193 722/364/193 723/502/193
s 1
f 727/503/194 724/497/194 725/501/194
f 725/501/194 726/502/194 727/503/194
s 0
f 731/504/195 728/496/195 729/497/195
f 729/497/195 730/503/195 731/504/195
s 1
f 733/505/196 711/498/187 710/496/188
f 710/496/188 732/504/197 733/505/196
f 713/499/189 734/506/198 735/507/199
f 735/507/199 712/500/190 713/499/189
f 739/508/200 736/509/201 737/510/202
f 737/510/202 738/511/203 739/508/200
f 741/512/204 733/505/196 732/504/197
f 732/504/197 740/513/205 741/512/204
f 598/451/133 615/459/142 742/514/206
f 742/514/206 743/515/207 598/451/133
f 745/516/208 744/517/209 735/507/199
f 735/507/199 734/506/198 745/516/208
f 450/393/62 460/397/66 746/518/210
f 746/518/210 747/519/211 450/393/62
f 401/370/34 420/381/47 748/520/212
f 748/520/212 749/521/213 401/370/34
s 0
f 750/502/214 751/364/214 752/522/214
s 1
f 756/523/215 753/524/216 754/525/217
f 754/525/217 755/526/218 756/523/215
f 760/527/219 757/503/219 758/502/219
s 0
f 758/502/219 759/522/219 760/527/219
f 764/513/220 761/504/220 762/503/220
f 762/503/220 763/527/220 764/513/220
s 1
f 568/439/118 572/442/122 765/528/221
f 765/528/221 766/529/222 568/439/118
s 0
f 767/522/223 768/364/223 769/530/223
s 1
f 773/531/224 770/532/225 771/533/226
f 771/533/226 772/534/227 773/531/224
f 490/409/81 508/415/89 774/535/228
f 774/535/228 775/536/229 490/409/81
f 779/537/230 776/527/230 777/522/230
s 0
f 777/522/230 778/530/230 779/537/230
s 1
f 645/471/156 655/475/160 780/538/231
f 780/538/231 781/539/232 645/471/156
s 0
f 785/540/233 782/513/233 783/527/233
f 783/527/233 784/537/233 785/540/233
s 1
f 433/385/53 450/393/62 747/519/211
f 747/519/211 786/541/234 433/385/53
f 756/523/215 741/512/204 740/513/205
f 740/513/205 787/540/235 756/523/215
f 508/415/89 516/420/94 788/542/236
f 788/542/236 774/535/228 508/415/89
f 790/543/237 789/544/238 744/517/209
f 744/517/209 745/516/208 790/543/237
f 753/524/216 791/545/239 792/546/240
f 792/546/240 754/525/217 753/524/216
f 615/459/142 628/463/147 793/547/241
f 793/547/241 742/514/206 615/459/142
f 753/524/216 756/523/215 787/540/235
f 787/540/235 794/548/242 753/524/216
f 741/512/204 756/523/215 755/526/218
f 755/526/218 795/549/243 741/512/204
f 790/543/237 796/550/244 797/551/245
f 797/551/245 789/544/238 790/543/237
f 538/427/103 542/430/107 798/552/246
f 798/552/246 799/553/247 538/427/103
f 420/381/47 433/385/53 786/541/234
f 786/541/234 748/520/212 420/381/47
f 791/545/239 773/531/224 772/534/227
f 772/534/227 792/546/240 791/545/239
s 0
f 800/530/248 801/364/248 802/554/248
s 1
f 516/420/94 538/427/103 799/553/247
f 799/553/247 788/542/236 516/420/94
f 655/475/160 673/481/168 803/555/249
f 803/555/249 780/538/231 655/475/160
f 807/556/250 804/537/250 805/530/250
s 0
f 805/530/250 806/554/250 807/556/250
s 1
f 572/442/122 598/451/133 743/515/207
f 743/515/207 765/528/221 572/442/122
s 0
f 811/548/251 808/540/251 809/537/251
f 809/537/251 810/556/251 811/548/251
s 1
f 628/463/147 645/471/156 781/539/232
f 781/539/232 793/547/241 628/463/147
s 0
f 812/554/252 813/364/252 814/557/252
s 1
f 703/493/182 711/498/187 815/558/253
f 815/558/253 816/559/254 703/493/182
f 820/560/255 817/561/256 818/562/257
f 818/562/257 819/563/258 820/560/255
f 824/564/259 821/556/259 822/554/259
s 0
f 822/554/259 823/557/259 824/564/259
s 1
f 681/486/173 703/493/182 816/559/254
f 816/559/254 825/565/260 681/486/173
s 0
f 829/566/261 826/548/261 827/556/261
f 827/556/262 828/564/262 829/566/262
s 1
f 460/397/66 478/403/75 830/567/263
f 830/567/263 746/518/210 460/397/66
f 791/545/239 753/524/216 794/548/242
f 794/548/242 831/566/264 791/545/239
f 542/430/107 568/439/118 766/529/222
f 766/529/222 798/552/246 542/430/107
f 738/511/203 737/510/202 797/551/245
f 797/551/245 796/550/244 738/511/203
f 770/532/225 832/568/265 833/569/266
f 833/569/266 771/533/226 770/532/225
s 0
f 834/557/267 835/364/267 836/570/267
s 1
f 820/560/255 404/375/41 403/374/40
f 403/374/40 817/561/256 820/560/255
s 0
f 840/571/268 837/564/268 838/557/268
f 838/557/268 839/570/268 840/571/268
f 844/572/269 841/566/269 842/564/269
f 842/564/269 843/571/269 844/572/269
s 1
f 773/531/224 791/545/239 831/566/264
f 831/566/264 845/572/270 773/531/224
f 673/481/168 681/486/173 825/565/260
f 825/565/260 803/555/249 673/481/168
s 0
f 849/573/271 846/571/271 847/570/271
f 847/570/271 848/574/271 849/573/271
s 1
f 853/575/272 850/572/272 851/571/272
s 0
f 851/571/272 852/573/272 853/575/272
s 1
f 770/532/225 773/531/224 845/572/270
f 845/572/270 854/575/273 770/532/225
f 739/508/200 855/576/274 856/577/275
f 856/577/275 736/509/201 739/508/200
s 0
f 857/570/276 858/364/276 859/574/276
f 860/574/277 861/364/277 862/578/277
s 1
f 832/568/265 863/579/278 864/580/279
f 864/580/279 833/569/266 832/568/265
s 0
f 868/581/280 865/573/280 866/574/280
f 866/574/281 867/578/281 868/581/281
f 872/582/282 869/575/282 870/573/282
f 870/573/282 871/581/282 872/582/282
s 1
f 832/568/265 770/532/225 854/575/273
f 854/575/273 873/582/283 832/568/265
f 855/576/274 819/563/258 818/562/257
f 818/562/257 856/577/275 855/576/274
f 877/583/284 874/581/284 875/578/284
s 0
f 875/578/284 876/584/284 877/583/284
f 881/585/285 878/582/285 879/581/285
f 879/581/285 880/583/285 881/585/285
s 1
f 863/579/278 832/568/265 873/582/283
f 873/582/283 882/585/286 863/579/278
f 398/371/35 401/370/34 749/521/213
f 749/521/213 883/586/287 398/371/35
s 0
f 884/578/288 885/364/288 886/584/288
s 1
f 711/498/187 733/505/196 887/587/289
f 887/587/289 815/558/253 711/498/187
f 478/403/75 490/409/81 775/536/229
f 775/536/229 830/567/263 478/403/75
s 0
f 888/584/290 889/364/290 890/363/290
s 1
f 733/505/196 741/512/204 795/549/243
f 795/549/243 887/587/289 733/505/196
s 0
f 894/367/291 891/583/291 892/584/291
f 892/584/291 893/363/291 894/367/291
f 898/369/292 895/585/292 896/583/292
f 896/583/292 897/367/292 898/369/292
s 1
f 398/371/35 863/579/278 882/585/286
f 882/585/286 399/369/36 398/371/35
f 749/521/213 404/375/41 820/560/255
f 820/560/255 883/586/287 749/521/213
f 748/520/212 405/372/38 404/375/41
f 404/375/41 749/521/213 748/520/212
f 405/372/38 748/520/212 786/541/234
f 786/541/234 406/376/42 405/372/38
f 747/519/211 435/386/55 406/376/42
f 406/376/42 786/541/234 747/519/211
f 435/386/55 747/519/211 746/518/210
f 746/518/210 436/388/57 435/386/55
f 830/567/263 461/398/68 436/388/57
f 436/388/57 746/518/210 830/567/263
f 775/536/229 480/404/77 461/398/68
f 461/398/68 830/567/263 775/536/229
f 774/535/228 491/410/83 480/404/77
f 480/404/77 775/536/229 774/535/228
f 788/542/236 509/416/91 491/410/83
f 491/410/83 774/535/228 788/542/236
f 799/553/247 517/421/96 509/416/91
f 509/416/91 788/542/236 799/553/247
f 798/552/246 539/428/105 517/421/96
f 517/421/96 799/553/247 798/552/246
f 766/529/222 544/432/109 539/428/105
f 539/428/105 798/552/246 766/529/222
f 765/528/221 569/440/120 544/432/109
f 544/432/109 766/529/222 765/528/221
f 743/515/207 574/444/124 569/440/120
f 569/440/120 765/528/221 743/515/207
f 742/514/206 599/452/135 574/444/124
f 574/444/124 743/515/207 742/514/206
f 599/452/135 742/514/206 793/547/241
f 793/547/241 601/454/137 599/452/135
f 781/539/232 630/464/149 601/454/137
f 601/454/137 793/547/241 781/539/232
f 630/464/149 781/539/232 780/538/231
f 780/538/231 632/466/151 630/464/149
f 803/555/249 656/476/162 632/466/151
f 632/466/151 780/538/231 803/555/249
f 825/565/260 675/482/170 656/476/162
f 656/476/162 803/555/249 825/565/260
f 816/559/254 683/487/175 675/482/170
f 675/482/170 825/565/260 816/559/254
f 815/558/253 704/494/184 683/487/175
f 683/487/175 816/559/254 815/558/253
f 887/587/289 713/499/189 704/494/184
f 704/494/184 815/558/253 887/587/289
f 795/549/243 734/506/198 713/499/189
f 713/499/189 887/587/289 795/549/243
f 755/526/218 745/516/208 734/506/198
f 734/506/198 795/549/243 755/526/218
f 754/525/217 790/543/237 745/516/208
f 745/516/208 755/526/218 754/525/217
f 792/546/240 796/550/244 790/543/237
f 790/543/237 754/525/217 792/546/240
f 772/534/227 738/511/203 796/550/244
f 796/550/244 792/546/240 772/534/227
f 738/511/203 772/534/227 771/533/226
f 771/533/226 739/508/200 738/511/203
f 833/569/266 855/576/274 739/508/200
f 739/508/200 771/533/226 833/569/266
f 864/580/279 819/563/258 855/576/274
f 855/576/274 833/569/266 864/580/279
f 883/586/287 820/560/255 819/563/258
f 819/563/258 864/580/279 883/586/287
f 863/579/278 398/371/35 883/586/287
f 883/586/287 864/580/279 863/579/278
o defaultMaterial.002
v 0.940315 0.994641 0.934958
v 0.715047 0.994641 0.451657
v 0.699525 0.994641 0.479057
v 0.290757 0.835485 0.571723
v 0.426787 0.994641 0.727482
v 0.451655 0.994641 0.715048
v 0.302446 0.835023 0.565839
v 0.999999 0.451658 0.715048
v 0.999999 0.934958 0.934958
v 0.999999 0.427730 0.934958
v 0.999999 0.426790 0.727482
v 0.574419 0.285399 0.835485
v 0.727481 0.426789 0.994641
v 0.715047 0.451657 0.994641
v 0.565838 0.302448 0.835196
v 0.453677 0.453679 0.833887
v 0.602886 0.602888 0.994641
v 0.580079 0.624602 0.994641
v 0.430870 0.475393 0.833932
v 0.565838 0.834830 0.302448
v 0.715047 0.994641 0.451657
v 0.727481 0.994641 0.426788
v 0.574419 0.835485 0.285399
v 0.550316 0.833913 0.329848
v 0.699525 0.994641 0.479057
v 0.533468 0.833162 0.356453
v 0.682677 0.994641 0.505662
v 0.515335 0.832581 0.382200
v 0.664544 0.994641 0.531409
v 0.495961 0.832169 0.407026
v 0.645170 0.994641 0.556235
v 0.475392 0.831928 0.430871
v 0.624601 0.994641 0.580080
v 0.453677 0.831858 0.453679
v 0.602886 0.994641 0.602888
v 0.430870 0.831960 0.475393
v 0.580079 0.994641 0.624602
v 0.407025 0.832234 0.495962
v 0.556234 0.994641 0.645171
v 0.382199 0.832678 0.515337
v 0.531408 0.994641 0.664545
v 0.356452 0.833292 0.533469
v 0.505661 0.994641 0.682678
v 0.329847 0.834074 0.550317
v 0.479055 0.994641 0.699526
v 0.999999 0.479058 0.699525
v 0.999999 0.451658 0.715048
v 0.839796 0.302449 0.565839
v 0.838326 0.329849 0.550316
v 0.839796 0.565840 0.302446
v 0.840843 0.574421 0.285399
v 0.999999 0.727484 0.426787
v 0.999999 0.715049 0.451655
v 0.426692 0.934958 0.994641
v 0.426080 0.994641 0.934958
v 0.290757 0.835485 0.835485
v 0.999999 0.427730 0.934958
v 0.940315 0.427461 0.993694
v 0.840843 0.285399 0.835485
v 0.999999 0.934958 0.934958
v 0.940315 0.994641 0.934958
v 0.940315 0.934958 0.994641
v 0.840843 0.835485 0.285399
v 0.940315 0.994641 0.426643
v 0.999999 0.934958 0.428508
v 0.426787 0.727482 0.994641
v 0.426692 0.934958 0.994641
v 0.290757 0.835485 0.835485
v 0.290757 0.571723 0.835485
v 0.426080 0.994641 0.934958
v 0.426787 0.994641 0.727482
v 0.290757 0.835485 0.571723
v 0.290757 0.835485 0.835485
v 0.999999 0.427730 0.934958
v 0.999999 0.934958 0.934958
v 0.940315 0.934958 0.994641
v 0.940315 0.427461 0.993694
v 0.940315 0.994641 0.934958
v 0.426080 0.994641 0.934958
v 0.426692 0.934958 0.994641
v 0.940315 0.934958 0.994641
v 0.574419 0.285399 0.835485
v 0.840843 0.285399 0.835485
v 0.940315 0.427461 0.993694
v 0.727481 0.426789 0.994641
v 0.840843 0.835485 0.285399
v 0.574419 0.835485 0.285399
v 0.727481 0.994641 0.426788
v 0.940315 0.994641 0.426643
v 0.999999 0.934958 0.934958
v 0.999999 0.934958 0.428508
v 0.940315 0.994641 0.426643
v 0.940315 0.994641 0.934958
v 0.999999 0.426790 0.727482
v 0.999999 0.427730 0.934958
v 0.840843 0.285399 0.835485
v 0.840843 0.285399 0.574421
v 0.840843 0.574421 0.285399
v 0.840843 0.835485 0.285399
v 0.999999 0.934958 0.428508
v 0.999999 0.727484 0.426787
v 0.940315 0.934958 0.994641
v 0.426692 0.934958 0.994641
v 0.426787 0.727482 0.994641
v 0.451655 0.715048 0.994641
v 0.999999 0.505664 0.682678
v 0.837120 0.356455 0.533469
v 0.999999 0.426790 0.727482
v 0.840843 0.285399 0.574421
v 0.999999 0.699528 0.479055
v 0.838327 0.550319 0.329846
v 0.999999 0.682680 0.505660
v 0.837120 0.533471 0.356451
v 0.999999 0.664547 0.531407
v 0.836178 0.515338 0.382198
v 0.999999 0.645173 0.556233
v 0.835504 0.495964 0.407024
v 0.999999 0.624604 0.580079
v 0.835099 0.475395 0.430870
v 0.999999 0.602889 0.602886
v 0.834963 0.453680 0.453677
v 0.999999 0.580082 0.624601
v 0.835099 0.430873 0.475392
v 0.999999 0.556237 0.645170
v 0.835504 0.407028 0.495961
v 0.999999 0.531411 0.664544
v 0.836178 0.382202 0.515336
v 0.479055 0.699526 0.994641
v 0.451655 0.715048 0.994641
v 0.302446 0.565839 0.835281
v 0.329847 0.550317 0.834863
v 0.505661 0.682679 0.994641
v 0.356452 0.533470 0.834518
v 0.531408 0.664546 0.994641
v 0.382199 0.515337 0.834248
v 0.556234 0.645171 0.994641
v 0.407025 0.495962 0.834052
v 0.624601 0.580081 0.994641
v 0.475392 0.430871 0.833917
v 0.645170 0.556235 0.994641
v 0.495961 0.407026 0.834023
v 0.664544 0.531409 0.994641
v 0.515335 0.382200 0.834205
v 0.682677 0.505662 0.994641
v 0.533468 0.356453 0.834461
v 0.699525 0.479057 0.994641
v 0.550316 0.329848 0.834792
v 0.426787 0.727482 0.994641
v 0.290757 0.571723 0.835485
v 0.999999 0.479058 0.699525
v 0.999999 0.505664 0.682678
v 0.999999 0.531411 0.664544
v 0.999999 0.556237 0.645170
v 0.999999 0.580082 0.624601
v 0.999999 0.602889 0.602886
v 0.999999 0.645173 0.556233
v 0.999999 0.624604 0.580079
v 0.999999 0.602889 0.602886
v 0.999999 0.664547 0.531407
v 0.999999 0.682680 0.505660
v 0.999999 0.727484 0.426787
v 0.999999 0.934958 0.428508
v 0.999999 0.715049 0.451655
v 0.999999 0.699528 0.479055
v 0.940315 0.427461 0.993694
v 0.940315 0.934958 0.994641
v 0.715047 0.451657 0.994641
v 0.727481 0.426789 0.994641
v 0.715047 0.451657 0.994641
v 0.940315 0.934958 0.994641
v 0.699525 0.479057 0.994641
v 0.682677 0.505662 0.994641
v 0.682677 0.505662 0.994641
v 0.664544 0.531409 0.994641
v 0.645170 0.556235 0.994641
v 0.940315 0.934958 0.994641
v 0.624601 0.580081 0.994641
v 0.624601 0.580081 0.994641
v 0.602886 0.602888 0.994641
v 0.580079 0.624602 0.994641
v 0.556234 0.645171 0.994641
v 0.531408 0.664546 0.994641
v 0.505661 0.682679 0.994641
v 0.479055 0.699526 0.994641
v 0.451655 0.715048 0.994641
v 0.940315 0.994641 0.426643
v 0.727481 0.994641 0.426788
v 0.715047 0.994641 0.451657
v 0.940315 0.994641 0.934958
v 0.940315 0.994641 0.934958
v 0.699525 0.994641 0.479057
v 0.682677 0.994641 0.505662
v 0.682677 0.994641 0.505662
v 0.664544 0.994641 0.531409
v 0.940315 0.994641 0.934958
v 0.664544 0.994641 0.531409
v 0.645170 0.994641 0.556235
v 0.645170 0.994641 0.556235
v 0.624601 0.994641 0.580080
v 0.602886 0.994641 0.602888
v 0.602886 0.994641 0.602888
v 0.580079 0.994641 0.624602
v 0.580079 0.994641 0.624602
v 0.556234 0.994641 0.645171
v 0.531408 0.994641 0.664545
v 0.505661 0.994641 0.682678
v 0.479055 0.994641 0.699526
v 0.451655 0.994641 0.715048
v 0.426080 0.994641 0.934958
v 0.426787 0.994641 0.727482
vn -0.0000 1.0000 -0.0000
vn -0.2821 0.7825 -0.5551
vn -0.5033 0.7840 -0.3633
vn -0.3996 0.8979 -0.1846
vn -0.1490 0.9458 -0.2884
vn 1.0000 -0.0000 -0.0000
vn -0.5514 -0.2860 0.7837
vn -0.3532 -0.5037 0.7884
vn -0.1824 -0.3932 0.9012
vn -0.2847 -0.1518 0.9465
vn -0.4060 -0.4503 0.7952
vn -0.4284 -0.4286 0.7955
vn -0.2229 -0.2230 0.9490
vn -0.2116 -0.2340 0.9489
vn -0.3585 0.7881 -0.5004
vn -0.5560 0.7820 -0.2815
vn -0.2888 0.9457 -0.1488
vn -0.1864 0.9011 -0.3914
vn -0.5374 0.7851 -0.3079
vn -0.2793 0.9464 -0.1623
vn -0.5178 0.7876 -0.3341
vn -0.2690 0.9470 -0.1755
vn -0.4974 0.7894 -0.3597
vn -0.2585 0.9475 -0.1884
vn -0.4762 0.7908 -0.3846
vn -0.2476 0.9478 -0.2010
vn -0.4543 0.7916 -0.4087
vn -0.2364 0.9480 -0.2131
vn -0.4316 0.7918 -0.4322
vn -0.2249 0.9481 -0.2250
vn -0.4083 0.7916 -0.4546
vn -0.2129 0.9480 -0.2365
vn -0.3842 0.7909 -0.4764
vn -0.2008 0.9478 -0.2477
vn -0.3593 0.7896 -0.4975
vn -0.1882 0.9475 -0.2585
vn -0.3337 0.7878 -0.5178
vn -0.1752 0.9471 -0.2690
vn -0.3073 0.7854 -0.5374
vn -0.1620 0.9465 -0.2792
vn 0.7826 -0.3041 -0.5432
vn 0.9457 -0.1605 -0.2825
vn 0.9452 -0.1464 -0.2917
vn 0.7803 -0.2768 -0.5609
vn 0.9452 -0.2917 -0.1464
vn 0.7803 -0.5609 -0.2768
vn 0.7891 -0.3619 -0.4963
vn 0.9014 -0.1869 -0.3907
vn -0.8032 0.4171 0.4253
vn 0.4329 -0.7889 0.4362
vn 0.5773 0.5774 0.5774
vn 0.4463 0.4216 -0.7894
vn -0.7602 -0.0002 0.6497
vn -0.7604 -0.0000 0.6495
vn -0.7606 0.6493 -0.0012
vn -0.7606 0.6493 -0.0011
vn -0.7606 0.6492 -0.0013
vn -0.7605 0.6493 -0.0011
vn 0.7042 -0.0007 0.7100
vn 0.7043 -0.0007 0.7099
vn -0.0000 0.7071 0.7071
vn 0.0026 -0.7467 0.6652
vn 0.0023 -0.7468 0.6651
vn 0.0025 -0.7467 0.6651
vn 0.0024 -0.7468 0.6651
vn -0.0000 0.6638 -0.7479
vn -0.0003 0.6641 -0.7476
vn 0.7071 0.7071 -0.0000
vn 0.6647 -0.7471 0.0015
vn 0.6648 -0.7470 0.0014
vn 0.6652 0.0028 -0.7467
vn 0.6652 0.0027 -0.7467
vn -0.0000 -0.0000 1.0000
vn 0.7845 -0.3321 -0.5237
vn 0.9462 -0.1747 -0.2724
vn 0.9014 -0.3905 -0.1873
vn 0.7888 -0.4964 -0.3624
vn 0.9457 -0.2825 -0.1605
vn 0.7826 -0.5432 -0.3041
vn 0.9462 -0.2724 -0.1747
vn 0.7845 -0.5237 -0.3321
vn 0.9466 -0.2618 -0.1884
vn 0.7860 -0.5032 -0.3593
vn 0.9468 -0.2507 -0.2017
vn 0.7870 -0.4816 -0.3856
vn 0.9470 -0.2391 -0.2146
vn 0.7876 -0.4590 -0.4110
vn 0.9470 -0.2271 -0.2271
vn 0.7878 -0.4356 -0.4354
vn 0.9470 -0.2146 -0.2391
vn 0.7876 -0.4110 -0.4591
vn 0.9468 -0.2017 -0.2507
vn 0.7870 -0.3856 -0.4816
vn 0.7860 -0.3593 -0.5032
vn 0.9466 -0.1884 -0.2618
vn -0.3110 -0.5320 0.7875
vn -0.1638 -0.2762 0.9471
vn -0.1512 -0.2860 0.9462
vn -0.2862 -0.5511 0.7838
vn -0.3358 -0.5123 0.7904
vn -0.1762 -0.2659 0.9478
vn -0.3599 -0.4921 0.7927
vn -0.1883 -0.2554 0.9483
vn -0.3833 -0.4714 0.7943
vn -0.2001 -0.2448 0.9487
vn -0.4503 -0.4062 0.7952
vn -0.2340 -0.2117 0.9489
vn -0.4714 -0.3834 0.7942
vn -0.2448 -0.2002 0.9487
vn -0.4921 -0.3600 0.7926
vn -0.2554 -0.1884 0.9483
vn -0.5123 -0.3360 0.7903
vn -0.2659 -0.1763 0.9477
vn -0.5320 -0.3113 0.7874
vn -0.2762 -0.1639 0.9470
vn -0.4009 -0.1831 0.8976
vn -0.5064 -0.3593 0.7839
vn 0.0040 -0.0017 1.0000
vn 0.0041 -0.0017 1.0000
vt 0.686452 0.551879
vt 0.660070 0.495278
vt 0.658252 0.498487
vt 0.269219 0.231907
vt 0.270712 0.232261
vt 0.272445 0.201749
vt 0.269296 0.200920
vt 0.021096 0.376753
vt 0.024185 0.375723
vt 0.045997 0.317489
vt 0.003992 0.359493
vt 0.804880 0.707984
vt 0.805410 0.705813
vt 0.774715 0.704959
vt 0.773906 0.708114
vt 0.802562 0.733624
vt 0.802479 0.729937
vt 0.771412 0.730052
vt 0.771498 0.733739
vt 0.223107 0.232261
vt 0.225286 0.231759
vt 0.225435 0.200759
vt 0.222280 0.201565
vt 0.228908 0.231057
vt 0.229043 0.199992
vt 0.232553 0.230483
vt 0.232677 0.199365
vt 0.236214 0.230038
vt 0.236333 0.198879
vt 0.239889 0.229724
vt 0.240005 0.198535
vt 0.243573 0.229540
vt 0.243687 0.198333
vt 0.247261 0.229486
vt 0.247375 0.198275
vt 0.250948 0.229564
vt 0.251062 0.198360
vt 0.254630 0.229773
vt 0.254743 0.198589
vt 0.258303 0.230112
vt 0.258412 0.198960
vt 0.261962 0.230582
vt 0.262065 0.199473
vt 0.265602 0.231180
vt 0.265694 0.200127
vt 0.726081 0.216706
vt 0.757213 0.216740
vt 0.756437 0.213135
vt 0.725409 0.213076
vt 0.756436 0.257000
vt 0.725409 0.257059
vt 0.724928 0.259245
vt 0.755622 0.260152
vt 0.963385 0.222334
vt 0.961624 0.232061
vt 0.988722 0.232061
vt 0.639131 0.093235
vt 0.629464 0.091580
vt 0.629464 0.119073
vt 0.992802 0.362107
vt 0.984241 0.357164
vt 0.984241 0.367049
vt 0.270003 0.055464
vt 0.295744 0.065167
vt 0.297644 0.055464
vt 0.876236 0.384919
vt 0.876236 0.354358
vt 0.856737 0.339860
vt 0.851452 0.366481
vt 0.908741 0.354029
vt 0.884275 0.342379
vt 0.884221 0.366677
vt 0.908741 0.384919
vt 0.943754 0.253141
vt 0.953561 0.253122
vt 0.953639 0.193719
vt 0.943754 0.193706
vt 0.975452 0.960268
vt 0.975452 0.950383
vt 0.915228 0.950383
vt 0.915300 0.960268
vt 0.901743 0.679356
vt 0.876811 0.661431
vt 0.876811 0.692633
vt 0.901713 0.704283
vt 0.871897 0.497470
vt 0.844862 0.492381
vt 0.826648 0.517715
vt 0.857355 0.517715
vt 0.416705 0.016878
vt 0.416705 0.026762
vt 0.476018 0.026762
vt 0.476236 0.016878
vt 0.886424 0.444252
vt 0.886424 0.413544
vt 0.866738 0.399300
vt 0.861600 0.426404
vt 0.113848 0.089642
vt 0.095922 0.114574
vt 0.126496 0.114574
vt 0.138146 0.089508
vt 0.685752 0.410492
vt 0.742981 0.384738
vt 0.682829 0.384738
vt 0.682839 0.409036
vt 0.726633 0.220355
vt 0.757851 0.220373
vt 0.755622 0.209982
vt 0.724928 0.210889
vt 0.757213 0.253394
vt 0.726081 0.253429
vt 0.757851 0.249762
vt 0.726633 0.249779
vt 0.758348 0.246107
vt 0.727062 0.246115
vt 0.758704 0.242437
vt 0.727370 0.242439
vt 0.758918 0.238755
vt 0.727554 0.238755
vt 0.758989 0.235067
vt 0.727616 0.235067
vt 0.758918 0.231380
vt 0.727554 0.231380
vt 0.758704 0.227698
vt 0.727370 0.227696
vt 0.727062 0.224020
vt 0.758348 0.224027
vt 0.804269 0.748265
vt 0.773272 0.748370
vt 0.774068 0.751971
vt 0.805036 0.751873
vt 0.803637 0.744631
vt 0.772615 0.744741
vt 0.803141 0.740977
vt 0.772100 0.741089
vt 0.802782 0.737306
vt 0.771727 0.737420
vt 0.802535 0.726250
vt 0.771471 0.726364
vt 0.802730 0.722567
vt 0.771673 0.722682
vt 0.803063 0.718894
vt 0.772019 0.719010
vt 0.803533 0.715236
vt 0.772507 0.715354
vt 0.804139 0.711598
vt 0.773137 0.711720
vt 0.774900 0.755119
vt 0.805410 0.753359
vt 0.027740 0.374739
vt 0.031338 0.373931
vt 0.034972 0.373301
vt 0.038632 0.372849
vt 0.042310 0.372578
vt 0.045997 0.372487
vt 0.053362 0.372849
vt 0.049684 0.372578
vt 0.057023 0.373301
vt 0.060656 0.373931
vt 0.067810 0.375723
vt 0.070899 0.376753
vt 0.087937 0.359428
vt 0.064255 0.374739
vt 0.718055 0.444252
vt 0.742981 0.444173
vt 0.716599 0.441339
vt 0.714781 0.438130
vt 0.712808 0.435014
vt 0.710684 0.431999
vt 0.708415 0.429092
vt 0.706006 0.426299
vt 0.703463 0.423628
vt 0.700792 0.421085
vt 0.697999 0.418676
vt 0.695092 0.416407
vt 0.692077 0.414283
vt 0.688961 0.412310
vt 0.686452 0.492348
vt 0.661526 0.492365
vt 0.656279 0.501602
vt 0.654156 0.504618
vt 0.651887 0.507525
vt 0.649478 0.510318
vt 0.646935 0.512989
vt 0.644264 0.515532
vt 0.641471 0.517941
vt 0.638563 0.520210
vt 0.635548 0.522334
vt 0.632432 0.524307
vt 0.629223 0.526124
vt 0.626311 0.527581
vt 0.626228 0.551879
s 0
usemtl DefaultMaterial
f 899/588/293 900/589/293 901/590/293
s 1
f 905/591/294 902/592/295 903/593/296
f 903/593/296 904/594/297 905/591/294
s 0
f 909/595/298 906/596/298 907/597/298
f 907/597/298 908/598/298 909/595/298
s 1
f 913/599/299 910/600/300 911/601/301
f 911/601/301 912/602/302 913/599/299
f 917/603/303 914/604/304 915/605/305
f 915/605/305 916/606/306 917/603/303
f 921/607/307 918/608/308 919/609/309
f 919/609/309 920/610/310 921/607/307
f 918/608/308 922/611/311 923/612/312
f 923/612/312 919/609/309 918/608/308
f 922/611/311 924/613/313 925/614/314
f 925/614/314 923/612/312 922/611/311
f 924/613/313 926/615/315 927/616/316
f 927/616/316 925/614/314 924/613/313
f 926/615/315 928/617/317 929/618/318
f 929/618/318 927/616/316 926/615/315
f 928/617/317 930/619/319 931/620/320
f 931/620/320 929/618/318 928/617/317
f 930/619/319 932/621/321 933/622/322
f 933/622/322 931/620/320 930/619/319
f 933/622/322 932/621/321 934/623/323
f 934/623/323 935/624/324 933/622/322
f 934/623/323 936/625/325 937/626/326
f 937/626/326 935/624/324 934/623/323
f 936/625/325 938/627/327 939/628/328
f 939/628/328 937/626/326 936/625/325
f 938/627/327 940/629/329 941/630/330
f 941/630/330 939/628/328 938/627/327
f 940/629/329 942/631/331 943/632/332
f 943/632/332 941/630/330 940/629/329
f 942/631/331 905/591/294 904/594/297
f 904/594/297 943/632/332 942/631/331
f 947/633/333 944/634/334 945/635/335
f 945/635/335 946/636/336 947/633/333
f 951/637/337 948/638/338 949/639/339
f 949/639/339 950/640/340 951/637/337
s 0
f 952/641/341 953/642/341 954/643/341
f 955/644/342 956/645/342 957/646/342
f 958/647/343 959/648/343 960/649/343
f 961/650/344 962/651/344 963/652/344
f 967/653/345 964/654/345 965/655/345
f 965/655/346 966/656/346 967/653/346
s 1
f 971/657/347 968/658/348 969/659/349
f 969/659/349 970/660/350 971/657/347
f 975/661/351 972/662/352 973/663/352
f 973/663/352 974/664/352 975/661/351
s 0
f 979/665/353 976/666/353 977/667/353
f 977/667/353 978/668/353 979/665/353
s 1
f 983/669/354 980/670/355 981/671/356
f 981/671/356 982/672/357 983/669/354
s 0
f 987/673/358 984/674/358 985/675/358
s 1
f 985/675/359 986/676/359 987/673/359
s 0
f 991/677/360 988/678/360 989/679/360
f 989/679/360 990/680/360 991/677/360
s 1
f 995/681/361 992/682/361 993/683/362
f 993/683/362 994/684/361 995/681/361
f 999/685/363 996/686/364 997/687/363
f 997/687/363 998/688/364 999/685/363
s 0
f 1003/689/365 1000/690/365 1001/691/365
f 1001/691/365 1002/692/365 1003/689/365
s 1
f 1005/693/366 1004/694/367 944/634/334
f 944/634/334 947/633/333 1005/693/366
f 946/636/336 945/635/335 1006/695/368
f 1006/695/368 1007/696/369 946/636/336
f 948/638/338 951/637/337 1008/697/370
f 1008/697/370 1009/698/371 948/638/338
f 1009/698/371 1008/697/370 1010/699/372
f 1010/699/372 1011/700/373 1009/698/371
f 1011/700/373 1010/699/372 1012/701/374
f 1012/701/374 1013/702/375 1011/700/373
f 1013/702/375 1012/701/374 1014/703/376
f 1014/703/376 1015/704/377 1013/702/375
f 1015/704/377 1014/703/376 1016/705/378
f 1016/705/378 1017/706/379 1015/704/377
f 1017/706/379 1016/705/378 1018/707/380
f 1018/707/380 1019/708/381 1017/706/379
f 1019/708/381 1018/707/380 1020/709/382
f 1020/709/382 1021/710/383 1019/708/381
f 1021/710/383 1020/709/382 1022/711/384
f 1022/711/384 1023/712/385 1021/710/383
f 1025/713/386 1024/714/387 1004/694/367
f 1004/694/367 1005/693/366 1025/713/386
f 1023/712/385 1022/711/384 1024/714/387
f 1024/714/387 1025/713/386 1023/712/385
f 1029/715/388 1026/716/389 1027/717/390
f 1027/717/390 1028/718/391 1029/715/388
f 1031/719/392 1030/720/393 1026/716/389
f 1026/716/389 1029/715/388 1031/719/392
f 1033/721/394 1032/722/395 1030/720/393
f 1030/720/393 1031/719/392 1033/721/394
f 1035/723/396 1034/724/397 1032/722/395
f 1032/722/395 1033/721/394 1035/723/396
f 917/603/303 916/606/306 1034/724/397
f 1034/724/397 1035/723/396 917/603/303
f 1037/725/398 1036/726/399 915/605/305
f 915/605/305 914/604/304 1037/725/398
f 1039/727/400 1038/728/401 1036/726/399
f 1036/726/399 1037/725/398 1039/727/400
f 1041/729/402 1040/730/403 1038/728/401
f 1038/728/401 1039/727/400 1041/729/402
f 1043/731/404 1042/732/405 1040/730/403
f 1040/730/403 1041/729/402 1043/731/404
f 1045/733/406 1044/734/407 1042/732/405
f 1042/732/405 1043/731/404 1045/733/406
f 913/599/299 912/602/302 1044/734/407
f 1044/734/407 1045/733/406 913/599/299
f 1028/718/391 1027/717/390 1046/735/408
f 1046/735/408 1047/736/409 1028/718/391
s 0
f 1048/737/298 907/597/298 906/596/298
f 1049/738/298 907/597/298 1048/737/298
f 1050/739/298 907/597/298 1049/738/298
f 1051/740/298 907/597/298 1050/739/298
f 1052/741/298 907/597/298 1051/740/298
f 907/597/298 1052/741/298 1053/742/298
f 1054/743/298 907/597/298 1055/744/298
f 1055/744/298 907/597/298 1056/742/298
f 1057/745/298 907/597/298 1054/743/298
f 907/597/298 1057/745/298 1058/746/298
f 1061/747/298 1059/748/298 1060/749/298
f 1060/749/298 907/597/298 1061/747/298
f 907/597/298 1058/746/298 1062/750/298
f 1061/747/298 907/597/298 1062/750/298
s 1
f 1066/751/410 1063/752/410 1064/690/411
f 1064/690/411 1065/753/410 1066/751/410
s 0
f 1067/753/365 1068/690/365 1069/754/365
f 1069/754/365 1068/690/365 1070/755/365
f 1071/755/365 1000/690/365 1072/756/365
f 1072/756/365 1000/690/365 1073/757/365
f 1073/757/365 1074/690/365 1075/758/365
f 1076/758/365 1000/690/365 1077/759/365
f 1077/759/365 1000/690/365 1078/760/365
f 1078/760/365 1000/690/365 1079/761/365
f 1079/761/365 1000/690/365 1080/762/365
f 1080/762/365 1000/690/365 1081/763/365
f 1081/763/365 1000/690/365 1082/764/365
f 1082/764/365 1000/690/365 1083/689/365
f 1087/588/293 1084/765/293 1085/766/293
f 1085/766/293 1086/589/293 1087/588/293
f 1088/588/293 1089/590/293 1090/767/293
f 1087/588/293 1091/767/293 1092/768/293
f 1093/588/293 1094/768/293 1095/769/293
f 1087/588/293 1096/769/293 1097/770/293
f 1087/588/293 1097/770/293 1098/771/293
f 1088/588/293 1099/771/293 1100/772/293
f 1087/588/293 1101/772/293 1102/773/293
f 1087/588/293 1102/773/293 1103/774/293
f 1087/588/293 1103/774/293 1104/775/293
f 1087/588/293 1104/775/293 1105/776/293
f 1087/588/293 1105/776/293 1106/777/293
f 1108/778/293 1107/779/293 1087/588/293
f 1087/588/293 1106/777/293 1108/778/293
o defaultMaterial.003
v 0.680310 0.676011 -0.223813
v 0.846950 0.676011 -0.223813
v 0.846950 0.613864 -0.186573
v 0.613971 0.613972 -0.186247
v 0.845673 0.622371 0.155894
v 0.846950 0.613864 0.186572
v 0.613971 0.613972 0.186247
v 0.622370 0.622371 0.155896
v 0.680310 0.676011 0.223813
v 0.680310 0.847602 0.223813
v 0.613971 0.847595 0.186247
v 0.613971 0.613972 0.186247
v 0.613971 0.847595 -0.186246
v 0.680310 0.847602 -0.223813
v 0.680310 0.676011 -0.223813
v 0.613971 0.613972 -0.186247
v 0.846950 0.613864 -0.186573
v 0.896687 0.671224 -0.172113
v 0.896687 0.684541 -0.140505
v 0.845673 0.622371 -0.155897
v 0.613971 0.613972 0.186247
v 0.613971 0.847595 0.186247
v 0.622370 0.847521 0.155896
v 0.622370 0.622371 0.155896
v 0.622370 0.847521 -0.155896
v 0.684541 0.897338 -0.140306
v 0.676142 0.897338 -0.167621
v 0.613971 0.847595 -0.186246
v 0.629270 0.847460 -0.125169
v 0.691440 0.897338 -0.112653
v 0.634654 0.847412 -0.094142
v 0.696824 0.897338 -0.084728
v 0.638509 0.847378 -0.062887
v 0.700679 0.897338 -0.056599
v 0.640825 0.847358 -0.031482
v 0.702996 0.897338 -0.028333
v 0.641598 0.847351 0.000000
v 0.703768 0.897338 0.000000
v 0.640825 0.847358 0.031482
v 0.702996 0.897338 0.028334
v 0.638509 0.847378 0.062888
v 0.700679 0.897338 0.056599
v 0.634654 0.847412 0.094142
v 0.696824 0.897338 0.084728
v 0.629270 0.847460 0.125170
v 0.691440 0.897338 0.112653
v 0.622370 0.847521 0.155896
v 0.684540 0.897338 0.140306
v 0.613971 0.847595 0.186247
v 0.676141 0.897338 0.167622
v 0.896687 0.715876 -0.223813
v 0.715153 0.897338 -0.223813
v 0.859384 0.897338 -0.223813
v 0.896687 0.860036 -0.223813
v 0.896687 0.691441 0.112810
v 0.896687 0.684542 0.140502
v 0.845673 0.622371 0.155894
v 0.844636 0.629271 0.125168
v 0.845673 0.622371 -0.155897
v 0.844637 0.629271 -0.125171
v 0.629270 0.629271 -0.125171
v 0.622370 0.622371 -0.155896
v 0.844637 0.629271 -0.125171
v 0.843828 0.634654 -0.094143
v 0.634654 0.634654 -0.094143
v 0.629270 0.629271 -0.125171
v 0.843828 0.634654 -0.094143
v 0.843249 0.638509 -0.062889
v 0.638509 0.638509 -0.062887
v 0.634654 0.634654 -0.094143
v 0.843249 0.638509 -0.062889
v 0.842901 0.640826 -0.031483
v 0.640825 0.640826 -0.031482
v 0.638509 0.638509 -0.062887
v 0.842901 0.640826 -0.031483
v 0.842785 0.641599 -0.000001
v 0.641598 0.641599 0.000000
v 0.640825 0.640826 -0.031482
v 0.842785 0.641599 -0.000001
v 0.842901 0.640826 0.031481
v 0.640825 0.640826 0.031482
v 0.641598 0.641599 0.000000
v 0.842901 0.640826 0.031481
v 0.843249 0.638510 0.062886
v 0.638509 0.638509 0.062888
v 0.640825 0.640826 0.031482
v 0.843249 0.638510 0.062886
v 0.843828 0.634655 0.094141
v 0.634654 0.634654 0.094142
v 0.638509 0.638509 0.062888
v 0.843828 0.634655 0.094141
v 0.844636 0.629271 0.125168
v 0.629270 0.629271 0.125170
v 0.634654 0.634654 0.094142
v 0.844636 0.629271 0.125168
v 0.845673 0.622371 0.155894
v 0.622370 0.622371 0.155896
v 0.629270 0.629271 0.125170
v 0.896687 0.715878 0.223813
v 0.896687 0.860036 0.223813
v 0.859384 0.897338 0.223813
v 0.715153 0.897338 0.223813
v 0.896687 0.860036 -0.000001
v 0.896687 0.860036 -0.223813
v 0.859384 0.897338 -0.223813
v 0.859384 0.897338 -0.000000
v 0.846950 0.613864 0.186572
v 0.846950 0.676011 0.223813
v 0.680310 0.676011 0.223813
v 0.613971 0.613972 0.186247
v 0.715153 0.897338 0.223813
v 0.676141 0.897338 0.167622
v 0.613971 0.847595 0.186247
v 0.680310 0.847602 0.223813
v 0.680310 0.847602 -0.223813
v 0.613971 0.847595 -0.186246
v 0.676142 0.897338 -0.167621
v 0.715153 0.897338 -0.223813
v 0.859384 0.897338 -0.223813
v 0.715153 0.897338 -0.223813
v 0.676142 0.897338 -0.167621
v 0.622370 0.622371 0.155896
v 0.622370 0.847521 0.155896
v 0.629270 0.847460 0.125170
v 0.629270 0.629271 0.125170
v 0.629270 0.629271 0.125170
v 0.629270 0.847460 0.125170
v 0.634654 0.847412 0.094142
v 0.634654 0.634654 0.094142
v 0.634654 0.634654 0.094142
v 0.634654 0.847412 0.094142
v 0.638509 0.847378 0.062888
v 0.638509 0.638509 0.062888
v 0.638509 0.638509 0.062888
v 0.638509 0.847378 0.062888
v 0.640825 0.847358 0.031482
v 0.640825 0.640826 0.031482
v 0.640825 0.640826 0.031482
v 0.640825 0.847358 0.031482
v 0.641598 0.847351 0.000000
v 0.641598 0.641599 0.000000
v 0.641598 0.641599 0.000000
v 0.641598 0.847351 0.000000
v 0.640825 0.847358 -0.031482
v 0.640825 0.640826 -0.031482
v 0.640825 0.640826 -0.031482
v 0.640825 0.847358 -0.031482
v 0.638509 0.847378 -0.062887
v 0.638509 0.638509 -0.062887
v 0.622370 0.622371 -0.155896
v 0.622370 0.847521 -0.155896
v 0.613971 0.847595 -0.186246
v 0.613971 0.613972 -0.186247
v 0.629270 0.629271 -0.125171
v 0.629270 0.847460 -0.125169
v 0.622370 0.847521 -0.155896
v 0.622370 0.622371 -0.155896
v 0.638509 0.638509 -0.062887
v 0.638509 0.847378 -0.062887
v 0.634654 0.847412 -0.094142
v 0.634654 0.634654 -0.094143
v 0.634654 0.634654 -0.094143
v 0.634654 0.847412 -0.094142
v 0.629270 0.847460 -0.125169
v 0.629270 0.629271 -0.125171
v 0.896687 0.671225 0.172111
v 0.896687 0.715878 0.223813
v 0.846950 0.676011 0.223813
v 0.846950 0.613864 0.186572
v 0.846950 0.613864 -0.186573
v 0.846950 0.676011 -0.223813
v 0.896687 0.715876 -0.223813
v 0.896687 0.671224 -0.172113
v 0.896687 0.860036 0.223813
v 0.896687 0.715878 0.223813
v 0.896687 0.671225 0.172111
v 0.896687 0.696825 0.084846
v 0.843828 0.634655 0.094141
v 0.896687 0.700680 0.056677
v 0.843249 0.638510 0.062886
v 0.896687 0.702996 0.028372
v 0.842901 0.640826 0.031481
v 0.896687 0.703769 -0.000001
v 0.842785 0.641599 -0.000001
v 0.896687 0.702996 -0.028375
v 0.842901 0.640826 -0.031483
v 0.896687 0.671225 0.172111
v 0.846950 0.613864 0.186572
v 0.613971 0.613972 -0.186247
v 0.846950 0.613864 -0.186573
v 0.845673 0.622371 -0.155897
v 0.622370 0.622371 -0.155896
v 0.896687 0.691441 -0.112812
v 0.844637 0.629271 -0.125171
v 0.896687 0.696825 -0.084848
v 0.843828 0.634654 -0.094143
v 0.896687 0.700680 -0.056680
v 0.843249 0.638509 -0.062889
v 0.680310 0.847602 -0.223813
v 0.846950 0.676011 -0.223813
v 0.680310 0.676011 -0.223813
v 0.680310 0.847602 -0.223813
v 0.846950 0.676011 -0.223813
v 0.680310 0.676011 0.223813
v 0.846950 0.676011 0.223813
v 0.680310 0.847602 0.223813
v 0.846950 0.676011 0.223813
v 0.680310 0.847602 0.223813
v 0.684541 0.897338 -0.140306
v 0.859384 0.897338 -0.223813
v 0.684541 0.897338 -0.140306
v 0.691440 0.897338 -0.112653
v 0.691440 0.897338 -0.112653
v 0.696824 0.897338 -0.084728
v 0.702996 0.897338 -0.028333
v 0.703768 0.897338 0.000000
v 0.859384 0.897338 -0.000000
v 0.700679 0.897338 -0.056599
v 0.715153 0.897338 0.223813
v 0.859384 0.897338 0.223813
v 0.684540 0.897338 0.140306
v 0.676141 0.897338 0.167622
v 0.684540 0.897338 0.140306
v 0.859384 0.897338 0.223813
v 0.691440 0.897338 0.112653
v 0.696824 0.897338 0.084728
v 0.703768 0.897338 0.000000
v 0.702996 0.897338 0.028334
v 0.859384 0.897338 -0.000000
v 0.896687 0.715876 -0.223813
v 0.896687 0.860036 -0.223813
v 0.896687 0.671224 -0.172113
v 0.896687 0.671224 -0.172113
v 0.896687 0.860036 -0.223813
v 0.896687 0.684541 -0.140505
v 0.896687 0.684541 -0.140505
v 0.896687 0.860036 -0.223813
v 0.896687 0.691441 -0.112812
v 0.896687 0.696825 -0.084848
v 0.896687 0.700680 -0.056680
v 0.896687 0.696825 -0.084848
v 0.896687 0.860036 -0.000001
v 0.896687 0.860036 0.223813
v 0.896687 0.671225 0.172111
v 0.896687 0.684542 0.140502
v 0.896687 0.860036 0.223813
v 0.896687 0.684542 0.140502
v 0.896687 0.691441 0.112810
v 0.896687 0.691441 0.112810
v 0.896687 0.696825 0.084846
v 0.896687 0.702996 0.028372
v 0.896687 0.703769 -0.000001
v 0.896687 0.700680 0.056677
v 0.896687 0.702996 -0.028375
v 0.896687 0.700680 -0.056680
v 0.896687 0.860036 -0.000001
v 0.896687 0.860036 0.223813
v 0.859384 0.897338 0.223813
v 0.896687 0.702996 -0.028375
v 0.702996 0.897338 -0.028333
v 0.859384 0.897338 -0.000000
v 0.700679 0.897338 0.056599
v 0.702996 0.897338 0.028334
v 0.700679 0.897338 0.056599
vn -0.0008 -0.5157 -0.8567
vn -0.0008 -0.5157 -0.8568
vn -0.0001 -0.9638 -0.2668
vn -0.0000 -0.9636 -0.2672
vn -0.4928 -0.0000 0.8702
vn -0.4928 -0.0000 -0.8702
vn 0.3945 -0.8844 0.2496
vn 0.3559 -0.8821 -0.3086
vn 0.8845 -0.4478 -0.1309
vn 0.9361 -0.3369 0.1005
vn -0.9638 -0.0000 -0.2667
vn -0.8746 0.3597 -0.3252
vn -0.8825 0.4110 0.2286
vn -0.3377 0.9372 0.0872
vn -0.4176 0.8998 -0.1266
vn -0.8891 0.4197 0.1828
vn -0.3339 0.9401 0.0685
vn -0.8941 0.4264 0.1371
vn -0.3309 0.9423 0.0506
vn -0.8977 0.4309 0.0914
vn -0.3289 0.9438 0.0334
vn -0.8999 0.4337 0.0456
vn -0.3276 0.9447 0.0166
vn -0.9007 0.4345 -0.0000
vn -0.3272 0.9450 -0.0000
vn -0.8999 0.4337 -0.0457
vn -0.3276 0.9447 -0.0166
vn -0.8977 0.4309 -0.0914
vn -0.3289 0.9438 -0.0334
vn -0.8941 0.4263 -0.1371
vn -0.3309 0.9423 -0.0506
vn -0.8890 0.4197 -0.1829
vn -0.3339 0.9401 -0.0685
vn -0.8825 0.4110 -0.2287
vn -0.3377 0.9372 -0.0872
vn -0.8746 0.3597 0.3252
vn -0.4176 0.8997 0.1266
vn -0.0000 -0.0000 -1.0000
vn 0.4084 -0.8929 -0.1898
vn 0.9359 -0.3438 -0.0761
vn 0.9361 -0.3370 -0.1005
vn 0.3945 -0.8844 -0.2496
vn -0.0000 -0.9757 0.2191
vn -0.0000 -0.9853 0.1709
vn -0.0000 -0.9925 0.1224
vn -0.0000 -0.9973 0.0736
vn -0.0000 -0.9997 0.0245
vn -0.0000 -0.9997 -0.0245
vn -0.0000 -0.9973 -0.0735
vn -0.0000 -0.9973 -0.0736
vn -0.0000 -0.9925 -0.1224
vn -0.0000 -0.9853 -0.1710
vn -0.0000 -0.9853 -0.1709
vn -0.0000 -0.9757 -0.2191
vn -0.0000 -0.0000 1.0000
vn 0.7071 0.7071 -0.0000
vn -0.0009 -0.5156 0.8568
vn -0.0008 -0.5157 0.8568
vn -0.5221 0.6190 0.5867
vn -0.5222 0.6190 0.5866
vn -0.5221 0.6191 0.5867
vn -0.5221 0.6190 -0.5866
vn -0.5222 0.6190 -0.5867
vn -0.5222 0.6191 -0.5866
vn -0.0000 1.0000 -0.0000
vn -0.9757 -0.0000 -0.2191
vn -0.9853 -0.0000 -0.1710
vn -0.9925 -0.0000 -0.1224
vn -0.9973 -0.0000 -0.0735
vn -0.9997 -0.0000 -0.0245
vn -0.9997 -0.0000 0.0245
vn -0.9997 -0.0000 0.0246
vn -0.9973 -0.0000 0.0735
vn -0.9638 -0.0000 0.2667
vn -0.9757 -0.0000 0.2191
vn -0.9925 -0.0000 0.1224
vn -0.9853 -0.0000 0.1710
vn 0.5934 -0.5151 0.6185
vn 0.5934 -0.5151 -0.6185
vn 1.0000 -0.0000 -0.0000
vn 0.4122 -0.8998 -0.1426
vn 0.9373 -0.3440 -0.0568
vn 0.4149 -0.9049 -0.0952
vn 0.9382 -0.3441 -0.0378
vn 0.4165 -0.9079 -0.0476
vn 0.9387 -0.3441 -0.0188
vn 0.4170 -0.9089 -0.0000
vn 0.9389 -0.3442 -0.0000
vn 0.4165 -0.9079 0.0476
vn 0.9387 -0.3442 0.0189
vn 0.8845 -0.4478 0.1309
vn 0.3558 -0.8821 0.3086
vn -0.0000 -0.9636 0.2672
vn -0.0001 -0.9638 0.2668
vn 0.9359 -0.3439 0.0761
vn 0.4084 -0.8929 0.1898
vn 0.9373 -0.3440 0.0568
vn 0.4122 -0.8998 0.1426
vn 0.4149 -0.9049 0.0952
vn 0.9382 -0.3441 0.0378
vt 0.743156 0.755119
vt 0.742835 0.743606
vt 0.728899 0.730281
vt 0.722950 0.736629
vt 0.791546 0.837992
vt 0.791546 0.811840
vt 0.787818 0.811691
vt 0.787858 0.838976
vt 0.755735 0.943653
vt 0.756056 0.932140
vt 0.741731 0.918401
vt 0.735463 0.925073
vt 0.763428 0.736539
vt 0.757160 0.729867
vt 0.853801 0.603551
vt 0.857474 0.604205
vt 0.855820 0.595307
vt 0.851977 0.594136
vt 0.682158 0.457987
vt 0.678470 0.457003
vt 0.678470 0.484363
vt 0.682158 0.484355
vt 0.768813 0.007169
vt 0.765203 0.007923
vt 0.763384 0.017254
vt 0.766644 0.016496
vt 0.761568 0.008544
vt 0.760105 0.017879
vt 0.757912 0.009030
vt 0.756811 0.018369
vt 0.754240 0.009379
vt 0.753504 0.018720
vt 0.750558 0.009589
vt 0.750190 0.018931
vt 0.746871 0.009659
vt 0.746871 0.019001
vt 0.743183 0.009589
vt 0.743552 0.018931
vt 0.739501 0.009379
vt 0.740237 0.018720
vt 0.735830 0.009030
vt 0.736931 0.018369
vt 0.732174 0.008544
vt 0.733636 0.017879
vt 0.728539 0.007923
vt 0.730358 0.017254
vt 0.724928 0.007169
vt 0.727098 0.016496
vt 0.740119 0.710749
vt 0.728074 0.722794
vt 0.758404 0.722800
vt 0.746353 0.710749
vt 0.820720 0.603021
vt 0.822178 0.593527
vt 0.818892 0.594136
vt 0.817069 0.603550
vt 0.828427 0.837992
vt 0.828427 0.811840
vt 0.824739 0.811962
vt 0.824739 0.837184
vt 0.821051 0.812056
vt 0.821051 0.836554
vt 0.817363 0.812124
vt 0.817363 0.836102
vt 0.813675 0.812165
vt 0.813675 0.835831
vt 0.809987 0.812179
vt 0.809986 0.835740
vt 0.806299 0.812165
vt 0.806298 0.835831
vt 0.802611 0.812124
vt 0.802610 0.836102
vt 0.798922 0.812056
vt 0.798922 0.836554
vt 0.795234 0.811962
vt 0.795234 0.837184
vt 0.740486 0.911334
vt 0.770816 0.911328
vt 0.758771 0.899283
vt 0.752538 0.899283
vt 0.967728 0.078781
vt 0.967728 0.084959
vt 0.993940 0.084959
vt 0.993940 0.078781
vt 0.775941 0.925162
vt 0.769992 0.918814
vt 0.975870 0.734481
vt 0.975870 0.727369
vt 0.968300 0.729991
vt 0.968530 0.739564
vt 0.986921 0.626401
vt 0.979811 0.626572
vt 0.974906 0.634032
vt 0.984482 0.634032
vt 0.568387 0.152410
vt 0.568387 0.135518
vt 0.561806 0.130949
vt 0.685846 0.458795
vt 0.685846 0.484348
vt 0.689534 0.459425
vt 0.689534 0.484342
vt 0.693222 0.459877
vt 0.693222 0.484338
vt 0.696910 0.460148
vt 0.696910 0.484336
vt 0.700598 0.460238
vt 0.700598 0.484335
vt 0.704286 0.460148
vt 0.704286 0.484336
vt 0.707974 0.459877
vt 0.707974 0.484338
vt 0.722727 0.457003
vt 0.719039 0.457987
vt 0.719039 0.484355
vt 0.722727 0.484363
vt 0.715351 0.458795
vt 0.715351 0.484348
vt 0.711663 0.459425
vt 0.711662 0.484342
vt 0.982268 0.935600
vt 0.991319 0.935600
vt 0.994313 0.928180
vt 0.986853 0.928460
vt 0.966515 0.159934
vt 0.961624 0.167549
vt 0.970109 0.167549
vt 0.974376 0.161424
vt 0.416706 0.138837
vt 0.416705 0.155719
vt 0.422761 0.160949
vt 0.824386 0.602607
vt 0.825479 0.593051
vt 0.828063 0.602311
vt 0.828792 0.592710
vt 0.831747 0.602132
vt 0.832111 0.592505
vt 0.835435 0.602073
vt 0.835435 0.592436
vt 0.839122 0.602132
vt 0.838758 0.592505
vt 0.815050 0.595307
vt 0.813395 0.604205
vt 0.832115 0.838976
vt 0.832155 0.811691
vt 0.848691 0.593527
vt 0.850149 0.603021
vt 0.845390 0.593051
vt 0.846483 0.602607
vt 0.842806 0.602311
vt 0.842078 0.592710
vt 0.558607 0.131933
vt 0.555369 0.132741
vt 0.552098 0.133372
vt 0.545494 0.134094
vt 0.542175 0.134185
vt 0.542175 0.152410
vt 0.548804 0.133823
vt 0.522545 0.130949
vt 0.515964 0.135518
vt 0.515964 0.152410
vt 0.525744 0.131933
vt 0.528982 0.132741
vt 0.532253 0.133372
vt 0.538857 0.134094
vt 0.469129 0.155720
vt 0.469129 0.138837
vt 0.463074 0.160949
vt 0.459372 0.159389
vt 0.456129 0.158581
vt 0.452854 0.157951
vt 0.442917 0.138837
vt 0.449555 0.157499
vt 0.426462 0.159389
vt 0.429706 0.158581
vt 0.432981 0.157951
vt 0.439594 0.157228
vt 0.442917 0.157138
vt 0.436280 0.157499
vt 0.446240 0.157228
vt 0.941516 0.078781
vt 0.941516 0.084959
vt 0.535547 0.133823
s 1
usemtl DefaultMaterial
f 1112/780/412 1109/781/413 1110/782/413
f 1110/782/413 1111/783/413 1112/780/412
s 0
f 1116/784/414 1113/785/414 1114/786/414
f 1114/786/415 1115/787/415 1116/784/415
f 1120/788/416 1117/789/416 1118/790/416
f 1118/790/416 1119/791/416 1120/788/416
f 1124/780/417 1121/792/417 1122/793/417
f 1122/793/417 1123/781/417 1124/780/417
s 1
f 1128/794/418 1125/795/419 1126/796/420
f 1126/796/420 1127/797/421 1128/794/418
s 0
f 1132/798/422 1129/799/422 1130/800/422
f 1130/800/422 1131/801/422 1132/798/422
s 1
f 1136/802/423 1133/803/424 1134/804/425
f 1134/804/425 1135/805/426 1136/802/423
f 1133/803/424 1137/806/427 1138/807/428
f 1138/807/428 1134/804/425 1133/803/424
f 1137/806/427 1139/808/429 1140/809/430
f 1140/809/430 1138/807/428 1137/806/427
f 1139/808/429 1141/810/431 1142/811/432
f 1142/811/432 1140/809/430 1139/808/429
f 1141/810/431 1143/812/433 1144/813/434
f 1144/813/434 1142/811/432 1141/810/431
f 1143/812/433 1145/814/435 1146/815/436
f 1146/815/436 1144/813/434 1143/812/433
f 1145/814/435 1147/816/437 1148/817/438
f 1148/817/438 1146/815/436 1145/814/435
f 1147/816/437 1149/818/439 1150/819/440
f 1150/819/440 1148/817/438 1147/816/437
f 1149/818/439 1151/820/441 1152/821/442
f 1152/821/442 1150/819/440 1149/818/439
f 1151/820/441 1153/822/443 1154/823/444
f 1154/823/444 1152/821/442 1151/820/441
f 1153/822/443 1155/824/445 1156/825/446
f 1156/825/446 1154/823/444 1153/822/443
f 1155/824/445 1157/826/447 1158/827/448
f 1158/827/448 1156/825/446 1155/824/445
s 0
f 1162/828/449 1159/829/449 1160/830/449
f 1160/830/449 1161/831/449 1162/828/449
s 1
f 1166/832/450 1163/833/451 1164/834/452
f 1164/834/452 1165/835/453 1166/832/450
s 0
f 1170/836/454 1167/837/454 1168/838/454
f 1168/838/454 1169/839/454 1170/836/454
f 1174/839/455 1171/838/455 1172/840/455
f 1172/840/455 1173/841/455 1174/839/455
f 1178/841/456 1175/840/456 1176/842/456
f 1176/842/456 1177/843/456 1178/841/456
f 1182/843/457 1179/842/457 1180/844/457
f 1180/844/457 1181/845/457 1182/843/457
f 1186/845/458 1183/844/458 1184/846/458
f 1184/846/458 1185/847/458 1186/845/458
f 1190/847/459 1187/846/459 1188/848/459
f 1188/848/459 1189/849/459 1190/847/459
f 1194/849/460 1191/848/460 1192/850/460
f 1192/850/461 1193/851/461 1194/849/461
f 1198/851/462 1195/850/462 1196/852/462
f 1196/852/462 1197/853/462 1198/851/462
f 1202/853/463 1199/852/463 1200/854/463
f 1200/854/464 1201/855/464 1202/853/464
f 1206/855/465 1203/854/465 1204/785/465
f 1204/785/465 1205/784/465 1206/855/465
f 1210/856/466 1207/857/466 1208/858/466
f 1208/858/466 1209/859/466 1210/856/466
f 1214/860/467 1211/861/467 1212/862/467
f 1212/862/467 1213/863/467 1214/860/467
s 1
f 1218/788/468 1215/864/469 1216/865/469
f 1216/865/469 1217/789/469 1218/788/468
f 1222/866/470 1219/867/471 1220/868/471
f 1220/868/471 1221/869/472 1222/866/470
f 1226/870/473 1223/871/474 1224/872/473
f 1224/872/473 1225/873/475 1226/870/473
s 0
f 1227/874/476 1228/875/476 1229/876/476
f 1233/877/477 1230/798/477 1231/801/477
f 1231/801/477 1232/878/477 1233/877/477
f 1237/879/478 1234/877/478 1235/878/478
f 1235/878/478 1236/880/478 1237/879/478
f 1241/881/479 1238/879/479 1239/880/479
f 1239/880/479 1240/882/479 1241/881/479
f 1245/883/480 1242/881/480 1243/882/480
f 1243/882/480 1244/884/480 1245/883/480
f 1249/885/481 1246/883/481 1247/884/481
f 1247/884/481 1248/886/481 1249/885/481
f 1253/887/482 1250/885/482 1251/886/482
f 1251/886/483 1252/888/483 1253/887/483
f 1257/889/484 1254/887/484 1255/888/484
f 1255/888/484 1256/890/484 1257/889/484
f 1261/891/485 1258/892/485 1259/893/485
f 1259/893/485 1260/894/485 1261/891/485
f 1265/892/486 1262/895/486 1263/896/486
f 1263/896/486 1264/893/486 1265/892/486
f 1269/897/487 1266/889/487 1267/890/487
f 1267/890/487 1268/898/487 1269/897/487
f 1273/895/488 1270/897/488 1271/898/488
f 1271/898/488 1272/896/488 1273/895/488
s 1
f 1277/899/489 1274/900/489 1275/901/489
f 1275/901/489 1276/902/489 1277/899/489
f 1281/903/490 1278/904/490 1279/905/490
f 1279/905/490 1280/906/490 1281/903/490
s 0
f 1282/907/491 1283/908/491 1284/909/491
s 1
f 1286/910/492 1285/911/493 1163/833/451
f 1163/833/451 1166/832/450 1286/910/492
f 1288/912/494 1287/913/495 1285/911/493
f 1285/911/493 1286/910/492 1288/912/494
f 1290/914/496 1289/915/497 1287/913/495
f 1287/913/495 1288/912/494 1290/914/496
f 1292/916/498 1291/917/499 1289/915/497
f 1289/915/497 1290/914/496 1292/916/498
f 1294/918/500 1293/919/501 1291/917/499
f 1291/917/499 1292/916/498 1294/918/500
f 1165/835/453 1164/834/452 1295/920/502
f 1295/920/502 1296/921/503 1165/835/453
s 0
f 1300/836/504 1297/922/504 1298/923/504
f 1298/923/505 1299/837/505 1300/836/505
s 1
f 1128/794/418 1127/797/421 1301/924/506
f 1301/924/506 1302/925/507 1128/794/418
f 1302/925/507 1301/924/506 1303/926/508
f 1303/926/508 1304/927/509 1302/925/507
f 1306/928/510 1305/929/511 1293/919/501
f 1293/919/501 1294/918/500 1306/928/510
f 1304/927/509 1303/926/508 1305/929/511
f 1305/929/511 1306/928/510 1304/927/509
s 0
f 1308/782/449 1307/793/449 1160/830/449
f 1160/830/449 1159/829/449 1308/782/449
f 1309/781/449 1310/793/449 1311/782/449
f 1312/789/466 1313/865/466 1314/790/466
f 1316/790/466 1315/865/466 1207/857/466
f 1207/857/466 1210/856/466 1316/790/466
f 1227/874/476 1229/876/476 1317/930/476
f 1318/874/476 1319/930/476 1320/931/476
f 1227/874/476 1321/931/476 1322/932/476
f 1323/933/476 1324/934/476 1325/935/476
f 1227/874/476 1322/932/476 1326/936/476
f 1326/936/476 1325/935/476 1227/874/476
f 1330/937/476 1327/938/476 1328/939/476
f 1328/939/476 1329/940/476 1330/937/476
f 1331/940/476 1332/939/476 1333/941/476
f 1333/941/476 1332/939/476 1334/942/476
f 1335/934/476 1336/943/476 1337/935/476
f 1338/944/491 1339/945/491 1340/946/491
f 1341/946/491 1342/945/491 1343/947/491
f 1344/947/491 1345/945/491 1346/948/491
f 1346/948/491 1345/945/491 1347/949/491
f 1350/950/491 1348/951/491 1349/949/491
f 1349/949/491 1345/945/491 1350/950/491
f 1351/907/491 1352/909/491 1353/952/491
f 1354/907/491 1355/952/491 1356/953/491
f 1351/907/491 1357/953/491 1358/954/491
f 1359/955/491 1360/956/491 1350/950/491
f 1361/957/491 1359/955/491 1350/950/491
f 1362/958/491 1363/951/491 1364/950/491
f 1366/959/467 1365/960/467 1211/861/467
f 1211/861/467 1214/860/467 1366/959/467
f 1360/956/491 1367/958/491 1350/950/491
f 1326/936/476 1368/933/476 1369/935/476
f 1351/907/491 1358/954/491 1361/957/491
f 1361/957/491 1350/950/491 1351/907/491
f 1370/961/476 1369/935/476 1371/943/476
f 1372/961/476 1334/942/476 1328/939/476
f 1328/939/476 1325/935/476 1372/961/476
o defaultMaterial.004
v 0.940315 0.994643 -0.934959
v 0.699525 0.994643 -0.479059
v 0.715047 0.994643 -0.451658
v 0.290757 0.835487 -0.571725
v 0.302446 0.835024 -0.565841
v 0.451655 0.994643 -0.715050
v 0.426787 0.994643 -0.727484
v 0.999999 0.451660 -0.715049
v 0.999999 0.426792 -0.727483
v 0.999999 0.427731 -0.934959
v 0.999999 0.934959 -0.934959
v 0.574419 0.285401 -0.835487
v 0.565838 0.302449 -0.835198
v 0.715047 0.451658 -0.994643
v 0.727481 0.426790 -0.994643
v 0.453677 0.453680 -0.833888
v 0.430870 0.475395 -0.833933
v 0.580079 0.624604 -0.994643
v 0.602886 0.602889 -0.994643
v 0.565838 0.834831 -0.302449
v 0.574419 0.835487 -0.285401
v 0.727481 0.994643 -0.426790
v 0.715047 0.994643 -0.451658
v 0.550316 0.833914 -0.329850
v 0.699525 0.994643 -0.479059
v 0.533468 0.833164 -0.356455
v 0.682677 0.994643 -0.505664
v 0.515335 0.832582 -0.382202
v 0.664544 0.994643 -0.531411
v 0.495961 0.832170 -0.407028
v 0.645170 0.994643 -0.556237
v 0.475392 0.831929 -0.430873
v 0.624601 0.994643 -0.580082
v 0.453677 0.831860 -0.453680
v 0.602886 0.994643 -0.602889
v 0.580079 0.994643 -0.624604
v 0.430870 0.831962 -0.475395
v 0.407025 0.832236 -0.495964
v 0.556234 0.994643 -0.645173
v 0.382199 0.832680 -0.515338
v 0.531408 0.994643 -0.664547
v 0.356452 0.833294 -0.533471
v 0.505661 0.994643 -0.682680
v 0.329847 0.834076 -0.550319
v 0.479055 0.994643 -0.699528
v 0.999999 0.479060 -0.699527
v 0.838326 0.329851 -0.550318
v 0.839796 0.302451 -0.565840
v 0.999999 0.451660 -0.715049
v 0.839796 0.565842 -0.302448
v 0.999999 0.715051 -0.451657
v 0.999999 0.727485 -0.426788
v 0.840843 0.574423 -0.285401
v 0.426692 0.934959 -0.994643
v 0.290757 0.835487 -0.835487
v 0.426080 0.994643 -0.934959
v 0.999999 0.427731 -0.934959
v 0.840843 0.285401 -0.835487
v 0.940315 0.427462 -0.993696
v 0.999999 0.934959 -0.934959
v 0.940315 0.934959 -0.994643
v 0.940315 0.994643 -0.934959
v 0.840843 0.835487 -0.285401
v 0.999999 0.934959 -0.428509
v 0.940315 0.994643 -0.426645
v 0.426787 0.727484 -0.994643
v 0.290757 0.571725 -0.835487
v 0.290757 0.835487 -0.835487
v 0.426692 0.934959 -0.994643
v 0.426080 0.994643 -0.934959
v 0.290757 0.835487 -0.835487
v 0.290757 0.835487 -0.571725
v 0.426787 0.994643 -0.727484
v 0.999999 0.427731 -0.934959
v 0.940315 0.427462 -0.993696
v 0.940315 0.934959 -0.994643
v 0.999999 0.934959 -0.934959
v 0.940315 0.994643 -0.934959
v 0.940315 0.934959 -0.994643
v 0.426692 0.934959 -0.994643
v 0.426080 0.994643 -0.934959
v 0.574419 0.285401 -0.835487
v 0.727481 0.426790 -0.994643
v 0.940315 0.427462 -0.993696
v 0.840843 0.285401 -0.835487
v 0.840843 0.835487 -0.285401
v 0.940315 0.994643 -0.426645
v 0.727481 0.994643 -0.426790
v 0.574419 0.835487 -0.285401
v 0.999999 0.934959 -0.934959
v 0.940315 0.994643 -0.934959
v 0.940315 0.994643 -0.426645
v 0.999999 0.934959 -0.428509
v 0.999999 0.426792 -0.727483
v 0.840843 0.285401 -0.574422
v 0.840843 0.285401 -0.835487
v 0.999999 0.427731 -0.934959
v 0.840843 0.574423 -0.285401
v 0.999999 0.727485 -0.426788
v 0.999999 0.934959 -0.428509
v 0.840843 0.835487 -0.285401
v 0.940315 0.934959 -0.994643
v 0.451655 0.715050 -0.994643
v 0.426787 0.727484 -0.994643
v 0.426692 0.934959 -0.994643
v 0.999999 0.505665 -0.682679
v 0.837120 0.356457 -0.533470
v 0.840843 0.285401 -0.574422
v 0.999999 0.426792 -0.727483
v 0.838327 0.550320 -0.329848
v 0.999999 0.699529 -0.479057
v 0.837120 0.533473 -0.356453
v 0.999999 0.682682 -0.505662
v 0.836178 0.515340 -0.382200
v 0.999999 0.664549 -0.531409
v 0.835504 0.495965 -0.407026
v 0.999999 0.645174 -0.556235
v 0.835099 0.475396 -0.430871
v 0.999999 0.624605 -0.580080
v 0.834963 0.453682 -0.453679
v 0.999999 0.602891 -0.602888
v 0.835099 0.430875 -0.475393
v 0.999999 0.580084 -0.624602
v 0.835504 0.407029 -0.495963
v 0.999999 0.556238 -0.645172
v 0.999999 0.531412 -0.664546
v 0.836178 0.382203 -0.515337
v 0.479055 0.699528 -0.994643
v 0.329847 0.550319 -0.834865
v 0.302446 0.565841 -0.835283
v 0.451655 0.715050 -0.994643
v 0.505661 0.682680 -0.994643
v 0.356452 0.533471 -0.834520
v 0.531408 0.664547 -0.994643
v 0.382199 0.515338 -0.834250
v 0.556234 0.645173 -0.994643
v 0.407025 0.495964 -0.834054
v 0.624601 0.580082 -0.994643
v 0.475392 0.430873 -0.833919
v 0.645170 0.556237 -0.994643
v 0.495961 0.407028 -0.834025
v 0.664544 0.531411 -0.994643
v 0.515335 0.382202 -0.834207
v 0.682677 0.505664 -0.994643
v 0.533468 0.356455 -0.834463
v 0.699525 0.479058 -0.994643
v 0.550316 0.329849 -0.834794
v 0.290757 0.571725 -0.835487
v 0.426787 0.727484 -0.994643
v 0.999999 0.479060 -0.699527
v 0.999999 0.505665 -0.682679
v 0.999999 0.531412 -0.664546
v 0.999999 0.556238 -0.645172
v 0.999999 0.580084 -0.624602
v 0.999999 0.602891 -0.602888
v 0.999999 0.580084 -0.624602
v 0.999999 0.645174 -0.556235
v 0.999999 0.624605 -0.580080
v 0.999999 0.602891 -0.602888
v 0.999999 0.664549 -0.531409
v 0.999999 0.682682 -0.505662
v 0.999999 0.664549 -0.531409
v 0.999999 0.727485 -0.426788
v 0.999999 0.715051 -0.451657
v 0.999999 0.934959 -0.428509
v 0.999999 0.699529 -0.479057
v 0.999999 0.682682 -0.505662
v 0.999999 0.699529 -0.479057
v 0.940315 0.427462 -0.993696
v 0.727481 0.426790 -0.994643
v 0.715047 0.451658 -0.994643
v 0.940315 0.934959 -0.994643
v 0.715047 0.451658 -0.994643
v 0.699525 0.479058 -0.994643
v 0.940315 0.934959 -0.994643
v 0.682677 0.505664 -0.994643
v 0.664544 0.531411 -0.994643
v 0.645170 0.556237 -0.994643
v 0.624601 0.580082 -0.994643
v 0.602886 0.602889 -0.994643
v 0.580079 0.624604 -0.994643
v 0.556234 0.645173 -0.994643
v 0.531408 0.664547 -0.994643
v 0.505661 0.682680 -0.994643
v 0.479055 0.699528 -0.994643
v 0.451655 0.715050 -0.994643
v 0.940315 0.994643 -0.426645
v 0.727481 0.994643 -0.426790
v 0.940315 0.994643 -0.934959
v 0.682677 0.994643 -0.505664
v 0.699525 0.994643 -0.479059
v 0.664544 0.994643 -0.531411
v 0.682677 0.994643 -0.505664
v 0.940315 0.994643 -0.934959
v 0.645170 0.994643 -0.556237
v 0.664544 0.994643 -0.531411
v 0.940315 0.994643 -0.934959
v 0.624601 0.994643 -0.580082
v 0.645170 0.994643 -0.556237
v 0.602886 0.994643 -0.602889
v 0.624601 0.994643 -0.580082
v 0.580079 0.994643 -0.624604
v 0.556234 0.994643 -0.645173
v 0.580079 0.994643 -0.624604
v 0.531408 0.994643 -0.664547
v 0.556234 0.994643 -0.645173
v 0.505661 0.994643 -0.682680
v 0.531408 0.994643 -0.664547
v 0.479055 0.994643 -0.699528
v 0.451655 0.994643 -0.715050
v 0.426080 0.994643 -0.934959
v 0.426787 0.994643 -0.727484
vn -0.0000 1.0000 -0.0000
vn -0.3996 0.8979 0.1846
vn -0.5033 0.7840 0.3634
vn -0.2821 0.7825 0.5551
vn -0.1490 0.9458 0.2884
vn 1.0000 -0.0000 -0.0000
vn -0.1824 -0.3932 -0.9012
vn -0.3532 -0.5037 -0.7884
vn -0.5514 -0.2860 -0.7837
vn -0.2847 -0.1518 -0.9465
vn -0.2229 -0.2230 -0.9490
vn -0.4284 -0.4283 -0.7956
vn -0.4061 -0.4502 -0.7952
vn -0.2116 -0.2340 -0.9489
vn -0.2888 0.9457 0.1488
vn -0.5560 0.7820 0.2816
vn -0.3585 0.7881 0.5004
vn -0.1864 0.9011 0.3914
vn -0.2793 0.9464 0.1623
vn -0.5374 0.7851 0.3079
vn -0.2690 0.9470 0.1755
vn -0.5178 0.7876 0.3341
vn -0.2585 0.9475 0.1884
vn -0.4974 0.7894 0.3597
vn -0.2476 0.9478 0.2009
vn -0.4762 0.7908 0.3846
vn -0.2364 0.9480 0.2131
vn -0.4543 0.7916 0.4087
vn -0.2249 0.9481 0.2250
vn -0.4316 0.7918 0.4322
vn -0.4082 0.7916 0.4546
vn -0.2129 0.9480 0.2365
vn -0.2008 0.9478 0.2476
vn -0.3842 0.7909 0.4764
vn -0.1882 0.9475 0.2585
vn -0.3593 0.7896 0.4974
vn -0.1753 0.9470 0.2690
vn -0.3337 0.7878 0.5178
vn -0.1620 0.9465 0.2792
vn -0.3073 0.7854 0.5374
vn 0.9452 -0.1464 0.2917
vn 0.9457 -0.1605 0.2825
vn 0.7826 -0.3041 0.5432
vn 0.7803 -0.2768 0.5609
vn 0.7891 -0.3619 0.4963
vn 0.7803 -0.5609 0.2768
vn 0.9453 -0.2916 0.1464
vn 0.9014 -0.1868 0.3907
vn -0.8032 0.4171 -0.4253
vn 0.4329 -0.7889 -0.4362
vn 0.5773 0.5773 -0.5774
vn 0.4463 0.4216 0.7894
vn -0.7602 -0.0002 -0.6497
vn -0.7606 0.6492 0.0013
vn -0.7606 0.6493 0.0011
vn -0.7606 0.6493 0.0012
vn -0.7605 0.6493 0.0011
vn 0.7043 -0.0007 -0.7099
vn 0.7042 -0.0007 -0.7100
vn -0.0000 0.7071 -0.7071
vn 0.0025 -0.7467 -0.6651
vn 0.0024 -0.7468 -0.6651
vn 0.0026 -0.7467 -0.6652
vn -0.0002 0.6641 0.7477
vn -0.0003 0.6641 0.7476
vn 0.7071 0.7071 -0.0000
vn 0.6646 -0.7472 -0.0016
vn 0.6647 -0.7471 -0.0015
vn 0.6652 0.0028 0.7467
vn 0.6652 0.0027 0.7467
vn -0.0000 -0.0000 -1.0000
vn 0.9462 -0.1747 0.2724
vn 0.7845 -0.3321 0.5237
vn 0.9014 -0.3904 0.1873
vn 0.7888 -0.4964 0.3624
vn 0.9457 -0.2825 0.1605
vn 0.7826 -0.5432 0.3041
vn 0.9462 -0.2724 0.1747
vn 0.7845 -0.5237 0.3321
vn 0.9466 -0.2618 0.1884
vn 0.7860 -0.5032 0.3593
vn 0.9468 -0.2507 0.2017
vn 0.7870 -0.4816 0.3856
vn 0.9470 -0.2391 0.2146
vn 0.7876 -0.4591 0.4110
vn 0.9470 -0.2271 0.2271
vn 0.7878 -0.4356 0.4354
vn 0.9470 -0.2146 0.2391
vn 0.7876 -0.4110 0.4590
vn 0.9468 -0.2017 0.2507
vn 0.7870 -0.3856 0.4816
vn 0.9466 -0.1884 0.2618
vn 0.7860 -0.3593 0.5032
vn -0.1511 -0.2860 -0.9462
vn -0.1638 -0.2762 -0.9471
vn -0.3111 -0.5320 -0.7875
vn -0.2862 -0.5511 -0.7838
vn -0.1762 -0.2659 -0.9478
vn -0.3358 -0.5123 -0.7904
vn -0.1883 -0.2555 -0.9483
vn -0.3599 -0.4921 -0.7927
vn -0.2001 -0.2448 -0.9487
vn -0.3833 -0.4714 -0.7943
vn -0.2339 -0.2117 -0.9489
vn -0.4502 -0.4062 -0.7952
vn -0.2448 -0.2002 -0.9487
vn -0.4713 -0.3835 -0.7942
vn -0.2554 -0.1884 -0.9483
vn -0.4921 -0.3600 -0.7926
vn -0.2659 -0.1763 -0.9477
vn -0.5123 -0.3360 -0.7904
vn -0.2762 -0.1639 -0.9470
vn -0.5320 -0.3113 -0.7874
vn -0.4008 -0.1831 -0.8977
vn -0.5064 -0.3593 -0.7839
vn 0.0041 -0.0017 -1.0000
vn 0.0040 -0.0017 -1.0000
vt 0.686452 0.559864
vt 0.658252 0.613256
vt 0.660070 0.616465
vt 0.666779 0.177285
vt 0.668512 0.207797
vt 0.670004 0.207443
vt 0.669928 0.176457
vt 0.632839 0.384738
vt 0.654651 0.442972
vt 0.657740 0.444001
vt 0.674844 0.426742
vt 0.811871 0.268137
vt 0.781175 0.268990
vt 0.781705 0.271162
vt 0.812679 0.271291
vt 0.815173 0.293230
vt 0.784107 0.293115
vt 0.784024 0.296802
vt 0.815088 0.296917
vt 0.713789 0.176295
vt 0.713938 0.207295
vt 0.716117 0.207797
vt 0.716944 0.177101
vt 0.710181 0.175529
vt 0.710316 0.206593
vt 0.706547 0.174901
vt 0.706671 0.206020
vt 0.702891 0.174415
vt 0.703010 0.205575
vt 0.699219 0.174071
vt 0.699335 0.205260
vt 0.695537 0.173870
vt 0.695651 0.205076
vt 0.691849 0.173812
vt 0.691963 0.205023
vt 0.688276 0.205101
vt 0.688162 0.173897
vt 0.684481 0.174125
vt 0.684594 0.205310
vt 0.680812 0.174496
vt 0.680921 0.205649
vt 0.677159 0.175009
vt 0.677262 0.206118
vt 0.673530 0.175663
vt 0.673622 0.206717
vt 0.083963 0.248196
vt 0.084740 0.244591
vt 0.053608 0.244625
vt 0.052936 0.248256
vt 0.052455 0.202086
vt 0.052935 0.204272
vt 0.083963 0.204332
vt 0.083149 0.201179
vt 0.988764 0.310848
vt 0.961624 0.310848
vt 0.986921 0.320561
vt 0.989171 0.829348
vt 0.961585 0.829348
vt 0.987334 0.838982
vt 0.983437 0.955947
vt 0.991998 0.951005
vt 0.983437 0.946062
vt 0.268841 0.280724
vt 0.278591 0.254859
vt 0.268841 0.253215
vt 0.922219 0.911087
vt 0.897921 0.911080
vt 0.879679 0.935600
vt 0.910570 0.935600
vt 0.447267 0.130852
vt 0.461727 0.111324
vt 0.435143 0.106068
vt 0.416705 0.130852
vt 0.943715 0.772548
vt 0.943793 0.831951
vt 0.953600 0.831970
vt 0.953600 0.772535
vt 0.915228 0.978138
vt 0.975452 0.978138
vt 0.975452 0.968253
vt 0.915300 0.968253
vt 0.847626 0.176664
vt 0.829412 0.201997
vt 0.860119 0.201997
vt 0.874645 0.181741
vt 0.360815 0.121081
vt 0.392017 0.121081
vt 0.403667 0.096160
vt 0.378741 0.096148
vt 0.916944 0.349179
vt 0.976257 0.349179
vt 0.976257 0.339294
vt 0.916726 0.339294
vt 0.873124 0.078780
vt 0.848825 0.078854
vt 0.830900 0.103786
vt 0.861474 0.103786
vt 0.742776 0.111731
vt 0.724928 0.136555
vt 0.755636 0.136555
vt 0.769929 0.116904
vt 0.367922 0.288087
vt 0.367949 0.348240
vt 0.393677 0.290999
vt 0.392220 0.288087
vt 0.085378 0.240958
vt 0.054159 0.240976
vt 0.083149 0.251349
vt 0.052455 0.250442
vt 0.084740 0.207937
vt 0.053608 0.207902
vt 0.085378 0.211569
vt 0.054159 0.211552
vt 0.085875 0.215224
vt 0.054589 0.215216
vt 0.086231 0.218895
vt 0.054896 0.218892
vt 0.086445 0.222576
vt 0.055081 0.222576
vt 0.086516 0.226264
vt 0.055143 0.226264
vt 0.086445 0.229951
vt 0.055081 0.229951
vt 0.086231 0.233633
vt 0.054896 0.233635
vt 0.085875 0.237304
vt 0.054589 0.237311
vt 0.812517 0.315149
vt 0.813314 0.311548
vt 0.782316 0.311443
vt 0.781549 0.315050
vt 0.813971 0.307919
vt 0.782948 0.307809
vt 0.814486 0.304267
vt 0.783445 0.304154
vt 0.814858 0.300598
vt 0.783803 0.300484
vt 0.815115 0.289542
vt 0.784050 0.289427
vt 0.814913 0.285860
vt 0.783856 0.285744
vt 0.814567 0.282188
vt 0.783523 0.282071
vt 0.814079 0.278532
vt 0.783053 0.278413
vt 0.813449 0.274898
vt 0.782447 0.274775
vt 0.811686 0.318297
vt 0.781175 0.316537
vt 0.651097 0.441988
vt 0.647498 0.441180
vt 0.643864 0.440549
vt 0.640204 0.440098
vt 0.636526 0.439827
vt 0.632839 0.439736
vt 0.625474 0.440098
vt 0.629152 0.439827
vt 0.621814 0.440550
vt 0.618180 0.441180
vt 0.590899 0.426678
vt 0.607938 0.444001
vt 0.611027 0.442972
vt 0.614581 0.441988
vt 0.427384 0.348213
vt 0.427452 0.323287
vt 0.424538 0.321832
vt 0.421329 0.320015
vt 0.418212 0.318044
vt 0.415196 0.315921
vt 0.412287 0.313654
vt 0.409493 0.311246
vt 0.406821 0.308704
vt 0.404277 0.306034
vt 0.401867 0.303243
vt 0.399596 0.300336
vt 0.397471 0.297322
vt 0.395497 0.294207
vt 0.661526 0.619378
vt 0.686452 0.619395
vt 0.656279 0.610140
vt 0.654155 0.607125
vt 0.651886 0.604218
vt 0.649477 0.601425
vt 0.646934 0.598754
vt 0.644263 0.596211
vt 0.641471 0.593802
vt 0.638563 0.591533
vt 0.635548 0.589409
vt 0.632432 0.587436
vt 0.629223 0.585618
vt 0.626228 0.559864
vt 0.626311 0.584162
s 0
usemtl DefaultMaterial
f 1373/962/512 1374/963/512 1375/964/512
s 1
f 1379/965/513 1376/966/514 1377/967/515
f 1377/967/515 1378/968/516 1379/965/513
s 0
f 1383/969/517 1380/970/517 1381/971/517
f 1381/971/517 1382/972/517 1383/969/517
s 1
f 1387/973/518 1384/974/519 1385/975/520
f 1385/975/520 1386/976/521 1387/973/518
f 1391/977/522 1388/978/523 1389/979/524
f 1389/979/524 1390/980/525 1391/977/522
f 1395/981/526 1392/982/527 1393/983/528
f 1393/983/528 1394/984/529 1395/981/526
f 1397/985/530 1396/986/531 1392/982/527
f 1392/982/527 1395/981/526 1397/985/530
f 1399/987/532 1398/988/533 1396/986/531
f 1396/986/531 1397/985/530 1399/987/532
f 1401/989/534 1400/990/535 1398/988/533
f 1398/988/533 1399/987/532 1401/989/534
f 1403/991/536 1402/992/537 1400/990/535
f 1400/990/535 1401/989/534 1403/991/536
f 1405/993/538 1404/994/539 1402/992/537
f 1402/992/537 1403/991/536 1405/993/538
f 1407/995/540 1406/996/541 1404/994/539
f 1404/994/539 1405/993/538 1407/995/540
f 1409/997/542 1406/996/541 1407/995/540
f 1407/995/540 1408/998/543 1409/997/542
f 1411/999/544 1410/1000/545 1409/997/542
f 1409/997/542 1408/998/543 1411/999/544
f 1413/1001/546 1412/1002/547 1410/1000/545
f 1410/1000/545 1411/999/544 1413/1001/546
f 1415/1003/548 1414/1004/549 1412/1002/547
f 1412/1002/547 1413/1001/546 1415/1003/548
f 1417/1005/550 1416/1006/551 1414/1004/549
f 1414/1004/549 1415/1003/548 1417/1005/550
f 1378/968/516 1377/967/515 1416/1006/551
f 1416/1006/551 1417/1005/550 1378/968/516
f 1421/1007/552 1418/1008/553 1419/1009/554
f 1419/1009/554 1420/1010/555 1421/1007/552
f 1425/1011/556 1422/1012/557 1423/1013/558
f 1423/1013/558 1424/1014/559 1425/1011/556
s 0
f 1426/1015/560 1427/1016/560 1428/1017/560
f 1429/1018/561 1430/1019/561 1431/1020/561
f 1432/1021/562 1433/1022/562 1434/1023/562
f 1435/1024/563 1436/1025/563 1437/1026/563
f 1441/1027/564 1438/1028/564 1439/1029/564
f 1439/1029/564 1440/1030/564 1441/1027/564
s 1
f 1445/1031/565 1442/1032/566 1443/1033/567
f 1443/1033/567 1444/1034/568 1445/1031/565
f 1449/1035/569 1446/1036/569 1447/1037/570
f 1447/1037/570 1448/1038/569 1449/1035/569
s 0
f 1453/1039/571 1450/1040/571 1451/1041/571
f 1451/1041/571 1452/1042/571 1453/1039/571
s 1
f 1457/1043/572 1454/1044/573 1455/1045/574
f 1455/1045/574 1456/1046/573 1457/1043/572
f 1461/1047/575 1458/1048/575 1459/1049/575
f 1459/1049/575 1460/1050/576 1461/1047/575
s 0
f 1465/1051/577 1462/1052/577 1463/1053/577
f 1463/1053/577 1464/1054/577 1465/1051/577
s 1
f 1469/1055/578 1466/1056/579 1467/1057/579
f 1467/1057/579 1468/1058/579 1469/1055/578
f 1473/1059/580 1470/1060/581 1471/1061/580
f 1471/1061/580 1472/1062/580 1473/1059/580
s 0
f 1477/1063/582 1474/1064/582 1475/1065/582
f 1475/1065/582 1476/1066/582 1477/1063/582
s 1
f 1418/1008/553 1478/1067/583 1479/1068/584
f 1479/1068/584 1419/1009/554 1418/1008/553
f 1481/1069/585 1421/1007/552 1420/1010/555
f 1420/1010/555 1480/1070/586 1481/1069/585
f 1483/1071/587 1423/1013/558 1422/1012/557
f 1422/1012/557 1482/1072/588 1483/1071/587
f 1485/1073/589 1483/1071/587 1482/1072/588
f 1482/1072/588 1484/1074/590 1485/1073/589
f 1487/1075/591 1485/1073/589 1484/1074/590
f 1484/1074/590 1486/1076/592 1487/1075/591
f 1489/1077/593 1487/1075/591 1486/1076/592
f 1486/1076/592 1488/1078/594 1489/1077/593
f 1491/1079/595 1489/1077/593 1488/1078/594
f 1488/1078/594 1490/1080/596 1491/1079/595
f 1493/1081/597 1491/1079/595 1490/1080/596
f 1490/1080/596 1492/1082/598 1493/1081/597
f 1495/1083/599 1493/1081/597 1492/1082/598
f 1492/1082/598 1494/1084/600 1495/1083/599
f 1497/1085/601 1495/1083/599 1494/1084/600
f 1494/1084/600 1496/1086/602 1497/1085/601
f 1478/1067/583 1498/1087/603 1499/1088/604
f 1499/1088/604 1479/1068/584 1478/1067/583
f 1498/1087/603 1497/1085/601 1496/1086/602
f 1496/1086/602 1499/1088/604 1498/1087/603
f 1503/1089/605 1500/1090/606 1501/1091/607
f 1501/1091/607 1502/1092/608 1503/1089/605
f 1500/1090/606 1504/1093/609 1505/1094/610
f 1505/1094/610 1501/1091/607 1500/1090/606
f 1504/1093/609 1506/1095/611 1507/1096/612
f 1507/1096/612 1505/1094/610 1504/1093/609
f 1506/1095/611 1508/1097/613 1509/1098/614
f 1509/1098/614 1507/1096/612 1506/1095/611
f 1508/1097/613 1390/980/525 1389/979/524
f 1389/979/524 1509/1098/614 1508/1097/613
f 1391/977/522 1510/1099/615 1511/1100/616
f 1511/1100/616 1388/978/523 1391/977/522
f 1510/1099/615 1512/1101/617 1513/1102/618
f 1513/1102/618 1511/1100/616 1510/1099/615
f 1512/1101/617 1514/1103/619 1515/1104/620
f 1515/1104/620 1513/1102/618 1512/1101/617
f 1514/1103/619 1516/1105/621 1517/1106/622
f 1517/1106/622 1515/1104/620 1514/1103/619
f 1516/1105/621 1518/1107/623 1519/1108/624
f 1519/1108/624 1517/1106/622 1516/1105/621
f 1518/1107/623 1386/976/521 1385/975/520
f 1385/975/520 1519/1108/624 1518/1107/623
f 1521/1109/625 1503/1089/605 1502/1092/608
f 1502/1092/608 1520/1110/626 1521/1109/625
s 0
f 1522/1111/517 1380/970/517 1383/969/517
f 1523/1112/517 1522/1111/517 1383/969/517
f 1524/1113/517 1523/1112/517 1383/969/517
f 1525/1114/517 1524/1113/517 1383/969/517
f 1526/1115/517 1525/1114/517 1383/969/517
f 1383/969/517 1527/1116/517 1528/1115/517
f 1529/1117/517 1530/1118/517 1383/969/517
f 1530/1118/517 1531/1116/517 1383/969/517
f 1532/1119/517 1529/1117/517 1383/969/517
f 1383/969/517 1533/1120/517 1534/1119/517
f 1537/1121/517 1535/1122/517 1536/1123/517
f 1536/1123/517 1383/969/517 1537/1121/517
f 1383/969/517 1538/1124/517 1539/1120/517
f 1536/1123/517 1540/1124/517 1383/969/517
s 1
f 1544/1064/627 1541/1125/628 1542/1126/628
f 1542/1126/628 1543/1127/628 1544/1064/627
s 0
f 1545/1127/582 1546/1128/582 1547/1064/582
f 1546/1128/582 1548/1129/582 1474/1064/582
f 1548/1129/582 1549/1130/582 1474/1064/582
f 1549/1130/582 1550/1131/582 1474/1064/582
f 1550/1131/582 1551/1132/582 1474/1064/582
f 1551/1132/582 1552/1133/582 1474/1064/582
f 1552/1133/582 1553/1134/582 1474/1064/582
f 1553/1134/582 1554/1135/582 1474/1064/582
f 1554/1135/582 1555/1136/582 1474/1064/582
f 1555/1136/582 1556/1137/582 1474/1064/582
f 1556/1137/582 1557/1138/582 1474/1064/582
f 1557/1138/582 1558/1065/582 1547/1064/582
f 1560/1139/512 1559/1140/512 1373/962/512
f 1373/962/512 1375/964/512 1560/1139/512
f 1561/962/512 1562/1141/512 1563/963/512
f 1373/962/512 1564/1142/512 1565/1141/512
f 1566/962/512 1567/1143/512 1568/1142/512
f 1569/962/512 1570/1144/512 1571/1143/512
f 1373/962/512 1572/1145/512 1573/1144/512
f 1373/962/512 1574/1146/512 1572/1145/512
f 1566/962/512 1575/1147/512 1576/1146/512
f 1569/962/512 1577/1148/512 1578/1147/512
f 1566/962/512 1579/1149/512 1580/1148/512
f 1566/962/512 1581/1150/512 1579/1149/512
f 1566/962/512 1582/1151/512 1581/1150/512
f 1561/962/512 1583/1152/512 1584/1153/512
f 1584/1153/512 1582/1151/512 1561/962/512
o defaultMaterial.005
v -0.940316 0.994641 -0.934959
v -0.715048 0.994641 -0.451658
v -0.699526 0.994641 -0.479059
v -0.290758 0.835485 -0.571725
v -0.426788 0.994641 -0.727484
v -0.451656 0.994641 -0.715050
v -0.302447 0.835023 -0.565841
v -1.000000 0.451658 -0.715049
v -1.000000 0.934958 -0.934959
v -1.000000 0.427730 -0.934959
v -1.000000 0.426790 -0.727483
v -0.574420 0.285399 -0.835487
v -0.727482 0.426789 -0.994643
v -0.715048 0.451657 -0.994643
v -0.565839 0.302448 -0.835198
v -0.453678 0.453679 -0.833888
v -0.602887 0.602888 -0.994643
v -0.580080 0.624602 -0.994643
v -0.430871 0.475393 -0.833933
v -0.565839 0.834830 -0.302449
v -0.715048 0.994641 -0.451658
v -0.727482 0.994641 -0.426790
v -0.574420 0.835485 -0.285401
v -0.550317 0.833913 -0.329850
v -0.699526 0.994641 -0.479059
v -0.533469 0.833162 -0.356455
v -0.682678 0.994641 -0.505664
v -0.515336 0.832581 -0.382202
v -0.664545 0.994641 -0.531411
v -0.495962 0.832169 -0.407028
v -0.645171 0.994641 -0.556237
v -0.475393 0.831928 -0.430873
v -0.624602 0.994641 -0.580082
v -0.453678 0.831858 -0.453680
v -0.602887 0.994641 -0.602889
v -0.430871 0.831960 -0.475395
v -0.580080 0.994641 -0.624604
v -0.407026 0.832234 -0.495964
v -0.556234 0.994641 -0.645173
v -0.382200 0.832678 -0.515338
v -0.531409 0.994641 -0.664547
v -0.356453 0.833292 -0.533471
v -0.505662 0.994641 -0.682680
v -0.329847 0.834074 -0.550319
v -0.479056 0.994641 -0.699528
v -1.000000 0.479058 -0.699527
v -1.000000 0.451658 -0.715049
v -0.839796 0.302449 -0.565840
v -0.838327 0.329849 -0.550318
v -0.839797 0.565841 -0.302448
v -0.840844 0.574421 -0.285401
v -1.000000 0.727484 -0.426788
v -1.000000 0.715050 -0.451657
v -0.426693 0.934958 -0.994643
v -0.426080 0.994641 -0.934959
v -0.290758 0.835485 -0.835487
v -1.000000 0.427730 -0.934959
v -0.940316 0.427461 -0.993696
v -0.840844 0.285399 -0.835487
v -1.000000 0.934958 -0.934959
v -0.940316 0.994641 -0.934959
v -0.940316 0.934958 -0.994643
v -0.840844 0.835485 -0.285401
v -0.940316 0.994641 -0.426645
v -1.000000 0.934958 -0.428509
v -0.426788 0.727482 -0.994643
v -0.426693 0.934958 -0.994643
v -0.290758 0.835485 -0.835487
v -0.290758 0.571723 -0.835487
v -0.426080 0.994641 -0.934959
v -0.426788 0.994641 -0.727484
v -0.290758 0.835485 -0.571725
v -0.290758 0.835485 -0.835487
v -1.000000 0.427730 -0.934959
v -1.000000 0.934958 -0.934959
v -0.940316 0.934958 -0.994643
v -0.940316 0.427461 -0.993696
v -0.940316 0.994641 -0.934959
v -0.426080 0.994641 -0.934959
v -0.426693 0.934958 -0.994643
v -0.940316 0.934958 -0.994643
v -0.574420 0.285399 -0.835487
v -0.840844 0.285399 -0.835487
v -0.940316 0.427461 -0.993696
v -0.727482 0.426789 -0.994643
v -0.840844 0.835485 -0.285401
v -0.574420 0.835485 -0.285401
v -0.727482 0.994641 -0.426790
v -0.940316 0.994641 -0.426645
v -1.000000 0.934958 -0.934959
v -1.000000 0.934958 -0.428509
v -0.940316 0.994641 -0.426645
v -0.940316 0.994641 -0.934959
v -1.000000 0.426790 -0.727483
v -1.000000 0.427730 -0.934959
v -0.840844 0.285399 -0.835487
v -0.840844 0.285399 -0.574422
v -0.840844 0.574421 -0.285401
v -0.840844 0.835485 -0.285401
v -1.000000 0.934958 -0.428509
v -1.000000 0.727484 -0.426788
v -0.940316 0.934958 -0.994643
v -0.426693 0.934958 -0.994643
v -0.426788 0.727482 -0.994643
v -0.451656 0.715048 -0.994643
v -1.000000 0.505664 -0.682679
v -0.837121 0.356455 -0.533470
v -1.000000 0.426790 -0.727483
v -0.840844 0.285399 -0.574422
v -1.000000 0.699528 -0.479057
v -0.838328 0.550319 -0.329848
v -1.000000 0.682680 -0.505662
v -0.837121 0.533471 -0.356453
v -1.000000 0.664547 -0.531409
v -0.836179 0.515338 -0.382200
v -1.000000 0.645173 -0.556235
v -0.835505 0.495964 -0.407026
v -1.000000 0.624604 -0.580080
v -0.835100 0.475395 -0.430871
v -1.000000 0.602889 -0.602888
v -0.834964 0.453681 -0.453679
v -1.000000 0.580082 -0.624602
v -0.835100 0.430873 -0.475393
v -1.000000 0.556237 -0.645172
v -0.835505 0.407028 -0.495963
v -1.000000 0.531411 -0.664546
v -0.836179 0.382202 -0.515337
v -0.479056 0.699526 -0.994643
v -0.451656 0.715048 -0.994643
v -0.302447 0.565839 -0.835283
v -0.329847 0.550317 -0.834865
v -0.505662 0.682679 -0.994643
v -0.356453 0.533470 -0.834520
v -0.531409 0.664546 -0.994643
v -0.382200 0.515337 -0.834250
v -0.556234 0.645171 -0.994643
v -0.407026 0.495962 -0.834054
v -0.624602 0.580080 -0.994643
v -0.475393 0.430871 -0.833919
v -0.645171 0.556235 -0.994643
v -0.495962 0.407026 -0.834025
v -0.664545 0.531409 -0.994643
v -0.515336 0.382200 -0.834207
v -0.682678 0.505662 -0.994643
v -0.533469 0.356453 -0.834463
v -0.699526 0.479057 -0.994643
v -0.550317 0.329848 -0.834794
v -0.426788 0.727482 -0.994643
v -0.290758 0.571723 -0.835487
v -1.000000 0.479058 -0.699527
v -1.000000 0.505664 -0.682679
v -1.000000 0.531411 -0.664546
v -1.000000 0.934958 -0.934959
v -1.000000 0.505664 -0.682679
v -1.000000 0.556237 -0.645172
v -1.000000 0.531411 -0.664546
v -1.000000 0.580082 -0.624602
v -1.000000 0.602889 -0.602888
v -1.000000 0.645173 -0.556235
v -1.000000 0.624604 -0.580080
v -1.000000 0.602889 -0.602888
v -1.000000 0.664547 -0.531409
v -1.000000 0.682680 -0.505662
v -1.000000 0.727484 -0.426788
v -1.000000 0.934958 -0.428509
v -1.000000 0.715050 -0.451657
v -1.000000 0.682680 -0.505662
v -1.000000 0.699528 -0.479057
v -1.000000 0.699528 -0.479057
v -0.940316 0.427461 -0.993696
v -0.940316 0.934958 -0.994643
v -0.715048 0.451657 -0.994643
v -0.727482 0.426789 -0.994643
v -0.715048 0.451657 -0.994643
v -0.699526 0.479057 -0.994643
v -0.682678 0.505662 -0.994643
v -0.682678 0.505662 -0.994643
v -0.664545 0.531409 -0.994643
v -0.940316 0.934958 -0.994643
v -0.645171 0.556235 -0.994643
v -0.624602 0.580080 -0.994643
v -0.624602 0.580080 -0.994643
v -0.602887 0.602888 -0.994643
v -0.580080 0.624602 -0.994643
v -0.556234 0.645171 -0.994643
v -0.531409 0.664546 -0.994643
v -0.505662 0.682679 -0.994643
v -0.479056 0.699526 -0.994643
v -0.940316 0.934958 -0.994643
v -0.451656 0.715048 -0.994643
v -0.940316 0.994641 -0.426645
v -0.727482 0.994641 -0.426790
v -0.940316 0.994641 -0.934959
v -0.699526 0.994641 -0.479059
v -0.682678 0.994641 -0.505664
v -0.664545 0.994641 -0.531411
v -0.645171 0.994641 -0.556237
v -0.645171 0.994641 -0.556237
v -0.624602 0.994641 -0.580082
v -0.602887 0.994641 -0.602889
v -0.602887 0.994641 -0.602889
v -0.580080 0.994641 -0.624604
v -0.940316 0.994641 -0.934959
v -0.556234 0.994641 -0.645173
v -0.556234 0.994641 -0.645173
v -0.531409 0.994641 -0.664547
v -0.531409 0.994641 -0.664547
v -0.505662 0.994641 -0.682680
v -0.479056 0.994641 -0.699528
v -0.451656 0.994641 -0.715050
v -0.426080 0.994641 -0.934959
v -0.426788 0.994641 -0.727484
vn -0.0000 1.0000 -0.0000
vn 0.2821 0.7825 0.5551
vn 0.5033 0.7840 0.3633
vn 0.3996 0.8979 0.1846
vn 0.1490 0.9458 0.2884
vn -1.0000 -0.0000 -0.0000
vn 0.5515 -0.2860 -0.7837
vn 0.3532 -0.5037 -0.7884
vn 0.1824 -0.3932 -0.9012
vn 0.2847 -0.1518 -0.9465
vn 0.4061 -0.4502 -0.7952
vn 0.4284 -0.4286 -0.7955
vn 0.2229 -0.2230 -0.9490
vn 0.2116 -0.2340 -0.9489
vn 0.3586 0.7881 0.5004
vn 0.5560 0.7820 0.2815
vn 0.2888 0.9457 0.1488
vn 0.1864 0.9011 0.3914
vn 0.5374 0.7851 0.3078
vn 0.2793 0.9464 0.1623
vn 0.5178 0.7876 0.3341
vn 0.2690 0.9470 0.1755
vn 0.4974 0.7894 0.3597
vn 0.2585 0.9475 0.1884
vn 0.4763 0.7908 0.3845
vn 0.2476 0.9478 0.2010
vn 0.4544 0.7916 0.4086
vn 0.2364 0.9480 0.2131
vn 0.4316 0.7918 0.4322
vn 0.2249 0.9481 0.2250
vn 0.4083 0.7916 0.4546
vn 0.2129 0.9480 0.2365
vn 0.3842 0.7909 0.4763
vn 0.2008 0.9478 0.2477
vn 0.3593 0.7896 0.4975
vn 0.1882 0.9475 0.2585
vn 0.3337 0.7878 0.5178
vn 0.1753 0.9470 0.2690
vn 0.3073 0.7854 0.5374
vn 0.1620 0.9465 0.2792
vn -0.7826 -0.3041 0.5432
vn -0.9457 -0.1605 0.2825
vn -0.9452 -0.1464 0.2917
vn -0.7803 -0.2768 0.5609
vn -0.9453 -0.2916 0.1464
vn -0.7803 -0.5609 0.2768
vn -0.7891 -0.3619 0.4963
vn -0.9014 -0.1868 0.3907
vn 0.8032 0.4171 -0.4253
vn -0.4329 -0.7889 -0.4362
vn -0.5773 0.5774 -0.5773
vn -0.4463 0.4216 0.7894
vn 0.7602 -0.0002 -0.6497
vn 0.7604 -0.0000 -0.6495
vn 0.7606 0.6493 0.0012
vn 0.7606 0.6492 0.0013
vn 0.7605 0.6493 0.0011
vn -0.7043 -0.0007 -0.7099
vn -0.0000 0.7071 -0.7071
vn -0.0026 -0.7467 -0.6652
vn -0.0024 -0.7468 -0.6651
vn -0.0025 -0.7467 -0.6651
vn 0.0002 0.6640 0.7477
vn 0.0003 0.6642 0.7476
vn -0.7071 0.7071 -0.0000
vn -0.6647 -0.7471 -0.0015
vn -0.6646 -0.7472 -0.0016
vn -0.6652 0.0028 0.7467
vn -0.6652 0.0027 0.7467
vn -0.0000 -0.0000 -1.0000
vn -0.7845 -0.3321 0.5237
vn -0.9462 -0.1747 0.2724
vn -0.9013 -0.3905 0.1873
vn -0.7888 -0.4964 0.3625
vn -0.9457 -0.2825 0.1605
vn -0.7826 -0.5432 0.3041
vn -0.9462 -0.2724 0.1747
vn -0.7845 -0.5237 0.3321
vn -0.9466 -0.2618 0.1884
vn -0.7860 -0.5032 0.3593
vn -0.9468 -0.2507 0.2017
vn -0.7870 -0.4816 0.3856
vn -0.9470 -0.2391 0.2146
vn -0.7876 -0.4591 0.4110
vn -0.9470 -0.2271 0.2271
vn -0.7878 -0.4356 0.4354
vn -0.9470 -0.2147 0.2391
vn -0.7876 -0.4110 0.4590
vn -0.9468 -0.2017 0.2507
vn -0.7870 -0.3856 0.4816
vn -0.7860 -0.3593 0.5032
vn -0.9466 -0.1884 0.2618
vn 0.3110 -0.5320 -0.7875
vn 0.1638 -0.2762 -0.9471
vn 0.1512 -0.2860 -0.9462
vn 0.2862 -0.5511 -0.7838
vn 0.3358 -0.5123 -0.7904
vn 0.1762 -0.2659 -0.9478
vn 0.3599 -0.4921 -0.7927
vn 0.1883 -0.2554 -0.9483
vn 0.3834 -0.4714 -0.7943
vn 0.2001 -0.2448 -0.9487
vn 0.4503 -0.4062 -0.7952
vn 0.2340 -0.2117 -0.9489
vn 0.4714 -0.3834 -0.7942
vn 0.2448 -0.2002 -0.9487
vn 0.4920 -0.3601 -0.7926
vn 0.2554 -0.1884 -0.9483
vn 0.5123 -0.3360 -0.7903
vn 0.2659 -0.1763 -0.9477
vn 0.5320 -0.3113 -0.7874
vn 0.2762 -0.1639 -0.9470
vn 0.4009 -0.1831 -0.8976
vn 0.5064 -0.3593 -0.7839
vn -0.0041 -0.0017 -1.0000
vn -0.0040 -0.0017 -1.0000
vt 0.626228 0.695588
vt 0.652610 0.752190
vt 0.654428 0.748981
vt 0.211070 0.231907
vt 0.212562 0.232261
vt 0.214296 0.201749
vt 0.211147 0.200920
vt 0.565811 0.384737
vt 0.562721 0.385767
vt 0.540910 0.444001
vt 0.582914 0.401997
vt 0.771942 0.635805
vt 0.771412 0.637977
vt 0.802108 0.638830
vt 0.802916 0.635676
vt 0.774261 0.610165
vt 0.774344 0.613852
vt 0.805410 0.613737
vt 0.805325 0.610050
vt 0.164957 0.232261
vt 0.167137 0.231759
vt 0.167286 0.200759
vt 0.164131 0.201565
vt 0.170759 0.231057
vt 0.170893 0.199992
vt 0.174403 0.230483
vt 0.174528 0.199365
vt 0.178065 0.230038
vt 0.178184 0.198879
vt 0.181740 0.229724
vt 0.181856 0.198535
vt 0.185424 0.229540
vt 0.185538 0.198333
vt 0.189111 0.229486
vt 0.189226 0.198275
vt 0.192799 0.229564
vt 0.192913 0.198360
vt 0.196481 0.229773
vt 0.196594 0.198589
vt 0.200154 0.230112
vt 0.200263 0.198960
vt 0.203812 0.230582
vt 0.203915 0.199473
vt 0.207453 0.231180
vt 0.207545 0.200127
vt 0.783874 0.437528
vt 0.752741 0.437494
vt 0.753518 0.441099
vt 0.784546 0.441158
vt 0.753518 0.397234
vt 0.784546 0.397175
vt 0.785026 0.394989
vt 0.754332 0.394081
vt 0.986961 0.249773
vt 0.988722 0.240046
vt 0.961624 0.240046
vt 0.963240 0.776428
vt 0.961585 0.786095
vt 0.989077 0.786095
vt 0.715805 0.006962
vt 0.707244 0.011904
vt 0.715805 0.016847
vt 0.904814 0.466879
vt 0.879072 0.457176
vt 0.877173 0.466879
vt 0.664520 0.135729
vt 0.695081 0.135729
vt 0.709579 0.116230
vt 0.682958 0.110946
vt 0.695411 0.102961
vt 0.707060 0.078495
vt 0.682762 0.078441
vt 0.664520 0.102961
vt 0.943754 0.185721
vt 0.953561 0.185702
vt 0.953639 0.126299
vt 0.943754 0.126286
vt 0.916726 0.375034
vt 0.916726 0.384919
vt 0.976950 0.384919
vt 0.976878 0.375034
vt 0.876811 0.737194
vt 0.901743 0.755119
vt 0.901743 0.723917
vt 0.876842 0.712267
vt 0.833370 0.399003
vt 0.828281 0.426037
vt 0.853615 0.444252
vt 0.853615 0.413544
vt 0.367312 0.023465
vt 0.367312 0.013580
vt 0.307999 0.013580
vt 0.307781 0.023465
vt 0.873803 0.589352
vt 0.873803 0.620059
vt 0.893489 0.634303
vt 0.898627 0.607199
vt 0.882311 0.978082
vt 0.907244 0.996008
vt 0.907243 0.965433
vt 0.882177 0.953783
vt 0.686921 0.825463
vt 0.712675 0.882692
vt 0.712676 0.822539
vt 0.688377 0.822550
vt 0.783322 0.433879
vt 0.752104 0.433861
vt 0.754332 0.444252
vt 0.785026 0.443345
vt 0.752742 0.400840
vt 0.783874 0.400805
vt 0.752104 0.404472
vt 0.783322 0.404455
vt 0.751607 0.408126
vt 0.782892 0.408119
vt 0.751251 0.411797
vt 0.782585 0.411795
vt 0.751037 0.415479
vt 0.782401 0.415479
vt 0.750966 0.419167
vt 0.782339 0.419167
vt 0.751037 0.422854
vt 0.782401 0.422854
vt 0.751251 0.426536
vt 0.782585 0.426538
vt 0.782892 0.430214
vt 0.751607 0.430207
vt 0.772553 0.595524
vt 0.803551 0.595419
vt 0.802754 0.591818
vt 0.771786 0.591917
vt 0.773186 0.599158
vt 0.804207 0.599048
vt 0.773682 0.602813
vt 0.804723 0.602700
vt 0.774040 0.606483
vt 0.805095 0.606370
vt 0.774287 0.617540
vt 0.805352 0.617425
vt 0.774093 0.621223
vt 0.805150 0.621108
vt 0.773760 0.624896
vt 0.804804 0.624779
vt 0.773290 0.628554
vt 0.804316 0.628435
vt 0.772684 0.632192
vt 0.803686 0.632069
vt 0.801923 0.588670
vt 0.771412 0.590430
vt 0.559167 0.386751
vt 0.555569 0.387559
vt 0.551935 0.388189
vt 0.548274 0.388641
vt 0.544596 0.388912
vt 0.540909 0.389003
vt 0.533544 0.388641
vt 0.537222 0.388912
vt 0.529884 0.388189
vt 0.526250 0.387559
vt 0.519097 0.385767
vt 0.516008 0.384737
vt 0.498969 0.402062
vt 0.522652 0.386751
vt 0.653162 0.857766
vt 0.653240 0.882692
vt 0.656074 0.856310
vt 0.659283 0.854492
vt 0.662399 0.852519
vt 0.665414 0.850395
vt 0.668322 0.848126
vt 0.671114 0.845717
vt 0.673785 0.843174
vt 0.676328 0.840503
vt 0.678737 0.837710
vt 0.681007 0.834803
vt 0.683130 0.831787
vt 0.685103 0.828672
vt 0.626228 0.755119
vt 0.651154 0.755102
vt 0.656401 0.745865
vt 0.658525 0.742850
vt 0.660794 0.739942
vt 0.663203 0.737150
vt 0.665746 0.734478
vt 0.668417 0.731935
vt 0.671209 0.729526
vt 0.674117 0.727257
vt 0.677132 0.725134
vt 0.680248 0.723161
vt 0.683457 0.721343
vt 0.686369 0.719887
vt 0.686452 0.695589
s 0
usemtl DefaultMaterial
f 1585/1154/629 1586/1155/629 1587/1156/629
s 1
f 1591/1157/630 1588/1158/631 1589/1159/632
f 1589/1159/632 1590/1160/633 1591/1157/630
s 0
f 1595/1161/634 1592/1162/634 1593/1163/634
f 1593/1163/634 1594/1164/634 1595/1161/634
s 1
f 1599/1165/635 1596/1166/636 1597/1167/637
f 1597/1167/637 1598/1168/638 1599/1165/635
f 1603/1169/639 1600/1170/640 1601/1171/641
f 1601/1171/641 1602/1172/642 1603/1169/639
f 1607/1173/643 1604/1174/644 1605/1175/645
f 1605/1175/645 1606/1176/646 1607/1173/643
f 1604/1174/644 1608/1177/647 1609/1178/648
f 1609/1178/648 1605/1175/645 1604/1174/644
f 1608/1177/647 1610/1179/649 1611/1180/650
f 1611/1180/650 1609/1178/648 1608/1177/647
f 1610/1179/649 1612/1181/651 1613/1182/652
f 1613/1182/652 1611/1180/650 1610/1179/649
f 1612/1181/651 1614/1183/653 1615/1184/654
f 1615/1184/654 1613/1182/652 1612/1181/651
f 1614/1183/653 1616/1185/655 1617/1186/656
f 1617/1186/656 1615/1184/654 1614/1183/653
f 1616/1185/655 1618/1187/657 1619/1188/658
f 1619/1188/658 1617/1186/656 1616/1185/655
f 1619/1188/658 1618/1187/657 1620/1189/659
f 1620/1189/659 1621/1190/660 1619/1188/658
f 1620/1189/659 1622/1191/661 1623/1192/662
f 1623/1192/662 1621/1190/660 1620/1189/659
f 1622/1191/661 1624/1193/663 1625/1194/664
f 1625/1194/664 1623/1192/662 1622/1191/661
f 1624/1193/663 1626/1195/665 1627/1196/666
f 1627/1196/666 1625/1194/664 1624/1193/663
f 1626/1195/665 1628/1197/667 1629/1198/668
f 1629/1198/668 1627/1196/666 1626/1195/665
f 1628/1197/667 1591/1157/630 1590/1160/633
f 1590/1160/633 1629/1198/668 1628/1197/667
f 1633/1199/669 1630/1200/670 1631/1201/671
f 1631/1201/671 1632/1202/672 1633/1199/669
f 1637/1203/673 1634/1204/674 1635/1205/675
f 1635/1205/675 1636/1206/676 1637/1203/673
s 0
f 1638/1207/677 1639/1208/677 1640/1209/677
f 1641/1210/678 1642/1211/678 1643/1212/678
f 1644/1213/679 1645/1214/679 1646/1215/679
f 1647/1216/680 1648/1217/680 1649/1218/680
f 1653/1219/681 1650/1220/681 1651/1221/681
f 1651/1221/682 1652/1222/682 1653/1219/682
s 1
f 1657/1223/683 1654/1224/683 1655/1225/684
f 1655/1225/684 1656/1226/685 1657/1223/683
f 1661/1227/686 1658/1228/686 1659/1229/686
f 1659/1229/686 1660/1230/686 1661/1227/686
s 0
f 1665/1231/687 1662/1232/687 1663/1233/687
f 1663/1233/687 1664/1234/687 1665/1231/687
s 1
f 1669/1235/688 1666/1236/689 1667/1237/690
f 1667/1237/690 1668/1238/689 1669/1235/688
s 0
f 1673/1239/691 1670/1240/691 1671/1241/691
f 1671/1241/692 1672/1242/692 1673/1239/692
f 1677/1243/693 1674/1244/693 1675/1245/693
f 1675/1245/693 1676/1246/693 1677/1243/693
s 1
f 1681/1247/694 1678/1248/694 1679/1249/695
f 1679/1249/695 1680/1250/694 1681/1247/694
f 1685/1251/696 1682/1252/697 1683/1253/696
f 1683/1253/696 1684/1254/696 1685/1251/696
s 0
f 1689/1255/698 1686/1256/698 1687/1257/698
f 1687/1257/698 1688/1258/698 1689/1255/698
s 1
f 1691/1259/699 1690/1260/700 1630/1200/670
f 1630/1200/670 1633/1199/669 1691/1259/699
f 1632/1202/672 1631/1201/671 1692/1261/701
f 1692/1261/701 1693/1262/702 1632/1202/672
f 1634/1204/674 1637/1203/673 1694/1263/703
f 1694/1263/703 1695/1264/704 1634/1204/674
f 1695/1264/704 1694/1263/703 1696/1265/705
f 1696/1265/705 1697/1266/706 1695/1264/704
f 1697/1266/706 1696/1265/705 1698/1267/707
f 1698/1267/707 1699/1268/708 1697/1266/706
f 1699/1268/708 1698/1267/707 1700/1269/709
f 1700/1269/709 1701/1270/710 1699/1268/708
f 1701/1270/710 1700/1269/709 1702/1271/711
f 1702/1271/711 1703/1272/712 1701/1270/710
f 1703/1272/712 1702/1271/711 1704/1273/713
f 1704/1273/713 1705/1274/714 1703/1272/712
f 1705/1274/714 1704/1273/713 1706/1275/715
f 1706/1275/715 1707/1276/716 1705/1274/714
f 1707/1276/716 1706/1275/715 1708/1277/717
f 1708/1277/717 1709/1278/718 1707/1276/716
f 1711/1279/719 1710/1280/720 1690/1260/700
f 1690/1260/700 1691/1259/699 1711/1279/719
f 1709/1278/718 1708/1277/717 1710/1280/720
f 1710/1280/720 1711/1279/719 1709/1278/718
f 1715/1281/721 1712/1282/722 1713/1283/723
f 1713/1283/723 1714/1284/724 1715/1281/721
f 1717/1285/725 1716/1286/726 1712/1282/722
f 1712/1282/722 1715/1281/721 1717/1285/725
f 1719/1287/727 1718/1288/728 1716/1286/726
f 1716/1286/726 1717/1285/725 1719/1287/727
f 1721/1289/729 1720/1290/730 1718/1288/728
f 1718/1288/728 1719/1287/727 1721/1289/729
f 1603/1169/639 1602/1172/642 1720/1290/730
f 1720/1290/730 1721/1289/729 1603/1169/639
f 1723/1291/731 1722/1292/732 1601/1171/641
f 1601/1171/641 1600/1170/640 1723/1291/731
f 1725/1293/733 1724/1294/734 1722/1292/732
f 1722/1292/732 1723/1291/731 1725/1293/733
f 1727/1295/735 1726/1296/736 1724/1294/734
f 1724/1294/734 1725/1293/733 1727/1295/735
f 1729/1297/737 1728/1298/738 1726/1296/736
f 1726/1296/736 1727/1295/735 1729/1297/737
f 1731/1299/739 1730/1300/740 1728/1298/738
f 1728/1298/738 1729/1297/737 1731/1299/739
f 1599/1165/635 1598/1168/638 1730/1300/740
f 1730/1300/740 1731/1299/739 1599/1165/635
f 1714/1284/724 1713/1283/723 1732/1301/741
f 1732/1301/741 1733/1302/742 1714/1284/724
s 0
f 1734/1303/634 1593/1163/634 1592/1162/634
f 1735/1304/634 1593/1163/634 1734/1303/634
f 1736/1305/634 1737/1163/634 1738/1304/634
f 1739/1306/634 1593/1163/634 1740/1305/634
f 1741/1307/634 1593/1163/634 1739/1306/634
f 1593/1163/634 1741/1307/634 1742/1308/634
f 1743/1309/634 1593/1163/634 1744/1310/634
f 1744/1310/634 1593/1163/634 1745/1308/634
f 1746/1311/634 1593/1163/634 1743/1309/634
f 1593/1163/634 1746/1311/634 1747/1312/634
f 1750/1313/634 1748/1314/634 1749/1315/634
f 1749/1315/634 1593/1163/634 1750/1313/634
f 1737/1163/634 1751/1312/634 1752/1316/634
f 1750/1313/634 1593/1163/634 1753/1316/634
f 1757/1317/743 1754/1318/743 1755/1256/743
s 1
f 1755/1256/744 1756/1319/744 1757/1317/744
s 0
f 1758/1319/698 1686/1256/698 1759/1320/698
f 1759/1320/698 1686/1256/698 1760/1321/698
f 1761/1321/698 1686/1256/698 1762/1322/698
f 1762/1322/698 1763/1256/698 1764/1323/698
f 1764/1323/698 1763/1256/698 1765/1324/698
f 1766/1324/698 1763/1256/698 1767/1325/698
f 1767/1325/698 1763/1256/698 1768/1326/698
f 1768/1326/698 1763/1256/698 1769/1327/698
f 1769/1327/698 1763/1256/698 1770/1328/698
f 1770/1328/698 1763/1256/698 1771/1329/698
f 1771/1329/698 1763/1256/698 1772/1330/698
f 1772/1330/698 1773/1256/698 1774/1255/698
f 1585/1154/629 1775/1331/629 1776/1332/629
f 1776/1332/629 1586/1155/629 1585/1154/629
f 1777/1154/629 1778/1156/629 1779/1333/629
f 1585/1154/629 1779/1333/629 1780/1334/629
f 1777/1154/629 1780/1334/629 1781/1335/629
f 1585/1154/629 1782/1335/629 1783/1336/629
f 1585/1154/629 1783/1336/629 1784/1337/629
f 1777/1154/629 1785/1337/629 1786/1338/629
f 1787/1154/629 1786/1338/629 1788/1339/629
f 1585/1154/629 1789/1339/629 1790/1340/629
f 1787/1154/629 1791/1340/629 1792/1341/629
f 1787/1154/629 1792/1341/629 1793/1342/629
f 1787/1154/629 1793/1342/629 1794/1343/629
f 1796/1344/629 1795/1345/629 1777/1154/629
f 1777/1154/629 1794/1343/629 1796/1344/629
o defaultMaterial.006
v -0.940316 0.994641 0.934958
v -0.699526 0.994641 0.479057
v -0.715048 0.994641 0.451657
v -0.290758 0.835485 0.571723
v -0.302447 0.835023 0.565839
v -0.451656 0.994641 0.715048
v -0.426788 0.994641 0.727482
v -1.000000 0.451658 0.715048
v -1.000000 0.426790 0.727482
v -1.000000 0.427730 0.934958
v -1.000000 0.934958 0.934958
v -0.574420 0.285399 0.835485
v -0.565839 0.302448 0.835196
v -0.715048 0.451657 0.994641
v -0.727482 0.426789 0.994641
v -0.453678 0.453679 0.833887
v -0.430871 0.475393 0.833932
v -0.580080 0.624602 0.994641
v -0.602887 0.602888 0.994641
v -0.565839 0.834830 0.302448
v -0.574420 0.835485 0.285399
v -0.727482 0.994641 0.426788
v -0.715048 0.994641 0.451657
v -0.550317 0.833913 0.329848
v -0.699526 0.994641 0.479057
v -0.533469 0.833162 0.356453
v -0.682678 0.994641 0.505662
v -0.515336 0.832581 0.382200
v -0.664545 0.994641 0.531409
v -0.495962 0.832169 0.407026
v -0.645171 0.994641 0.556235
v -0.475393 0.831928 0.430871
v -0.624602 0.994641 0.580080
v -0.453678 0.831858 0.453679
v -0.602887 0.994641 0.602888
v -0.580080 0.994641 0.624602
v -0.430871 0.831960 0.475393
v -0.407026 0.832234 0.495962
v -0.556234 0.994641 0.645171
v -0.382200 0.832678 0.515337
v -0.531409 0.994641 0.664545
v -0.356453 0.833292 0.533469
v -0.505662 0.994641 0.682678
v -0.329847 0.834074 0.550317
v -0.479056 0.994641 0.699526
v -1.000000 0.479058 0.699525
v -0.838327 0.329849 0.550316
v -0.839796 0.302449 0.565839
v -1.000000 0.451658 0.715048
v -0.839797 0.565840 0.302446
v -1.000000 0.715049 0.451655
v -1.000000 0.727484 0.426787
v -0.840844 0.574421 0.285399
v -0.426693 0.934958 0.994641
v -0.290758 0.835485 0.835485
v -0.426080 0.994641 0.934958
v -1.000000 0.427730 0.934958
v -0.840844 0.285399 0.835485
v -0.940316 0.427461 0.993694
v -1.000000 0.934958 0.934958
v -0.940316 0.934958 0.994641
v -0.940316 0.994641 0.934958
v -0.840844 0.835485 0.285399
v -1.000000 0.934958 0.428508
v -0.940316 0.994641 0.426643
v -0.426788 0.727482 0.994641
v -0.290758 0.571723 0.835485
v -0.290758 0.835485 0.835485
v -0.426693 0.934958 0.994641
v -0.426080 0.994641 0.934958
v -0.290758 0.835485 0.835485
v -0.290758 0.835485 0.571723
v -0.426788 0.994641 0.727482
v -1.000000 0.427730 0.934958
v -0.940316 0.427461 0.993694
v -0.940316 0.934958 0.994641
v -1.000000 0.934958 0.934958
v -0.940316 0.994641 0.934958
v -0.940316 0.934958 0.994641
v -0.426693 0.934958 0.994641
v -0.426080 0.994641 0.934958
v -0.574420 0.285399 0.835485
v -0.727482 0.426789 0.994641
v -0.940316 0.427461 0.993694
v -0.840844 0.285399 0.835485
v -0.840844 0.835485 0.285399
v -0.940316 0.994641 0.426643
v -0.727482 0.994641 0.426788
v -0.574420 0.835485 0.285399
v -1.000000 0.934958 0.934958
v -0.940316 0.994641 0.934958
v -0.940316 0.994641 0.426643
v -1.000000 0.934958 0.428508
v -1.000000 0.426790 0.727482
v -0.840844 0.285399 0.574421
v -0.840844 0.285399 0.835485
v -1.000000 0.427730 0.934958
v -0.840844 0.574421 0.285399
v -1.000000 0.727484 0.426787
v -1.000000 0.934958 0.428508
v -0.840844 0.835485 0.285399
v -0.940316 0.934958 0.994641
v -0.451656 0.715048 0.994641
v -0.426788 0.727482 0.994641
v -0.426693 0.934958 0.994641
v -1.000000 0.505664 0.682678
v -0.837121 0.356455 0.533469
v -0.840844 0.285399 0.574421
v -1.000000 0.426790 0.727482
v -0.838328 0.550319 0.329846
v -1.000000 0.699528 0.479055
v -0.837121 0.533471 0.356451
v -1.000000 0.682680 0.505660
v -0.836179 0.515338 0.382198
v -1.000000 0.664547 0.531407
v -0.835505 0.495964 0.407024
v -1.000000 0.645173 0.556233
v -0.835100 0.475395 0.430870
v -1.000000 0.624604 0.580079
v -0.834964 0.453680 0.453677
v -1.000000 0.602889 0.602886
v -0.835100 0.430873 0.475392
v -1.000000 0.580082 0.624601
v -0.835505 0.407028 0.495961
v -1.000000 0.556237 0.645170
v -1.000000 0.531411 0.664544
v -0.836179 0.382202 0.515336
v -0.479056 0.699526 0.994641
v -0.329847 0.550317 0.834863
v -0.302447 0.565839 0.835281
v -0.451656 0.715048 0.994641
v -0.505662 0.682679 0.994641
v -0.356453 0.533470 0.834518
v -0.531409 0.664546 0.994641
v -0.382200 0.515337 0.834248
v -0.556234 0.645171 0.994641
v -0.407026 0.495962 0.834052
v -0.624602 0.580081 0.994641
v -0.475393 0.430871 0.833917
v -0.645171 0.556235 0.994641
v -0.495962 0.407026 0.834023
v -0.664545 0.531409 0.994641
v -0.515336 0.382200 0.834205
v -0.682678 0.505662 0.994641
v -0.533469 0.356453 0.834461
v -0.699526 0.479057 0.994641
v -0.550317 0.329848 0.834792
v -0.290758 0.571723 0.835485
v -0.426788 0.727482 0.994641
v -1.000000 0.479058 0.699525
v -1.000000 0.505664 0.682678
v -1.000000 0.531411 0.664544
v -1.000000 0.556237 0.645170
v -1.000000 0.580082 0.624601
v -1.000000 0.934958 0.934958
v -1.000000 0.602889 0.602886
v -1.000000 0.645173 0.556233
v -1.000000 0.624604 0.580079
v -1.000000 0.602889 0.602886
v -1.000000 0.664547 0.531407
v -1.000000 0.682680 0.505660
v -1.000000 0.727484 0.426787
v -1.000000 0.715049 0.451655
v -1.000000 0.934958 0.428508
v -1.000000 0.699528 0.479055
v -1.000000 0.682680 0.505660
v -0.940316 0.427461 0.993694
v -0.727482 0.426789 0.994641
v -0.715048 0.451657 0.994641
v -0.940316 0.934958 0.994641
v -0.715048 0.451657 0.994641
v -0.699526 0.479057 0.994641
v -0.682678 0.505662 0.994641
v -0.664545 0.531409 0.994641
v -0.645171 0.556235 0.994641
v -0.624602 0.580081 0.994641
v -0.602887 0.602888 0.994641
v -0.580080 0.624602 0.994641
v -0.556234 0.645171 0.994641
v -0.531409 0.664546 0.994641
v -0.505662 0.682679 0.994641
v -0.479056 0.699526 0.994641
v -0.940316 0.994641 0.426643
v -0.940316 0.994641 0.934958
v -0.715048 0.994641 0.451657
v -0.727482 0.994641 0.426788
v -0.940316 0.994641 0.934958
v -0.682678 0.994641 0.505662
v -0.699526 0.994641 0.479057
v -0.940316 0.994641 0.934958
v -0.664545 0.994641 0.531409
v -0.682678 0.994641 0.505662
v -0.940316 0.994641 0.934958
v -0.645171 0.994641 0.556235
v -0.664545 0.994641 0.531409
v -0.624602 0.994641 0.580080
v -0.940316 0.994641 0.934958
v -0.602887 0.994641 0.602888
v -0.624602 0.994641 0.580080
v -0.580080 0.994641 0.624602
v -0.556234 0.994641 0.645171
v -0.531409 0.994641 0.664545
v -0.556234 0.994641 0.645171
v -0.505662 0.994641 0.682678
v -0.531409 0.994641 0.664545
v -0.479056 0.994641 0.699526
v -0.451656 0.994641 0.715048
v -0.426080 0.994641 0.934958
v -0.426788 0.994641 0.727482
vn -0.0000 1.0000 -0.0000
vn 0.3996 0.8979 -0.1846
vn 0.5032 0.7840 -0.3634
vn 0.2821 0.7825 -0.5551
vn 0.1490 0.9458 -0.2884
vn -1.0000 -0.0000 -0.0000
vn 0.1824 -0.3932 0.9012
vn 0.3532 -0.5037 0.7884
vn 0.5514 -0.2860 0.7837
vn 0.2847 -0.1518 0.9465
vn 0.2229 -0.2230 0.9490
vn 0.4284 -0.4286 0.7955
vn 0.4061 -0.4502 0.7952
vn 0.2116 -0.2340 0.9489
vn 0.2888 0.9457 -0.1488
vn 0.5560 0.7820 -0.2815
vn 0.3585 0.7881 -0.5004
vn 0.1864 0.9011 -0.3914
vn 0.2793 0.9464 -0.1623
vn 0.5374 0.7851 -0.3079
vn 0.2690 0.9470 -0.1755
vn 0.5178 0.7876 -0.3341
vn 0.2585 0.9475 -0.1884
vn 0.4974 0.7894 -0.3597
vn 0.2476 0.9478 -0.2009
vn 0.4762 0.7908 -0.3846
vn 0.2364 0.9480 -0.2131
vn 0.4543 0.7916 -0.4087
vn 0.2249 0.9481 -0.2250
vn 0.4316 0.7918 -0.4322
vn 0.4082 0.7916 -0.4546
vn 0.2130 0.9480 -0.2365
vn 0.2008 0.9478 -0.2476
vn 0.3842 0.7909 -0.4764
vn 0.1882 0.9475 -0.2585
vn 0.3593 0.7896 -0.4974
vn 0.1753 0.9471 -0.2690
vn 0.3337 0.7878 -0.5178
vn 0.1620 0.9465 -0.2792
vn 0.3073 0.7854 -0.5374
vn -0.9452 -0.1464 -0.2917
vn -0.9457 -0.1605 -0.2825
vn -0.7826 -0.3040 -0.5432
vn -0.7803 -0.2768 -0.5609
vn -0.7891 -0.3619 -0.4963
vn -0.7803 -0.5609 -0.2768
vn -0.9452 -0.2917 -0.1464
vn -0.9014 -0.1869 -0.3907
vn 0.8032 0.4171 0.4253
vn -0.4329 -0.7889 0.4362
vn -0.5773 0.5774 0.5774
vn -0.4463 0.4216 -0.7894
vn 0.7602 -0.0002 0.6497
vn 0.7606 0.6492 -0.0013
vn 0.7606 0.6493 -0.0011
vn 0.7606 0.6493 -0.0012
vn 0.7605 0.6493 -0.0011
vn -0.7043 -0.0007 0.7099
vn -0.7042 -0.0007 0.7100
vn -0.0000 0.7071 0.7071
vn -0.0025 -0.7467 0.6651
vn -0.0023 -0.7468 0.6651
vn -0.0026 -0.7467 0.6652
vn -0.0024 -0.7468 0.6651
vn -0.0000 0.6638 -0.7479
vn 0.0005 0.6644 -0.7474
vn -0.7071 0.7071 -0.0000
vn -0.6646 -0.7472 0.0016
vn -0.6647 -0.7471 0.0015
vn -0.6652 0.0028 -0.7467
vn -0.6652 0.0027 -0.7467
vn -0.0000 -0.0000 1.0000
vn -0.9462 -0.1746 -0.2724
vn -0.7845 -0.3321 -0.5237
vn -0.9014 -0.3904 -0.1873
vn -0.7888 -0.4964 -0.3625
vn -0.9457 -0.2825 -0.1605
vn -0.7826 -0.5432 -0.3041
vn -0.9462 -0.2724 -0.1747
vn -0.7845 -0.5237 -0.3321
vn -0.9466 -0.2618 -0.1884
vn -0.7860 -0.5032 -0.3593
vn -0.9468 -0.2507 -0.2017
vn -0.7870 -0.4816 -0.3856
vn -0.9470 -0.2391 -0.2146
vn -0.7876 -0.4591 -0.4110
vn -0.9470 -0.2271 -0.2271
vn -0.7878 -0.4356 -0.4354
vn -0.9470 -0.2146 -0.2391
vn -0.7876 -0.4110 -0.4590
vn -0.9468 -0.2017 -0.2507
vn -0.7870 -0.3856 -0.4816
vn -0.9466 -0.1884 -0.2618
vn -0.7860 -0.3593 -0.5032
vn 0.1511 -0.2860 0.9462
vn 0.1638 -0.2762 0.9471
vn 0.3110 -0.5320 0.7875
vn 0.2862 -0.5511 0.7838
vn 0.1762 -0.2659 0.9478
vn 0.3358 -0.5123 0.7904
vn 0.1883 -0.2554 0.9483
vn 0.3599 -0.4921 0.7927
vn 0.2001 -0.2448 0.9487
vn 0.3833 -0.4714 0.7943
vn 0.2339 -0.2117 0.9489
vn 0.4503 -0.4062 0.7952
vn 0.2448 -0.2002 0.9487
vn 0.4714 -0.3834 0.7942
vn 0.2554 -0.1884 0.9483
vn 0.4920 -0.3601 0.7926
vn 0.2659 -0.1763 0.9477
vn 0.5123 -0.3360 0.7904
vn 0.2762 -0.1639 0.9470
vn 0.5320 -0.3113 0.7874
vn 0.4008 -0.1831 0.8977
vn 0.5064 -0.3593 0.7839
vn -0.0041 -0.0017 1.0000
vn -0.0039 -0.0016 1.0000
vn -0.0040 -0.0017 1.0000
vt 0.095922 0.348240
vt 0.124122 0.294847
vt 0.122304 0.291638
vt 0.771412 0.550173
vt 0.773146 0.580685
vt 0.774638 0.580331
vt 0.774561 0.549344
vt 0.449044 0.444001
vt 0.427233 0.385767
vt 0.424143 0.384738
vt 0.407040 0.401997
vt 0.099224 0.232261
vt 0.129920 0.231408
vt 0.129390 0.229236
vt 0.098416 0.229107
vt 0.095922 0.207169
vt 0.126989 0.207283
vt 0.127071 0.203596
vt 0.096008 0.203482
vt 0.818422 0.549183
vt 0.818571 0.580183
vt 0.820751 0.580685
vt 0.821577 0.549989
vt 0.814815 0.548416
vt 0.814949 0.579481
vt 0.811180 0.547789
vt 0.811305 0.578907
vt 0.807524 0.547303
vt 0.807643 0.578463
vt 0.803852 0.546959
vt 0.803968 0.578148
vt 0.800170 0.546758
vt 0.800284 0.577964
vt 0.796482 0.546699
vt 0.796597 0.577911
vt 0.792909 0.577989
vt 0.792795 0.546785
vt 0.789114 0.547013
vt 0.789227 0.578197
vt 0.785445 0.547384
vt 0.785554 0.578537
vt 0.781793 0.547897
vt 0.781896 0.579006
vt 0.778163 0.548551
vt 0.778255 0.579604
vt 0.006545 0.210132
vt 0.005768 0.213737
vt 0.036900 0.213702
vt 0.037573 0.210072
vt 0.038053 0.256242
vt 0.037573 0.254056
vt 0.006545 0.253996
vt 0.007359 0.257149
vt 0.961624 0.267470
vt 0.988764 0.267470
vt 0.963466 0.257758
vt 0.961585 0.821364
vt 0.989171 0.821364
vt 0.963422 0.811730
vt 0.984449 0.104216
vt 0.994334 0.104216
vt 0.989391 0.095655
vt 0.742981 0.452236
vt 0.733231 0.478101
vt 0.742981 0.479746
vt 0.891783 0.538145
vt 0.891775 0.562444
vt 0.916295 0.580685
vt 0.916295 0.549795
vt 0.883791 0.550124
vt 0.864263 0.535664
vt 0.859007 0.562247
vt 0.883791 0.580685
vt 0.003992 0.079151
vt 0.003992 0.138554
vt 0.013799 0.138586
vt 0.013877 0.079151
vt 0.975453 0.986123
vt 0.915228 0.986123
vt 0.915228 0.996008
vt 0.975381 0.996008
vt 0.867159 0.838976
vt 0.885373 0.813642
vt 0.854666 0.813642
vt 0.840140 0.833899
vt 0.902030 0.260152
vt 0.902030 0.228950
vt 0.877109 0.217301
vt 0.877098 0.242227
vt 0.976246 0.094331
vt 0.916933 0.094331
vt 0.916933 0.104216
vt 0.976464 0.104216
vt 0.724928 0.103746
vt 0.749227 0.103673
vt 0.767152 0.078740
vt 0.736578 0.078740
vt 0.849369 0.978160
vt 0.874193 0.996008
vt 0.874193 0.965300
vt 0.854542 0.951007
vt 0.224284 0.288709
vt 0.164131 0.288738
vt 0.221373 0.314465
vt 0.224284 0.313007
vt 0.005130 0.217369
vt 0.036349 0.217352
vt 0.007359 0.206979
vt 0.038053 0.207885
vt 0.005768 0.250391
vt 0.036900 0.250425
vt 0.005130 0.246758
vt 0.036349 0.246776
vt 0.004633 0.243104
vt 0.035919 0.243111
vt 0.004277 0.239433
vt 0.035612 0.239435
vt 0.004064 0.235751
vt 0.035427 0.235752
vt 0.003992 0.232064
vt 0.035366 0.232064
vt 0.004064 0.228377
vt 0.035427 0.228376
vt 0.004277 0.224695
vt 0.035612 0.224693
vt 0.004633 0.221024
vt 0.035919 0.221017
vt 0.098578 0.185250
vt 0.097782 0.188851
vt 0.128779 0.188956
vt 0.129546 0.185348
vt 0.097125 0.192480
vt 0.128147 0.192589
vt 0.096610 0.196132
vt 0.127651 0.196244
vt 0.096237 0.199801
vt 0.127292 0.199915
vt 0.095981 0.210856
vt 0.127045 0.210971
vt 0.096183 0.214539
vt 0.127240 0.214654
vt 0.096528 0.218211
vt 0.127572 0.218327
vt 0.097017 0.221866
vt 0.128043 0.221985
vt 0.097646 0.225500
vt 0.128649 0.225623
vt 0.099410 0.182101
vt 0.129920 0.183861
vt 0.430787 0.386751
vt 0.434386 0.387559
vt 0.438019 0.388189
vt 0.441680 0.388641
vt 0.445358 0.388912
vt 0.449045 0.389003
vt 0.456410 0.388641
vt 0.452732 0.388912
vt 0.460070 0.388189
vt 0.463704 0.387559
vt 0.490985 0.402062
vt 0.473946 0.384738
vt 0.470857 0.385767
vt 0.467302 0.386751
vt 0.164160 0.348173
vt 0.189086 0.348240
vt 0.190541 0.345327
vt 0.192357 0.342117
vt 0.194329 0.339000
vt 0.196451 0.335984
vt 0.198718 0.333075
vt 0.201126 0.330281
vt 0.203668 0.327609
vt 0.206338 0.325064
vt 0.209129 0.322654
vt 0.212035 0.320384
vt 0.215050 0.318259
vt 0.218165 0.316284
vt 0.120848 0.288726
vt 0.095922 0.288709
vt 0.126095 0.297963
vt 0.128219 0.300978
vt 0.130488 0.303886
vt 0.132897 0.306679
vt 0.135440 0.309350
vt 0.138111 0.311893
vt 0.140903 0.314302
vt 0.143811 0.316571
vt 0.146826 0.318694
vt 0.149942 0.320667
vt 0.153151 0.322485
vt 0.156146 0.348240
vt 0.156063 0.323941
s 0
usemtl DefaultMaterial
f 1797/1346/745 1798/1347/745 1799/1348/745
s 1
f 1803/1349/746 1800/1350/747 1801/1351/748
f 1801/1351/748 1802/1352/749 1803/1349/746
s 0
f 1807/1353/750 1804/1354/750 1805/1355/750
f 1805/1355/750 1806/1356/750 1807/1353/750
s 1
f 1811/1357/751 1808/1358/752 1809/1359/753
f 1809/1359/753 1810/1360/754 1811/1357/751
f 1815/1361/755 1812/1362/756 1813/1363/757
f 1813/1363/757 1814/1364/758 1815/1361/755
f 1819/1365/759 1816/1366/760 1817/1367/761
f 1817/1367/761 1818/1368/762 1819/1365/759
f 1821/1369/763 1820/1370/764 1816/1366/760
f 1816/1366/760 1819/1365/759 1821/1369/763
f 1823/1371/765 1822/1372/766 1820/1370/764
f 1820/1370/764 1821/1369/763 1823/1371/765
f 1825/1373/767 1824/1374/768 1822/1372/766
f 1822/1372/766 1823/1371/765 1825/1373/767
f 1827/1375/769 1826/1376/770 1824/1374/768
f 1824/1374/768 1825/1373/767 1827/1375/769
f 1829/1377/771 1828/1378/772 1826/1376/770
f 1826/1376/770 1827/1375/769 1829/1377/771
f 1831/1379/773 1830/1380/774 1828/1378/772
f 1828/1378/772 1829/1377/771 1831/1379/773
f 1833/1381/775 1830/1380/774 1831/1379/773
f 1831/1379/773 1832/1382/776 1833/1381/775
f 1835/1383/777 1834/1384/778 1833/1381/775
f 1833/1381/775 1832/1382/776 1835/1383/777
f 1837/1385/779 1836/1386/780 1834/1384/778
f 1834/1384/778 1835/1383/777 1837/1385/779
f 1839/1387/781 1838/1388/782 1836/1386/780
f 1836/1386/780 1837/1385/779 1839/1387/781
f 1841/1389/783 1840/1390/784 1838/1388/782
f 1838/1388/782 1839/1387/781 1841/1389/783
f 1802/1352/749 1801/1351/748 1840/1390/784
f 1840/1390/784 1841/1389/783 1802/1352/749
f 1845/1391/785 1842/1392/786 1843/1393/787
f 1843/1393/787 1844/1394/788 1845/1391/785
f 1849/1395/789 1846/1396/790 1847/1397/791
f 1847/1397/791 1848/1398/792 1849/1395/789
s 0
f 1850/1399/793 1851/1400/793 1852/1401/793
f 1853/1402/794 1854/1403/794 1855/1404/794
f 1856/1405/795 1857/1406/795 1858/1407/795
f 1859/1408/796 1860/1409/796 1861/1410/796
f 1865/1411/797 1862/1412/797 1863/1413/797
f 1863/1413/797 1864/1414/797 1865/1411/797
s 1
f 1869/1415/798 1866/1416/799 1867/1417/800
f 1867/1417/800 1868/1418/801 1869/1415/798
f 1873/1419/802 1870/1420/802 1871/1421/803
f 1871/1421/803 1872/1422/802 1873/1419/802
s 0
f 1877/1423/804 1874/1424/804 1875/1425/804
f 1875/1425/804 1876/1426/804 1877/1423/804
s 1
f 1881/1427/805 1878/1428/806 1879/1429/807
f 1879/1429/807 1880/1430/808 1881/1427/805
s 0
f 1885/1431/809 1882/1432/809 1883/1433/809
f 1883/1433/810 1884/1434/810 1885/1431/810
f 1889/1435/811 1886/1436/811 1887/1437/811
f 1887/1437/811 1888/1438/811 1889/1435/811
s 1
f 1893/1439/812 1890/1440/813 1891/1441/813
f 1891/1441/813 1892/1442/813 1893/1439/812
f 1897/1443/814 1894/1444/815 1895/1445/814
f 1895/1445/814 1896/1446/814 1897/1443/814
s 0
f 1901/1447/816 1898/1448/816 1899/1449/816
f 1899/1449/816 1900/1450/816 1901/1447/816
s 1
f 1842/1392/786 1902/1451/817 1903/1452/818
f 1903/1452/818 1843/1393/787 1842/1392/786
f 1905/1453/819 1845/1391/785 1844/1394/788
f 1844/1394/788 1904/1454/820 1905/1453/819
f 1907/1455/821 1847/1397/791 1846/1396/790
f 1846/1396/790 1906/1456/822 1907/1455/821
f 1909/1457/823 1907/1455/821 1906/1456/822
f 1906/1456/822 1908/1458/824 1909/1457/823
f 1911/1459/825 1909/1457/823 1908/1458/824
f 1908/1458/824 1910/1460/826 1911/1459/825
f 1913/1461/827 1911/1459/825 1910/1460/826
f 1910/1460/826 1912/1462/828 1913/1461/827
f 1915/1463/829 1913/1461/827 1912/1462/828
f 1912/1462/828 1914/1464/830 1915/1463/829
f 1917/1465/831 1915/1463/829 1914/1464/830
f 1914/1464/830 1916/1466/832 1917/1465/831
f 1919/1467/833 1917/1465/831 1916/1466/832
f 1916/1466/832 1918/1468/834 1919/1467/833
f 1921/1469/835 1919/1467/833 1918/1468/834
f 1918/1468/834 1920/1470/836 1921/1469/835
f 1902/1451/817 1922/1471/837 1923/1472/838
f 1923/1472/838 1903/1452/818 1902/1451/817
f 1922/1471/837 1921/1469/835 1920/1470/836
f 1920/1470/836 1923/1472/838 1922/1471/837
f 1927/1473/839 1924/1474/840 1925/1475/841
f 1925/1475/841 1926/1476/842 1927/1473/839
f 1924/1474/840 1928/1477/843 1929/1478/844
f 1929/1478/844 1925/1475/841 1924/1474/840
f 1928/1477/843 1930/1479/845 1931/1480/846
f 1931/1480/846 1929/1478/844 1928/1477/843
f 1930/1479/845 1932/1481/847 1933/1482/848
f 1933/1482/848 1931/1480/846 1930/1479/845
f 1932/1481/847 1814/1364/758 1813/1363/757
f 1813/1363/757 1933/1482/848 1932/1481/847
f 1815/1361/755 1934/1483/849 1935/1484/850
f 1935/1484/850 1812/1362/756 1815/1361/755
f 1934/1483/849 1936/1485/851 1937/1486/852
f 1937/1486/852 1935/1484/850 1934/1483/849
f 1936/1485/851 1938/1487/853 1939/1488/854
f 1939/1488/854 1937/1486/852 1936/1485/851
f 1938/1487/853 1940/1489/855 1941/1490/856
f 1941/1490/856 1939/1488/854 1938/1487/853
f 1940/1489/855 1942/1491/857 1943/1492/858
f 1943/1492/858 1941/1490/856 1940/1489/855
f 1942/1491/857 1810/1360/754 1809/1359/753
f 1809/1359/753 1943/1492/858 1942/1491/857
f 1945/1493/859 1927/1473/839 1926/1476/842
f 1926/1476/842 1944/1494/860 1945/1493/859
s 0
f 1946/1495/750 1804/1354/750 1807/1353/750
f 1947/1496/750 1946/1495/750 1807/1353/750
f 1948/1497/750 1947/1496/750 1807/1353/750
f 1949/1498/750 1948/1497/750 1807/1353/750
f 1950/1499/750 1949/1498/750 1807/1353/750
f 1951/1353/750 1952/1500/750 1950/1499/750
f 1953/1501/750 1954/1502/750 1807/1353/750
f 1954/1502/750 1955/1500/750 1807/1353/750
f 1956/1503/750 1953/1501/750 1807/1353/750
f 1807/1353/750 1957/1504/750 1956/1503/750
f 1960/1505/750 1958/1506/750 1959/1507/750
f 1959/1507/750 1807/1353/750 1960/1505/750
f 1807/1353/750 1961/1508/750 1962/1504/750
f 1959/1507/750 1961/1508/750 1807/1353/750
s 1
f 1966/1448/861 1963/1509/862 1964/1510/863
f 1964/1510/863 1965/1511/863 1966/1448/861
s 0
f 1967/1511/816 1968/1512/816 1898/1448/816
f 1968/1512/816 1969/1513/816 1898/1448/816
f 1969/1513/816 1970/1514/816 1898/1448/816
f 1970/1514/816 1971/1515/816 1898/1448/816
f 1971/1515/816 1972/1516/816 1898/1448/816
f 1972/1516/816 1973/1517/816 1898/1448/816
f 1973/1517/816 1974/1518/816 1898/1448/816
f 1974/1518/816 1975/1519/816 1898/1448/816
f 1975/1519/816 1976/1520/816 1898/1448/816
f 1976/1520/816 1977/1521/816 1898/1448/816
f 1977/1521/816 1978/1522/816 1898/1448/816
f 1978/1522/816 1899/1449/816 1898/1448/816
f 1982/1523/745 1979/1524/745 1980/1346/745
f 1980/1346/745 1981/1348/745 1982/1523/745
f 1983/1346/745 1984/1525/745 1985/1347/745
f 1986/1346/745 1987/1526/745 1988/1525/745
f 1989/1346/745 1990/1527/745 1991/1526/745
f 1986/1346/745 1992/1528/745 1990/1527/745
f 1993/1346/745 1994/1529/745 1995/1528/745
f 1980/1346/745 1996/1530/745 1994/1529/745
f 1980/1346/745 1997/1531/745 1996/1530/745
f 1986/1346/745 1998/1532/745 1999/1531/745
f 1980/1346/745 2000/1533/745 2001/1532/745
f 1980/1346/745 2002/1534/745 2000/1533/745
f 1980/1346/745 2003/1535/745 2002/1534/745
f 1980/1346/745 2004/1536/745 2005/1537/745
f 2005/1537/745 2003/1535/745 1980/1346/745
o defaultMaterial.007
v -0.940316 -0.994643 0.934958
v -0.715048 -0.994643 0.451657
v -0.699526 -0.994643 0.479057
v -0.290758 -0.835487 0.571723
v -0.426788 -0.994643 0.727482
v -0.451656 -0.994643 0.715048
v -0.302447 -0.835024 0.565839
v -1.000000 -0.451660 0.715047
v -1.000000 -0.934959 0.934958
v -1.000000 -0.427731 0.934958
v -1.000000 -0.426791 0.727482
v -0.574420 -0.285401 0.835485
v -0.727482 -0.426790 0.994641
v -0.715048 -0.451658 0.994641
v -0.565839 -0.302449 0.835196
v -0.453678 -0.453680 0.833886
v -0.602887 -0.602889 0.994641
v -0.580080 -0.624604 0.994641
v -0.430871 -0.475395 0.833931
v -0.565839 -0.834831 0.302448
v -0.715048 -0.994643 0.451657
v -0.727482 -0.994643 0.426789
v -0.574420 -0.835487 0.285399
v -0.550317 -0.833914 0.329848
v -0.699526 -0.994643 0.479057
v -0.533469 -0.833164 0.356453
v -0.682678 -0.994643 0.505662
v -0.515336 -0.832582 0.382200
v -0.664545 -0.994643 0.531409
v -0.495962 -0.832170 0.407026
v -0.645171 -0.994643 0.556235
v -0.475393 -0.831929 0.430871
v -0.624602 -0.994643 0.580080
v -0.453678 -0.831860 0.453679
v -0.602887 -0.994643 0.602888
v -0.430871 -0.831962 0.475393
v -0.580080 -0.994643 0.624602
v -0.407026 -0.832235 0.495962
v -0.556234 -0.994643 0.645171
v -0.382200 -0.832680 0.515337
v -0.531409 -0.994643 0.664546
v -0.356453 -0.833294 0.533469
v -0.505662 -0.994643 0.682679
v -0.329847 -0.834076 0.550317
v -0.479056 -0.994643 0.699526
v -1.000000 -0.479060 0.699525
v -1.000000 -0.451660 0.715047
v -0.839796 -0.302451 0.565838
v -0.838327 -0.329851 0.550316
v -0.839797 -0.565842 0.302446
v -0.840844 -0.574422 0.285399
v -1.000000 -0.727485 0.426787
v -1.000000 -0.715051 0.451655
v -0.426693 -0.934959 0.994641
v -0.426080 -0.994643 0.934958
v -0.290758 -0.835487 0.835485
v -1.000000 -0.427731 0.934958
v -0.940316 -0.427462 0.993694
v -0.840844 -0.285401 0.835485
v -1.000000 -0.934959 0.934958
v -0.940316 -0.994643 0.934958
v -0.940316 -0.934959 0.994641
v -0.840844 -0.835487 0.285399
v -0.940316 -0.994643 0.426643
v -1.000000 -0.934959 0.428508
v -0.426788 -0.727484 0.994641
v -0.426693 -0.934959 0.994641
v -0.290758 -0.835487 0.835485
v -0.290758 -0.571725 0.835485
v -0.426080 -0.994643 0.934958
v -0.426788 -0.994643 0.727482
v -0.290758 -0.835487 0.571723
v -0.290758 -0.835487 0.835485
v -1.000000 -0.427731 0.934958
v -1.000000 -0.934959 0.934958
v -0.940316 -0.934959 0.994641
v -0.940316 -0.427462 0.993694
v -0.940316 -0.994643 0.934958
v -0.426080 -0.994643 0.934958
v -0.426693 -0.934959 0.994641
v -0.940316 -0.934959 0.994641
v -0.574420 -0.285401 0.835485
v -0.840844 -0.285401 0.835485
v -0.940316 -0.427462 0.993694
v -0.727482 -0.426790 0.994641
v -0.840844 -0.835487 0.285399
v -0.574420 -0.835487 0.285399
v -0.727482 -0.994643 0.426789
v -0.940316 -0.994643 0.426643
v -1.000000 -0.934959 0.934958
v -1.000000 -0.934959 0.428508
v -0.940316 -0.994643 0.426643
v -0.940316 -0.994643 0.934958
v -1.000000 -0.426791 0.727482
v -1.000000 -0.427731 0.934958
v -0.840844 -0.285401 0.835485
v -0.840844 -0.285401 0.574421
v -0.840844 -0.574422 0.285399
v -0.840844 -0.835487 0.285399
v -1.000000 -0.934959 0.428508
v -1.000000 -0.727485 0.426787
v -0.940316 -0.934959 0.994641
v -0.426693 -0.934959 0.994641
v -0.426788 -0.727484 0.994641
v -0.451656 -0.715050 0.994641
v -1.000000 -0.505665 0.682677
v -0.837121 -0.356456 0.533468
v -1.000000 -0.426791 0.727482
v -0.840844 -0.285401 0.574421
v -1.000000 -0.699529 0.479055
v -0.838328 -0.550320 0.329846
v -1.000000 -0.682681 0.505660
v -0.837121 -0.533472 0.356451
v -1.000000 -0.664549 0.531407
v -0.836179 -0.515340 0.382198
v -1.000000 -0.645174 0.556233
v -0.835505 -0.495965 0.407024
v -1.000000 -0.624605 0.580079
v -0.835100 -0.475396 0.430870
v -1.000000 -0.602891 0.602886
v -0.834964 -0.453682 0.453677
v -1.000000 -0.580083 0.624601
v -0.835100 -0.430875 0.475392
v -1.000000 -0.556238 0.645170
v -0.835505 -0.407029 0.495961
v -1.000000 -0.531412 0.664544
v -0.836179 -0.382203 0.515335
v -0.479056 -0.699528 0.994641
v -0.451656 -0.715050 0.994641
v -0.302447 -0.565841 0.835281
v -0.329847 -0.550319 0.834863
v -0.505662 -0.682680 0.994641
v -0.356453 -0.533471 0.834518
v -0.531409 -0.664547 0.994641
v -0.382200 -0.515338 0.834248
v -0.556234 -0.645173 0.994641
v -0.407026 -0.495964 0.834052
v -0.624602 -0.580082 0.994641
v -0.475393 -0.430873 0.833917
v -0.645171 -0.556236 0.994641
v -0.495962 -0.407027 0.834023
v -0.664545 -0.531410 0.994641
v -0.515336 -0.382201 0.834205
v -0.682678 -0.505664 0.994641
v -0.533469 -0.356455 0.834461
v -0.699526 -0.479058 0.994641
v -0.550317 -0.329849 0.834792
v -0.426788 -0.727484 0.994641
v -0.290758 -0.571725 0.835485
v -1.000000 -0.479060 0.699525
v -1.000000 -0.505665 0.682677
v -1.000000 -0.531412 0.664544
v -1.000000 -0.556238 0.645170
v -1.000000 -0.531412 0.664544
v -1.000000 -0.580083 0.624601
v -1.000000 -0.602891 0.602886
v -1.000000 -0.645174 0.556233
v -1.000000 -0.624605 0.580079
v -1.000000 -0.602891 0.602886
v -1.000000 -0.664549 0.531407
v -1.000000 -0.664549 0.531407
v -1.000000 -0.682681 0.505660
v -1.000000 -0.727485 0.426787
v -1.000000 -0.934959 0.428508
v -1.000000 -0.715051 0.451655
v -1.000000 -0.699529 0.479055
v -1.000000 -0.699529 0.479055
v -0.940316 -0.427462 0.993694
v -0.940316 -0.934959 0.994641
v -0.715048 -0.451658 0.994641
v -0.727482 -0.426790 0.994641
v -0.715048 -0.451658 0.994641
v -0.940316 -0.934959 0.994641
v -0.699526 -0.479058 0.994641
v -0.682678 -0.505664 0.994641
v -0.664545 -0.531410 0.994641
v -0.940316 -0.934959 0.994641
v -0.645171 -0.556236 0.994641
v -0.624602 -0.580082 0.994641
v -0.624602 -0.580082 0.994641
v -0.602887 -0.602889 0.994641
v -0.580080 -0.624604 0.994641
v -0.556234 -0.645173 0.994641
v -0.531409 -0.664547 0.994641
v -0.505662 -0.682680 0.994641
v -0.479056 -0.699528 0.994641
v -0.940316 -0.994643 0.426643
v -0.727482 -0.994643 0.426789
v -0.940316 -0.994643 0.934958
v -0.699526 -0.994643 0.479057
v -0.682678 -0.994643 0.505662
v -0.664545 -0.994643 0.531409
v -0.664545 -0.994643 0.531409
v -0.645171 -0.994643 0.556235
v -0.645171 -0.994643 0.556235
v -0.624602 -0.994643 0.580080
v -0.602887 -0.994643 0.602888
v -0.940316 -0.994643 0.934958
v -0.602887 -0.994643 0.602888
v -0.580080 -0.994643 0.624602
v -0.556234 -0.994643 0.645171
v -0.556234 -0.994643 0.645171
v -0.531409 -0.994643 0.664546
v -0.531409 -0.994643 0.664546
v -0.505662 -0.994643 0.682679
v -0.940316 -0.994643 0.934958
v -0.505662 -0.994643 0.682679
v -0.479056 -0.994643 0.699526
v -0.479056 -0.994643 0.699526
v -0.451656 -0.994643 0.715048
v -0.426080 -0.994643 0.934958
v -0.451656 -0.994643 0.715048
v -0.426788 -0.994643 0.727482
vn -0.0000 -1.0000 -0.0000
vn 0.2821 -0.7825 -0.5551
vn 0.5033 -0.7840 -0.3633
vn 0.3996 -0.8979 -0.1846
vn 0.1490 -0.9458 -0.2884
vn -1.0000 -0.0000 -0.0000
vn 0.5514 0.2860 0.7837
vn 0.3532 0.5036 0.7884
vn 0.1824 0.3932 0.9012
vn 0.2847 0.1518 0.9465
vn 0.4060 0.4503 0.7952
vn 0.4284 0.4286 0.7955
vn 0.2229 0.2230 0.9490
vn 0.2116 0.2340 0.9489
vn 0.3586 -0.7881 -0.5004
vn 0.5560 -0.7820 -0.2815
vn 0.2888 -0.9457 -0.1488
vn 0.1864 -0.9011 -0.3915
vn 0.5374 -0.7851 -0.3079
vn 0.2793 -0.9464 -0.1623
vn 0.5178 -0.7876 -0.3341
vn 0.2690 -0.9470 -0.1755
vn 0.4974 -0.7894 -0.3597
vn 0.2585 -0.9475 -0.1884
vn 0.4762 -0.7908 -0.3846
vn 0.2476 -0.9478 -0.2010
vn 0.4544 -0.7916 -0.4086
vn 0.2364 -0.9480 -0.2131
vn 0.4316 -0.7918 -0.4322
vn 0.2249 -0.9481 -0.2250
vn 0.4083 -0.7916 -0.4546
vn 0.2129 -0.9480 -0.2365
vn 0.3842 -0.7909 -0.4764
vn 0.2007 -0.9478 -0.2477
vn 0.3593 -0.7896 -0.4975
vn 0.1882 -0.9475 -0.2585
vn 0.3337 -0.7878 -0.5178
vn 0.1752 -0.9471 -0.2690
vn 0.3073 -0.7854 -0.5374
vn 0.1620 -0.9465 -0.2792
vn -0.7826 0.3040 -0.5432
vn -0.9457 0.1605 -0.2825
vn -0.9452 0.1464 -0.2917
vn -0.7803 0.2768 -0.5609
vn -0.9452 0.2917 -0.1464
vn -0.7803 0.5609 -0.2768
vn -0.7891 0.3619 -0.4963
vn -0.9014 0.1868 -0.3907
vn 0.8032 -0.4171 0.4253
vn -0.4329 0.7889 0.4362
vn -0.5773 -0.5773 0.5774
vn -0.4463 -0.4216 -0.7894
vn 0.7602 0.0002 0.6497
vn 0.7604 -0.0000 0.6495
vn 0.7606 -0.6493 -0.0012
vn 0.7606 -0.6493 -0.0011
vn 0.7606 -0.6492 -0.0013
vn -0.7043 0.0007 0.7099
vn -0.0000 -0.7071 0.7071
vn -0.0026 0.7467 0.6652
vn -0.0023 0.7468 0.6651
vn -0.0025 0.7467 0.6651
vn -0.0024 0.7468 0.6651
vn -0.0000 -0.6638 -0.7479
vn 0.0003 -0.6642 -0.7475
vn -0.7071 -0.7071 -0.0000
vn -0.6647 0.7471 0.0015
vn -0.6646 0.7472 0.0016
vn -0.6652 -0.0028 -0.7467
vn -0.6652 -0.0027 -0.7467
vn -0.0000 -0.0000 1.0000
vn -0.7845 0.3321 -0.5237
vn -0.9462 0.1747 -0.2724
vn -0.9013 0.3905 -0.1874
vn -0.7888 0.4964 -0.3624
vn -0.9457 0.2825 -0.1605
vn -0.7826 0.5432 -0.3041
vn -0.9462 0.2724 -0.1747
vn -0.7845 0.5237 -0.3321
vn -0.9466 0.2618 -0.1884
vn -0.7860 0.5032 -0.3593
vn -0.9468 0.2507 -0.2017
vn -0.7870 0.4816 -0.3856
vn -0.9470 0.2391 -0.2146
vn -0.7876 0.4591 -0.4110
vn -0.9470 0.2271 -0.2271
vn -0.7878 0.4356 -0.4354
vn -0.9470 0.2146 -0.2391
vn -0.7876 0.4110 -0.4590
vn -0.9468 0.2017 -0.2507
vn -0.7870 0.3856 -0.4816
vn -0.7860 0.3593 -0.5032
vn -0.9466 0.1884 -0.2618
vn 0.3111 0.5320 0.7875
vn 0.1638 0.2762 0.9471
vn 0.1512 0.2860 0.9462
vn 0.2862 0.5511 0.7838
vn 0.3358 0.5123 0.7904
vn 0.1762 0.2659 0.9478
vn 0.3599 0.4921 0.7927
vn 0.1883 0.2554 0.9483
vn 0.3833 0.4714 0.7943
vn 0.2001 0.2448 0.9487
vn 0.4502 0.4062 0.7952
vn 0.2340 0.2117 0.9489
vn 0.4713 0.3835 0.7942
vn 0.2448 0.2002 0.9487
vn 0.4921 0.3600 0.7926
vn 0.2554 0.1884 0.9483
vn 0.5123 0.3360 0.7904
vn 0.2659 0.1763 0.9477
vn 0.5320 0.3113 0.7874
vn 0.2762 0.1639 0.9470
vn 0.4009 0.1831 0.8976
vn 0.5064 0.3593 0.7839
vn -0.0041 0.0017 1.0000
vn -0.0040 0.0017 1.0000
vt 0.668481 0.316528
vt 0.611879 0.342910
vt 0.615088 0.344728
vt 0.361781 0.198008
vt 0.360289 0.197654
vt 0.358556 0.228166
vt 0.361705 0.228995
vt 0.228508 0.444001
vt 0.231597 0.442972
vt 0.253409 0.384737
vt 0.211404 0.426742
vt 0.612096 0.194797
vt 0.612626 0.192625
vt 0.581931 0.191772
vt 0.581122 0.194927
vt 0.609777 0.220437
vt 0.609695 0.216750
vt 0.578628 0.216865
vt 0.578714 0.220552
vt 0.407894 0.197654
vt 0.405715 0.198156
vt 0.405566 0.229156
vt 0.408721 0.228350
vt 0.402093 0.198858
vt 0.401958 0.229923
vt 0.398448 0.199432
vt 0.398324 0.230550
vt 0.394787 0.199876
vt 0.394668 0.231036
vt 0.391112 0.200191
vt 0.390996 0.231380
vt 0.387428 0.200375
vt 0.387314 0.231582
vt 0.383740 0.200428
vt 0.383626 0.231640
vt 0.380053 0.200351
vt 0.379939 0.231554
vt 0.376371 0.200142
vt 0.376258 0.231326
vt 0.372698 0.199802
vt 0.372589 0.230955
vt 0.369039 0.199333
vt 0.368936 0.230442
vt 0.365399 0.198735
vt 0.365307 0.229788
vt 0.776872 0.370029
vt 0.745740 0.369994
vt 0.746517 0.373600
vt 0.777545 0.373659
vt 0.746517 0.329735
vt 0.777545 0.329676
vt 0.778025 0.327489
vt 0.747331 0.326582
vt 0.630950 0.182027
vt 0.640677 0.183788
vt 0.640677 0.156689
vt 0.894409 0.443007
vt 0.904075 0.444662
vt 0.904075 0.417170
vt 0.983919 0.685186
vt 0.992480 0.680243
vt 0.983919 0.675301
vt 0.873386 0.168406
vt 0.847645 0.158703
vt 0.845745 0.168406
vt 0.875958 0.111771
vt 0.845397 0.111771
vt 0.830900 0.131270
vt 0.857520 0.136555
vt 0.786787 0.079226
vt 0.775137 0.103692
vt 0.799436 0.103746
vt 0.817677 0.079226
vt 0.947104 0.574597
vt 0.937297 0.574616
vt 0.937219 0.634019
vt 0.947104 0.634032
vt 0.894409 0.399300
vt 0.894409 0.409185
vt 0.954633 0.409185
vt 0.954561 0.399300
vt 0.325333 0.124954
vt 0.343259 0.100022
vt 0.312057 0.100022
vt 0.300407 0.124924
vt 0.360815 0.149310
vt 0.387850 0.154399
vt 0.406064 0.129066
vt 0.375357 0.129065
vt 0.164131 0.018155
vt 0.164131 0.028040
vt 0.223443 0.028040
vt 0.223662 0.018155
vt 0.209082 0.100751
vt 0.178375 0.100751
vt 0.164131 0.120437
vt 0.191234 0.125575
vt 0.901491 0.790330
vt 0.919416 0.765398
vt 0.888842 0.765398
vt 0.877192 0.790465
vt 0.710299 0.970253
vt 0.653070 0.996007
vt 0.713222 0.996008
vt 0.713211 0.971709
vt 0.776321 0.366379
vt 0.745102 0.366362
vt 0.747331 0.376753
vt 0.778025 0.375846
vt 0.745740 0.333340
vt 0.776872 0.333306
vt 0.745102 0.336973
vt 0.776321 0.336955
vt 0.744605 0.340627
vt 0.775891 0.340620
vt 0.744249 0.344298
vt 0.775584 0.344296
vt 0.744036 0.347980
vt 0.775399 0.347980
vt 0.743964 0.351667
vt 0.775338 0.351667
vt 0.744036 0.355355
vt 0.775399 0.355355
vt 0.744249 0.359037
vt 0.775584 0.359039
vt 0.775891 0.362715
vt 0.744605 0.362707
vt 0.611485 0.235078
vt 0.580488 0.235183
vt 0.581284 0.238784
vt 0.612252 0.238686
vt 0.610853 0.231444
vt 0.579831 0.231554
vt 0.610357 0.227789
vt 0.579316 0.227902
vt 0.609998 0.224119
vt 0.578943 0.224233
vt 0.609751 0.213063
vt 0.578687 0.213177
vt 0.609946 0.209380
vt 0.578889 0.209495
vt 0.610279 0.205707
vt 0.579234 0.205823
vt 0.610749 0.202048
vt 0.579723 0.202167
vt 0.611355 0.198410
vt 0.580352 0.198533
vt 0.582116 0.241932
vt 0.612626 0.240172
vt 0.235152 0.441988
vt 0.238750 0.441180
vt 0.242384 0.440550
vt 0.246044 0.440098
vt 0.249722 0.439827
vt 0.253409 0.439736
vt 0.260774 0.440098
vt 0.257096 0.439827
vt 0.264435 0.440550
vt 0.268068 0.441180
vt 0.275221 0.442972
vt 0.278310 0.444001
vt 0.295349 0.426678
vt 0.271667 0.441988
vt 0.677996 0.936494
vt 0.653070 0.936572
vt 0.679452 0.939406
vt 0.681270 0.942615
vt 0.683243 0.945731
vt 0.685367 0.948746
vt 0.687635 0.951653
vt 0.690044 0.954446
vt 0.692587 0.957117
vt 0.695259 0.959660
vt 0.698051 0.962069
vt 0.700959 0.964338
vt 0.703974 0.966462
vt 0.707090 0.968435
vt 0.608950 0.316528
vt 0.608967 0.341454
vt 0.618204 0.346701
vt 0.621220 0.348825
vt 0.624127 0.351094
vt 0.626920 0.353503
vt 0.629591 0.356046
vt 0.632134 0.358717
vt 0.634543 0.361510
vt 0.636812 0.364417
vt 0.638935 0.367432
vt 0.640908 0.370548
vt 0.642726 0.373757
vt 0.644182 0.376669
vt 0.668481 0.376753
s 0
usemtl DefaultMaterial
f 2006/1538/864 2007/1539/864 2008/1540/864
s 1
f 2012/1541/865 2009/1542/866 2010/1543/867
f 2010/1543/867 2011/1544/868 2012/1541/865
s 0
f 2016/1545/869 2013/1546/869 2014/1547/869
f 2014/1547/869 2015/1548/869 2016/1545/869
s 1
f 2020/1549/870 2017/1550/871 2018/1551/872
f 2018/1551/872 2019/1552/873 2020/1549/870
f 2024/1553/874 2021/1554/875 2022/1555/876
f 2022/1555/876 2023/1556/877 2024/1553/874
f 2028/1557/878 2025/1558/879 2026/1559/880
f 2026/1559/880 2027/1560/881 2028/1557/878
f 2025/1558/879 2029/1561/882 2030/1562/883
f 2030/1562/883 2026/1559/880 2025/1558/879
f 2029/1561/882 2031/1563/884 2032/1564/885
f 2032/1564/885 2030/1562/883 2029/1561/882
f 2031/1563/884 2033/1565/886 2034/1566/887
f 2034/1566/887 2032/1564/885 2031/1563/884
f 2033/1565/886 2035/1567/888 2036/1568/889
f 2036/1568/889 2034/1566/887 2033/1565/886
f 2035/1567/888 2037/1569/890 2038/1570/891
f 2038/1570/891 2036/1568/889 2035/1567/888
f 2037/1569/890 2039/1571/892 2040/1572/893
f 2040/1572/893 2038/1570/891 2037/1569/890
f 2040/1572/893 2039/1571/892 2041/1573/894
f 2041/1573/894 2042/1574/895 2040/1572/893
f 2041/1573/894 2043/1575/896 2044/1576/897
f 2044/1576/897 2042/1574/895 2041/1573/894
f 2043/1575/896 2045/1577/898 2046/1578/899
f 2046/1578/899 2044/1576/897 2043/1575/896
f 2045/1577/898 2047/1579/900 2048/1580/901
f 2048/1580/901 2046/1578/899 2045/1577/898
f 2047/1579/900 2049/1581/902 2050/1582/903
f 2050/1582/903 2048/1580/901 2047/1579/900
f 2049/1581/902 2012/1541/865 2011/1544/868
f 2011/1544/868 2050/1582/903 2049/1581/902
f 2054/1583/904 2051/1584/905 2052/1585/906
f 2052/1585/906 2053/1586/907 2054/1583/904
f 2058/1587/908 2055/1588/909 2056/1589/910
f 2056/1589/910 2057/1590/911 2058/1587/908
s 0
f 2059/1591/912 2060/1592/912 2061/1593/912
f 2062/1594/913 2063/1595/913 2064/1596/913
f 2065/1597/914 2066/1598/914 2067/1599/914
f 2068/1600/915 2069/1601/915 2070/1602/915
f 2074/1603/916 2071/1604/916 2072/1605/916
f 2072/1605/917 2073/1606/917 2074/1603/917
s 1
f 2078/1607/918 2075/1608/919 2076/1609/920
f 2076/1609/920 2077/1610/918 2078/1607/918
f 2082/1611/921 2079/1612/921 2080/1613/921
f 2080/1613/921 2081/1614/921 2082/1611/921
s 0
f 2086/1615/922 2083/1616/922 2084/1617/922
f 2084/1617/922 2085/1618/922 2086/1615/922
s 1
f 2090/1619/923 2087/1620/924 2088/1621/925
f 2088/1621/925 2089/1622/926 2090/1619/923
s 0
f 2094/1623/927 2091/1624/927 2092/1625/927
f 2092/1625/928 2093/1626/928 2094/1623/928
f 2098/1627/929 2095/1628/929 2096/1629/929
f 2096/1629/929 2097/1630/929 2098/1627/929
s 1
f 2102/1631/930 2099/1632/930 2100/1633/931
f 2100/1633/931 2101/1634/930 2102/1631/930
f 2106/1635/932 2103/1636/933 2104/1637/932
f 2104/1637/932 2105/1638/932 2106/1635/932
s 0
f 2110/1639/934 2107/1640/934 2108/1641/934
f 2108/1641/934 2109/1642/934 2110/1639/934
s 1
f 2112/1643/935 2111/1644/936 2051/1584/905
f 2051/1584/905 2054/1583/904 2112/1643/935
f 2053/1586/907 2052/1585/906 2113/1645/937
f 2113/1645/937 2114/1646/938 2053/1586/907
f 2055/1588/909 2058/1587/908 2115/1647/939
f 2115/1647/939 2116/1648/940 2055/1588/909
f 2116/1648/940 2115/1647/939 2117/1649/941
f 2117/1649/941 2118/1650/942 2116/1648/940
f 2118/1650/942 2117/1649/941 2119/1651/943
f 2119/1651/943 2120/1652/944 2118/1650/942
f 2120/1652/944 2119/1651/943 2121/1653/945
f 2121/1653/945 2122/1654/946 2120/1652/944
f 2122/1654/946 2121/1653/945 2123/1655/947
f 2123/1655/947 2124/1656/948 2122/1654/946
f 2124/1656/948 2123/1655/947 2125/1657/949
f 2125/1657/949 2126/1658/950 2124/1656/948
f 2126/1658/950 2125/1657/949 2127/1659/951
f 2127/1659/951 2128/1660/952 2126/1658/950
f 2128/1660/952 2127/1659/951 2129/1661/953
f 2129/1661/953 2130/1662/954 2128/1660/952
f 2132/1663/955 2131/1664/956 2111/1644/936
f 2111/1644/936 2112/1643/935 2132/1663/955
f 2130/1662/954 2129/1661/953 2131/1664/956
f 2131/1664/956 2132/1663/955 2130/1662/954
f 2136/1665/957 2133/1666/958 2134/1667/959
f 2134/1667/959 2135/1668/960 2136/1665/957
f 2138/1669/961 2137/1670/962 2133/1666/958
f 2133/1666/958 2136/1665/957 2138/1669/961
f 2140/1671/963 2139/1672/964 2137/1670/962
f 2137/1670/962 2138/1669/961 2140/1671/963
f 2142/1673/965 2141/1674/966 2139/1672/964
f 2139/1672/964 2140/1671/963 2142/1673/965
f 2024/1553/874 2023/1556/877 2141/1674/966
f 2141/1674/966 2142/1673/965 2024/1553/874
f 2144/1675/967 2143/1676/968 2022/1555/876
f 2022/1555/876 2021/1554/875 2144/1675/967
f 2146/1677/969 2145/1678/970 2143/1676/968
f 2143/1676/968 2144/1675/967 2146/1677/969
f 2148/1679/971 2147/1680/972 2145/1678/970
f 2145/1678/970 2146/1677/969 2148/1679/971
f 2150/1681/973 2149/1682/974 2147/1680/972
f 2147/1680/972 2148/1679/971 2150/1681/973
f 2152/1683/975 2151/1684/976 2149/1682/974
f 2149/1682/974 2150/1681/973 2152/1683/975
f 2020/1549/870 2019/1552/873 2151/1684/976
f 2151/1684/976 2152/1683/975 2020/1549/870
f 2135/1668/960 2134/1667/959 2153/1685/977
f 2153/1685/977 2154/1686/978 2135/1668/960
s 0
f 2155/1687/869 2014/1547/869 2013/1546/869
f 2156/1688/869 2014/1547/869 2155/1687/869
f 2157/1689/869 2014/1547/869 2156/1688/869
f 2158/1690/869 2014/1547/869 2159/1689/869
f 2160/1691/869 2014/1547/869 2158/1690/869
f 2014/1547/869 2160/1691/869 2161/1692/869
f 2162/1693/869 2014/1547/869 2163/1694/869
f 2163/1694/869 2014/1547/869 2164/1692/869
f 2165/1695/869 2014/1547/869 2162/1693/869
f 2014/1547/869 2166/1695/869 2167/1696/869
f 2170/1697/869 2168/1698/869 2169/1699/869
f 2169/1699/869 2014/1547/869 2170/1697/869
f 2014/1547/869 2167/1696/869 2171/1700/869
f 2170/1697/869 2014/1547/869 2172/1700/869
f 2176/1701/979 2173/1702/979 2174/1640/979
s 1
f 2174/1640/980 2175/1703/980 2176/1701/980
s 0
f 2177/1703/934 2178/1640/934 2179/1704/934
f 2179/1704/934 2107/1640/934 2180/1705/934
f 2180/1705/934 2107/1640/934 2181/1706/934
f 2181/1706/934 2182/1640/934 2183/1707/934
f 2183/1707/934 2178/1640/934 2184/1708/934
f 2185/1708/934 2107/1640/934 2186/1709/934
f 2186/1709/934 2107/1640/934 2187/1710/934
f 2187/1710/934 2107/1640/934 2188/1711/934
f 2188/1711/934 2107/1640/934 2189/1712/934
f 2189/1712/934 2107/1640/934 2190/1713/934
f 2190/1713/934 2107/1640/934 2191/1714/934
f 2191/1714/934 2107/1640/934 2110/1639/934
f 2006/1538/864 2192/1715/864 2193/1716/864
f 2193/1716/864 2007/1539/864 2006/1538/864
f 2194/1538/864 2195/1540/864 2196/1717/864
f 2006/1538/864 2196/1717/864 2197/1718/864
f 2194/1538/864 2198/1718/864 2199/1719/864
f 2006/1538/864 2200/1719/864 2201/1720/864
f 2006/1538/864 2201/1720/864 2202/1721/864
f 2203/1538/864 2204/1721/864 2205/1722/864
f 2203/1538/864 2205/1722/864 2206/1723/864
f 2006/1538/864 2207/1723/864 2208/1724/864
f 2203/1538/864 2209/1724/864 2210/1725/864
f 2211/1538/864 2212/1725/864 2213/1726/864
f 2203/1538/864 2214/1726/864 2215/1727/864
f 2218/1728/864 2216/1729/864 2006/1538/864
f 2006/1538/864 2217/1727/864 2218/1728/864
o defaultMaterial.008
v -0.940316 -0.994643 -0.934959
v -0.699526 -0.994643 -0.479058
v -0.715048 -0.994643 -0.451658
v -0.290758 -0.835487 -0.571725
v -0.302447 -0.835024 -0.565841
v -0.451656 -0.994643 -0.715050
v -0.426788 -0.994643 -0.727484
v -1.000000 -0.451660 -0.715049
v -1.000000 -0.426791 -0.727483
v -1.000000 -0.427731 -0.934959
v -1.000000 -0.934959 -0.934959
v -0.574420 -0.285401 -0.835487
v -0.565839 -0.302449 -0.835198
v -0.715048 -0.451658 -0.994643
v -0.727482 -0.426790 -0.994643
v -0.453678 -0.453680 -0.833888
v -0.430871 -0.475395 -0.833933
v -0.580080 -0.624604 -0.994643
v -0.602887 -0.602889 -0.994643
v -0.565839 -0.834831 -0.302449
v -0.574420 -0.835486 -0.285401
v -0.727482 -0.994643 -0.426790
v -0.715048 -0.994643 -0.451658
v -0.550317 -0.833914 -0.329849
v -0.699526 -0.994643 -0.479058
v -0.533469 -0.833164 -0.356455
v -0.682678 -0.994643 -0.505664
v -0.515336 -0.832582 -0.382202
v -0.664545 -0.994643 -0.531411
v -0.495962 -0.832170 -0.407027
v -0.645171 -0.994643 -0.556236
v -0.475393 -0.831929 -0.430873
v -0.624602 -0.994643 -0.580082
v -0.453678 -0.831860 -0.453680
v -0.602887 -0.994643 -0.602889
v -0.580080 -0.994643 -0.624604
v -0.430871 -0.831962 -0.475395
v -0.407026 -0.832235 -0.495964
v -0.556234 -0.994643 -0.645173
v -0.382200 -0.832680 -0.515338
v -0.531409 -0.994643 -0.664547
v -0.356453 -0.833294 -0.533471
v -0.505662 -0.994643 -0.682680
v -0.329847 -0.834076 -0.550319
v -0.479056 -0.994643 -0.699528
v -1.000000 -0.479060 -0.699527
v -0.838327 -0.329851 -0.550318
v -0.839796 -0.302451 -0.565840
v -1.000000 -0.451660 -0.715049
v -0.839797 -0.565842 -0.302448
v -1.000000 -0.715051 -0.451657
v -1.000000 -0.727485 -0.426788
v -0.840844 -0.574422 -0.285401
v -0.426693 -0.934959 -0.994643
v -0.290758 -0.835487 -0.835487
v -0.426080 -0.994643 -0.934959
v -1.000000 -0.427731 -0.934959
v -0.840844 -0.285401 -0.835487
v -0.940316 -0.427462 -0.993696
v -1.000000 -0.934959 -0.934959
v -0.940316 -0.934959 -0.994643
v -0.940316 -0.994643 -0.934959
v -0.840844 -0.835486 -0.285401
v -1.000000 -0.934959 -0.428509
v -0.940316 -0.994643 -0.426645
v -0.426788 -0.727484 -0.994643
v -0.290758 -0.571725 -0.835487
v -0.290758 -0.835487 -0.835487
v -0.426693 -0.934959 -0.994643
v -0.426080 -0.994643 -0.934959
v -0.290758 -0.835487 -0.835487
v -0.290758 -0.835487 -0.571725
v -0.426788 -0.994643 -0.727484
v -1.000000 -0.427731 -0.934959
v -0.940316 -0.427462 -0.993696
v -0.940316 -0.934959 -0.994643
v -1.000000 -0.934959 -0.934959
v -0.940316 -0.994643 -0.934959
v -0.940316 -0.934959 -0.994643
v -0.426693 -0.934959 -0.994643
v -0.426080 -0.994643 -0.934959
v -0.574420 -0.285401 -0.835487
v -0.727482 -0.426790 -0.994643
v -0.940316 -0.427462 -0.993696
v -0.840844 -0.285401 -0.835487
v -0.840844 -0.835486 -0.285401
v -0.940316 -0.994643 -0.426645
v -0.727482 -0.994643 -0.426790
v -0.574420 -0.835486 -0.285401
v -1.000000 -0.934959 -0.934959
v -0.940316 -0.994643 -0.934959
v -0.940316 -0.994643 -0.426645
v -1.000000 -0.934959 -0.428509
v -1.000000 -0.426791 -0.727483
v -0.840844 -0.285401 -0.574423
v -0.840844 -0.285401 -0.835487
v -1.000000 -0.427731 -0.934959
v -0.840844 -0.574422 -0.285401
v -1.000000 -0.727485 -0.426788
v -1.000000 -0.934959 -0.428509
v -0.840844 -0.835486 -0.285401
v -0.940316 -0.934959 -0.994643
v -0.451656 -0.715050 -0.994643
v -0.426788 -0.727484 -0.994643
v -0.426693 -0.934959 -0.994643
v -1.000000 -0.505665 -0.682679
v -0.837121 -0.356456 -0.533470
v -0.840844 -0.285401 -0.574423
v -1.000000 -0.426791 -0.727483
v -0.838328 -0.550320 -0.329848
v -1.000000 -0.699529 -0.479057
v -0.837121 -0.533472 -0.356453
v -1.000000 -0.682681 -0.505662
v -0.836179 -0.515339 -0.382200
v -1.000000 -0.664549 -0.531409
v -0.835505 -0.495965 -0.407026
v -1.000000 -0.645174 -0.556235
v -0.835100 -0.475396 -0.430871
v -1.000000 -0.624605 -0.580080
v -0.834964 -0.453682 -0.453679
v -1.000000 -0.602891 -0.602888
v -0.835100 -0.430874 -0.475393
v -1.000000 -0.580083 -0.624602
v -0.835505 -0.407029 -0.495963
v -1.000000 -0.556238 -0.645172
v -1.000000 -0.531412 -0.664546
v -0.836179 -0.382203 -0.515337
v -0.479056 -0.699528 -0.994643
v -0.329847 -0.550319 -0.834865
v -0.302447 -0.565841 -0.835283
v -0.451656 -0.715050 -0.994643
v -0.505662 -0.682680 -0.994643
v -0.356453 -0.533471 -0.834520
v -0.531409 -0.664547 -0.994643
v -0.382200 -0.515338 -0.834250
v -0.556234 -0.645173 -0.994643
v -0.407026 -0.495964 -0.834054
v -0.624602 -0.580082 -0.994643
v -0.475393 -0.430873 -0.833919
v -0.645171 -0.556236 -0.994643
v -0.495962 -0.407027 -0.834025
v -0.664545 -0.531411 -0.994643
v -0.515336 -0.382201 -0.834207
v -0.682678 -0.505664 -0.994643
v -0.533469 -0.356455 -0.834463
v -0.699526 -0.479058 -0.994643
v -0.550317 -0.329849 -0.834794
v -0.290758 -0.571725 -0.835487
v -0.426788 -0.727484 -0.994643
v -1.000000 -0.479060 -0.699527
v -1.000000 -0.505665 -0.682679
v -1.000000 -0.531412 -0.664546
v -1.000000 -0.556238 -0.645172
v -1.000000 -0.580083 -0.624602
v -1.000000 -0.602891 -0.602888
v -1.000000 -0.580083 -0.624602
v -1.000000 -0.645174 -0.556235
v -1.000000 -0.624605 -0.580080
v -1.000000 -0.602891 -0.602888
v -1.000000 -0.664549 -0.531409
v -1.000000 -0.682681 -0.505662
v -1.000000 -0.664549 -0.531409
v -1.000000 -0.727485 -0.426788
v -1.000000 -0.715051 -0.451657
v -1.000000 -0.934959 -0.428509
v -1.000000 -0.699529 -0.479057
v -1.000000 -0.682681 -0.505662
v -1.000000 -0.699529 -0.479057
v -0.940316 -0.427462 -0.993696
v -0.727482 -0.426790 -0.994643
v -0.715048 -0.451658 -0.994643
v -0.940316 -0.934959 -0.994643
v -0.715048 -0.451658 -0.994643
v -0.699526 -0.479058 -0.994643
v -0.682678 -0.505664 -0.994643
v -0.664545 -0.531411 -0.994643
v -0.645171 -0.556236 -0.994643
v -0.624602 -0.580082 -0.994643
v -0.602887 -0.602889 -0.994643
v -0.580080 -0.624604 -0.994643
v -0.556234 -0.645173 -0.994643
v -0.531409 -0.664547 -0.994643
v -0.505662 -0.682680 -0.994643
v -0.479056 -0.699528 -0.994643
v -0.479056 -0.699528 -0.994643
v -0.451656 -0.715050 -0.994643
v -0.940316 -0.934959 -0.994643
v -0.940316 -0.994643 -0.426645
v -0.727482 -0.994643 -0.426790
v -0.682678 -0.994643 -0.505664
v -0.940316 -0.994643 -0.934959
v -0.664545 -0.994643 -0.531411
v -0.682678 -0.994643 -0.505664
v -0.645171 -0.994643 -0.556236
v -0.664545 -0.994643 -0.531411
v -0.624602 -0.994643 -0.580082
v -0.602887 -0.994643 -0.602889
v -0.580080 -0.994643 -0.624604
v -0.940316 -0.994643 -0.934959
v -0.556234 -0.994643 -0.645173
v -0.580080 -0.994643 -0.624604
v -0.940316 -0.994643 -0.934959
v -0.531409 -0.994643 -0.664547
v -0.556234 -0.994643 -0.645173
v -0.505662 -0.994643 -0.682680
v -0.531409 -0.994643 -0.664547
v -0.479056 -0.994643 -0.699528
v -0.505662 -0.994643 -0.682680
v -0.451656 -0.994643 -0.715050
v -0.479056 -0.994643 -0.699528
v -0.426080 -0.994643 -0.934959
v -0.426788 -0.994643 -0.727484
v -0.451656 -0.994643 -0.715050
vn -0.0000 -1.0000 -0.0000
vn 0.3996 -0.8979 0.1846
vn 0.5033 -0.7840 0.3634
vn 0.2821 -0.7825 0.5551
vn 0.1490 -0.9458 0.2884
vn -1.0000 -0.0000 -0.0000
vn 0.1824 0.3932 -0.9012
vn 0.3532 0.5037 -0.7884
vn 0.5514 0.2860 -0.7837
vn 0.2847 0.1518 -0.9465
vn 0.2229 0.2230 -0.9490
vn 0.4284 0.4286 -0.7955
vn 0.4061 0.4502 -0.7952
vn 0.2116 0.2340 -0.9489
vn 0.2888 -0.9457 0.1488
vn 0.5560 -0.7820 0.2815
vn 0.3586 -0.7881 0.5004
vn 0.1864 -0.9011 0.3915
vn 0.2793 -0.9464 0.1623
vn 0.5374 -0.7851 0.3079
vn 0.2690 -0.9470 0.1755
vn 0.5178 -0.7876 0.3341
vn 0.2585 -0.9475 0.1884
vn 0.4974 -0.7894 0.3597
vn 0.2476 -0.9478 0.2009
vn 0.4763 -0.7908 0.3845
vn 0.2364 -0.9480 0.2131
vn 0.4543 -0.7916 0.4087
vn 0.2249 -0.9481 0.2250
vn 0.4317 -0.7919 0.4319
vn 0.4083 -0.7916 0.4546
vn 0.2130 -0.9480 0.2365
vn 0.2008 -0.9478 0.2476
vn 0.3842 -0.7909 0.4763
vn 0.1882 -0.9475 0.2585
vn 0.3593 -0.7896 0.4974
vn 0.1753 -0.9470 0.2690
vn 0.3337 -0.7878 0.5178
vn 0.1620 -0.9465 0.2792
vn 0.3073 -0.7854 0.5374
vn -0.9452 0.1464 0.2917
vn -0.9457 0.1605 0.2825
vn -0.7826 0.3040 0.5432
vn -0.7803 0.2768 0.5609
vn -0.7891 0.3619 0.4963
vn -0.7803 0.5609 0.2768
vn -0.9453 0.2916 0.1464
vn -0.9014 0.1868 0.3907
vn 0.8032 -0.4171 -0.4253
vn -0.4329 0.7889 -0.4362
vn -0.5774 -0.5774 -0.5774
vn -0.4463 -0.4216 0.7894
vn 0.7600 0.0003 -0.6499
vn 0.7602 0.0002 -0.6497
vn 0.7606 -0.6492 0.0013
vn 0.7606 -0.6493 0.0011
vn 0.7606 -0.6493 0.0012
vn 0.7605 -0.6493 0.0011
vn -0.7043 0.0007 -0.7099
vn -0.0000 -0.7071 -0.7071
vn -0.0025 0.7467 -0.6651
vn -0.0023 0.7468 -0.6651
vn -0.0026 0.7467 -0.6652
vn -0.0024 0.7468 -0.6651
vn 0.0002 -0.6641 0.7477
vn 0.0003 -0.6641 0.7476
vn -0.7071 -0.7071 -0.0000
vn -0.6648 0.7470 -0.0014
vn -0.6647 0.7471 -0.0015
vn -0.6652 -0.0028 0.7467
vn -0.6652 -0.0027 0.7467
vn -0.0000 -0.0000 -1.0000
vn -0.9462 0.1747 0.2724
vn -0.7845 0.3321 0.5237
vn -0.9014 0.3904 0.1873
vn -0.7888 0.4964 0.3624
vn -0.9457 0.2825 0.1605
vn -0.7826 0.5432 0.3041
vn -0.9462 0.2724 0.1747
vn -0.7845 0.5237 0.3321
vn -0.9466 0.2618 0.1884
vn -0.7860 0.5032 0.3593
vn -0.9468 0.2507 0.2017
vn -0.7870 0.4816 0.3856
vn -0.9470 0.2391 0.2146
vn -0.7876 0.4591 0.4110
vn -0.9470 0.2271 0.2271
vn -0.7878 0.4356 0.4354
vn -0.9470 0.2146 0.2391
vn -0.7876 0.4110 0.4590
vn -0.9468 0.2017 0.2507
vn -0.7870 0.3856 0.4816
vn -0.9466 0.1884 0.2618
vn -0.7860 0.3593 0.5032
vn 0.1511 0.2860 -0.9462
vn 0.1638 0.2762 -0.9471
vn 0.3111 0.5320 -0.7875
vn 0.2862 0.5511 -0.7838
vn 0.1762 0.2659 -0.9478
vn 0.3358 0.5123 -0.7904
vn 0.1883 0.2554 -0.9483
vn 0.3599 0.4921 -0.7927
vn 0.2001 0.2448 -0.9487
vn 0.3833 0.4714 -0.7943
vn 0.2339 0.2117 -0.9489
vn 0.4503 0.4062 -0.7952
vn 0.2448 0.2002 -0.9487
vn 0.4714 0.3834 -0.7942
vn 0.2554 0.1884 -0.9483
vn 0.4920 0.3601 -0.7926
vn 0.2659 0.1763 -0.9477
vn 0.5123 0.3360 -0.7904
vn 0.2762 0.1639 -0.9470
vn 0.5320 0.3113 -0.7874
vn 0.4008 0.1831 -0.8977
vn 0.5064 0.3593 -0.7839
vn -0.0041 0.0017 -1.0000
vn -0.0039 0.0016 -1.0000
vn -0.0040 0.0017 -1.0000
vt 0.533449 0.376753
vt 0.480057 0.348552
vt 0.476848 0.350370
vt 0.703326 0.811080
vt 0.701593 0.780569
vt 0.700101 0.780923
vt 0.700177 0.811909
vt 0.357050 0.384737
vt 0.378862 0.442972
vt 0.381951 0.444001
vt 0.399055 0.426742
vt 0.546659 0.195664
vt 0.515964 0.196517
vt 0.516494 0.198689
vt 0.547468 0.198819
vt 0.549962 0.220757
vt 0.518895 0.220642
vt 0.518813 0.224329
vt 0.549876 0.224444
vt 0.656317 0.812071
vt 0.656168 0.781071
vt 0.653988 0.780569
vt 0.653162 0.811265
vt 0.659924 0.812837
vt 0.659790 0.781773
vt 0.663558 0.813465
vt 0.663434 0.782346
vt 0.667214 0.813951
vt 0.667096 0.782791
vt 0.670886 0.814295
vt 0.670771 0.783106
vt 0.674569 0.814496
vt 0.674454 0.783290
vt 0.678256 0.814554
vt 0.678142 0.783343
vt 0.681829 0.783265
vt 0.681944 0.814469
vt 0.685624 0.814241
vt 0.685512 0.783056
vt 0.689294 0.813870
vt 0.689184 0.782717
vt 0.692946 0.813357
vt 0.692843 0.782248
vt 0.696576 0.812703
vt 0.696483 0.781649
vt 0.769526 0.213135
vt 0.768749 0.216740
vt 0.799882 0.216706
vt 0.800554 0.213076
vt 0.801034 0.259245
vt 0.800554 0.257059
vt 0.769526 0.257000
vt 0.770340 0.260152
vt 0.988764 0.275455
vt 0.961624 0.275455
vt 0.986921 0.285167
vt 0.375296 0.023465
vt 0.402882 0.023465
vt 0.377133 0.013832
vt 0.992416 0.739564
vt 0.992416 0.729679
vt 0.983855 0.734622
vt 0.297512 0.047479
vt 0.271648 0.037730
vt 0.270003 0.047479
vt 0.909885 0.320561
vt 0.909892 0.296262
vt 0.885372 0.278021
vt 0.885372 0.308911
vt 0.852603 0.306100
vt 0.872131 0.320561
vt 0.877387 0.293977
vt 0.852603 0.275539
vt 0.953600 0.899390
vt 0.953600 0.839986
vt 0.943793 0.839955
vt 0.943715 0.899390
vt 0.707060 0.024832
vt 0.646836 0.024832
vt 0.646836 0.034717
vt 0.706989 0.034717
vt 0.843493 0.736905
vt 0.868826 0.755119
vt 0.868826 0.724412
vt 0.848570 0.709886
vt 0.621480 0.094140
vt 0.590278 0.094140
vt 0.578628 0.119061
vt 0.603554 0.119073
vt 0.231865 0.028040
vt 0.291177 0.028040
vt 0.291177 0.018155
vt 0.231647 0.018155
vt 0.908948 0.136555
vt 0.908875 0.112256
vt 0.883943 0.094331
vt 0.883943 0.124905
vt 0.805067 0.136555
vt 0.822915 0.111731
vt 0.792207 0.111731
vt 0.777914 0.131381
vt 0.359937 0.348240
vt 0.359909 0.288087
vt 0.334181 0.345328
vt 0.335639 0.348240
vt 0.768112 0.220373
vt 0.799330 0.220355
vt 0.770340 0.209982
vt 0.801034 0.210889
vt 0.768749 0.253394
vt 0.799882 0.253429
vt 0.768112 0.249762
vt 0.799330 0.249779
vt 0.767615 0.246107
vt 0.798900 0.246115
vt 0.767259 0.242437
vt 0.798593 0.242439
vt 0.767045 0.238755
vt 0.798409 0.238755
vt 0.766974 0.235067
vt 0.798347 0.235067
vt 0.767045 0.231380
vt 0.798409 0.231380
vt 0.767259 0.227698
vt 0.798593 0.227696
vt 0.767615 0.224027
vt 0.798900 0.224020
vt 0.547306 0.242676
vt 0.548102 0.239075
vt 0.517105 0.238970
vt 0.516338 0.242578
vt 0.548759 0.235446
vt 0.517737 0.235336
vt 0.549274 0.231794
vt 0.518233 0.231682
vt 0.549647 0.228125
vt 0.518592 0.228011
vt 0.549903 0.217069
vt 0.518839 0.216955
vt 0.549701 0.213387
vt 0.518644 0.213272
vt 0.549355 0.209715
vt 0.518311 0.209599
vt 0.548867 0.206059
vt 0.517841 0.205941
vt 0.548237 0.202425
vt 0.517235 0.202302
vt 0.546474 0.245824
vt 0.515964 0.244064
vt 0.375308 0.441988
vt 0.371709 0.441180
vt 0.368075 0.440549
vt 0.364415 0.440098
vt 0.360737 0.439827
vt 0.357050 0.439736
vt 0.349685 0.440098
vt 0.353363 0.439827
vt 0.346025 0.440550
vt 0.342391 0.441180
vt 0.315110 0.426678
vt 0.332149 0.444001
vt 0.335238 0.442972
vt 0.338793 0.441988
vt 0.300474 0.288114
vt 0.300407 0.313040
vt 0.303320 0.314495
vt 0.306530 0.316312
vt 0.309647 0.318283
vt 0.312663 0.320406
vt 0.315571 0.322673
vt 0.318365 0.325081
vt 0.321037 0.327623
vt 0.323582 0.330293
vt 0.325992 0.333084
vt 0.328262 0.335991
vt 0.330387 0.339005
vt 0.332362 0.342120
vt 0.473936 0.351826
vt 0.473918 0.376752
vt 0.483173 0.346579
vt 0.486188 0.344455
vt 0.489096 0.342186
vt 0.491888 0.339778
vt 0.494559 0.337234
vt 0.497103 0.334563
vt 0.499511 0.331771
vt 0.501780 0.328863
vt 0.503904 0.325848
vt 0.505877 0.322732
vt 0.507695 0.319524
vt 0.533449 0.316528
vt 0.509151 0.316611
s 0
usemtl DefaultMaterial
f 2219/1730/981 2220/1731/981 2221/1732/981
s 1
f 2225/1733/982 2222/1734/983 2223/1735/984
f 2223/1735/984 2224/1736/985 2225/1733/982
s 0
f 2229/1737/986 2226/1738/986 2227/1739/986
f 2227/1739/986 2228/1740/986 2229/1737/986
s 1
f 2233/1741/987 2230/1742/988 2231/1743/989
f 2231/1743/989 2232/1744/990 2233/1741/987
f 2237/1745/991 2234/1746/992 2235/1747/993
f 2235/1747/993 2236/1748/994 2237/1745/991
f 2241/1749/995 2238/1750/996 2239/1751/997
f 2239/1751/997 2240/1752/998 2241/1749/995
f 2243/1753/999 2242/1754/1000 2238/1750/996
f 2238/1750/996 2241/1749/995 2243/1753/999
f 2245/1755/1001 2244/1756/1002 2242/1754/1000
f 2242/1754/1000 2243/1753/999 2245/1755/1001
f 2247/1757/1003 2246/1758/1004 2244/1756/1002
f 2244/1756/1002 2245/1755/1001 2247/1757/1003
f 2249/1759/1005 2248/1760/1006 2246/1758/1004
f 2246/1758/1004 2247/1757/1003 2249/1759/1005
f 2251/1761/1007 2250/1762/1008 2248/1760/1006
f 2248/1760/1006 2249/1759/1005 2251/1761/1007
f 2253/1763/1009 2252/1764/1010 2250/1762/1008
f 2250/1762/1008 2251/1761/1007 2253/1763/1009
f 2255/1765/1011 2252/1764/1010 2253/1763/1009
f 2253/1763/1009 2254/1766/1012 2255/1765/1011
f 2257/1767/1013 2256/1768/1014 2255/1765/1011
f 2255/1765/1011 2254/1766/1012 2257/1767/1013
f 2259/1769/1015 2258/1770/1016 2256/1768/1014
f 2256/1768/1014 2257/1767/1013 2259/1769/1015
f 2261/1771/1017 2260/1772/1018 2258/1770/1016
f 2258/1770/1016 2259/1769/1015 2261/1771/1017
f 2263/1773/1019 2262/1774/1020 2260/1772/1018
f 2260/1772/1018 2261/1771/1017 2263/1773/1019
f 2224/1736/985 2223/1735/984 2262/1774/1020
f 2262/1774/1020 2263/1773/1019 2224/1736/985
f 2267/1775/1021 2264/1776/1022 2265/1777/1023
f 2265/1777/1023 2266/1778/1024 2267/1775/1021
f 2271/1779/1025 2268/1780/1026 2269/1781/1027
f 2269/1781/1027 2270/1782/1028 2271/1779/1025
s 0
f 2272/1783/1029 2273/1784/1029 2274/1785/1029
f 2275/1786/1030 2276/1787/1030 2277/1788/1030
f 2278/1789/1031 2279/1790/1031 2280/1791/1031
f 2281/1792/1032 2282/1793/1032 2283/1794/1032
f 2287/1795/1033 2284/1796/1033 2285/1797/1033
f 2285/1797/1034 2286/1798/1034 2287/1795/1034
s 1
f 2291/1799/1035 2288/1800/1036 2289/1801/1037
f 2289/1801/1037 2290/1802/1038 2291/1799/1035
f 2295/1803/1039 2292/1804/1039 2293/1805/1039
f 2293/1805/1039 2294/1806/1039 2295/1803/1039
s 0
f 2299/1807/1040 2296/1808/1040 2297/1809/1040
f 2297/1809/1040 2298/1810/1040 2299/1807/1040
s 1
f 2303/1811/1041 2300/1812/1042 2301/1813/1043
f 2301/1813/1043 2302/1814/1044 2303/1811/1041
f 2307/1815/1045 2304/1816/1045 2305/1817/1045
f 2305/1817/1045 2306/1818/1046 2307/1815/1045
s 0
f 2311/1819/1047 2308/1820/1047 2309/1821/1047
f 2309/1821/1047 2310/1822/1047 2311/1819/1047
s 1
f 2315/1823/1048 2312/1824/1049 2313/1825/1049
f 2313/1825/1049 2314/1826/1049 2315/1823/1048
f 2319/1827/1050 2316/1828/1051 2317/1829/1050
f 2317/1829/1050 2318/1830/1050 2319/1827/1050
s 0
f 2323/1831/1052 2320/1832/1052 2321/1833/1052
f 2321/1833/1052 2322/1834/1052 2323/1831/1052
s 1
f 2264/1776/1022 2324/1835/1053 2325/1836/1054
f 2325/1836/1054 2265/1777/1023 2264/1776/1022
f 2327/1837/1055 2267/1775/1021 2266/1778/1024
f 2266/1778/1024 2326/1838/1056 2327/1837/1055
f 2329/1839/1057 2269/1781/1027 2268/1780/1026
f 2268/1780/1026 2328/1840/1058 2329/1839/1057
f 2331/1841/1059 2329/1839/1057 2328/1840/1058
f 2328/1840/1058 2330/1842/1060 2331/1841/1059
f 2333/1843/1061 2331/1841/1059 2330/1842/1060
f 2330/1842/1060 2332/1844/1062 2333/1843/1061
f 2335/1845/1063 2333/1843/1061 2332/1844/1062
f 2332/1844/1062 2334/1846/1064 2335/1845/1063
f 2337/1847/1065 2335/1845/1063 2334/1846/1064
f 2334/1846/1064 2336/1848/1066 2337/1847/1065
f 2339/1849/1067 2337/1847/1065 2336/1848/1066
f 2336/1848/1066 2338/1850/1068 2339/1849/1067
f 2341/1851/1069 2339/1849/1067 2338/1850/1068
f 2338/1850/1068 2340/1852/1070 2341/1851/1069
f 2343/1853/1071 2341/1851/1069 2340/1852/1070
f 2340/1852/1070 2342/1854/1072 2343/1853/1071
f 2324/1835/1053 2344/1855/1073 2345/1856/1074
f 2345/1856/1074 2325/1836/1054 2324/1835/1053
f 2344/1855/1073 2343/1853/1071 2342/1854/1072
f 2342/1854/1072 2345/1856/1074 2344/1855/1073
f 2349/1857/1075 2346/1858/1076 2347/1859/1077
f 2347/1859/1077 2348/1860/1078 2349/1857/1075
f 2346/1858/1076 2350/1861/1079 2351/1862/1080
f 2351/1862/1080 2347/1859/1077 2346/1858/1076
f 2350/1861/1079 2352/1863/1081 2353/1864/1082
f 2353/1864/1082 2351/1862/1080 2350/1861/1079
f 2352/1863/1081 2354/1865/1083 2355/1866/1084
f 2355/1866/1084 2353/1864/1082 2352/1863/1081
f 2354/1865/1083 2236/1748/994 2235/1747/993
f 2235/1747/993 2355/1866/1084 2354/1865/1083
f 2237/1745/991 2356/1867/1085 2357/1868/1086
f 2357/1868/1086 2234/1746/992 2237/1745/991
f 2356/1867/1085 2358/1869/1087 2359/1870/1088
f 2359/1870/1088 2357/1868/1086 2356/1867/1085
f 2358/1869/1087 2360/1871/1089 2361/1872/1090
f 2361/1872/1090 2359/1870/1088 2358/1869/1087
f 2360/1871/1089 2362/1873/1091 2363/1874/1092
f 2363/1874/1092 2361/1872/1090 2360/1871/1089
f 2362/1873/1091 2364/1875/1093 2365/1876/1094
f 2365/1876/1094 2363/1874/1092 2362/1873/1091
f 2364/1875/1093 2232/1744/990 2231/1743/989
f 2231/1743/989 2365/1876/1094 2364/1875/1093
f 2367/1877/1095 2349/1857/1075 2348/1860/1078
f 2348/1860/1078 2366/1878/1096 2367/1877/1095
s 0
f 2368/1879/986 2226/1738/986 2229/1737/986
f 2369/1880/986 2368/1879/986 2229/1737/986
f 2370/1881/986 2369/1880/986 2229/1737/986
f 2371/1882/986 2370/1881/986 2229/1737/986
f 2372/1883/986 2371/1882/986 2229/1737/986
f 2229/1737/986 2373/1884/986 2374/1883/986
f 2375/1885/986 2376/1886/986 2229/1737/986
f 2376/1886/986 2377/1884/986 2229/1737/986
f 2378/1887/986 2375/1885/986 2229/1737/986
f 2229/1737/986 2379/1888/986 2380/1887/986
f 2383/1889/986 2381/1890/986 2382/1891/986
f 2382/1891/986 2229/1737/986 2383/1889/986
f 2229/1737/986 2384/1892/986 2385/1888/986
f 2382/1891/986 2386/1892/986 2229/1737/986
s 1
f 2390/1832/1097 2387/1893/1098 2388/1894/1099
f 2388/1894/1099 2389/1895/1099 2390/1832/1097
s 0
f 2391/1895/1052 2392/1896/1052 2320/1832/1052
f 2392/1896/1052 2393/1897/1052 2320/1832/1052
f 2393/1897/1052 2394/1898/1052 2320/1832/1052
f 2394/1898/1052 2395/1899/1052 2320/1832/1052
f 2395/1899/1052 2396/1900/1052 2320/1832/1052
f 2396/1900/1052 2397/1901/1052 2320/1832/1052
f 2397/1901/1052 2398/1902/1052 2320/1832/1052
f 2398/1902/1052 2399/1903/1052 2320/1832/1052
f 2399/1903/1052 2400/1904/1052 2320/1832/1052
f 2400/1904/1052 2401/1905/1052 2320/1832/1052
f 2401/1905/1052 2402/1906/1052 2320/1832/1052
f 2403/1906/1052 2404/1833/1052 2405/1832/1052
f 2407/1907/981 2406/1908/981 2219/1730/981
f 2219/1730/981 2221/1732/981 2407/1907/981
f 2219/1730/981 2408/1909/981 2220/1731/981
f 2409/1730/981 2410/1910/981 2411/1909/981
f 2219/1730/981 2412/1911/981 2413/1910/981
f 2219/1730/981 2414/1912/981 2412/1911/981
f 2219/1730/981 2415/1913/981 2414/1912/981
f 2219/1730/981 2416/1914/981 2415/1913/981
f 2417/1730/981 2418/1915/981 2419/1914/981
f 2420/1730/981 2421/1916/981 2422/1915/981
f 2409/1730/981 2423/1917/981 2424/1916/981
f 2417/1730/981 2425/1918/981 2426/1917/981
f 2409/1730/981 2427/1919/981 2428/1918/981
f 2219/1730/981 2429/1920/981 2430/1921/981
f 2430/1921/981 2431/1919/981 2219/1730/981
o defaultMaterial.009
v 0.940316 -0.994643 -0.934959
v 0.715048 -0.994643 -0.451658
v 0.699526 -0.994643 -0.479058
v 0.290758 -0.835487 -0.571725
v 0.426788 -0.994643 -0.727484
v 0.451656 -0.994643 -0.715050
v 0.302447 -0.835024 -0.565841
v 1.000000 -0.451660 -0.715049
v 1.000000 -0.934959 -0.934959
v 1.000000 -0.427731 -0.934959
v 1.000000 -0.426792 -0.727483
v 0.574420 -0.285401 -0.835487
v 0.727482 -0.426790 -0.994643
v 0.715048 -0.451658 -0.994643
v 0.565839 -0.302449 -0.835198
v 0.453678 -0.453680 -0.833888
v 0.602887 -0.602889 -0.994643
v 0.580080 -0.624604 -0.994643
v 0.430871 -0.475395 -0.833933
v 0.565839 -0.834831 -0.302449
v 0.715048 -0.994643 -0.451658
v 0.727482 -0.994643 -0.426790
v 0.574420 -0.835487 -0.285401
v 0.550317 -0.833914 -0.329849
v 0.699526 -0.994643 -0.479058
v 0.533469 -0.833164 -0.356455
v 0.682678 -0.994643 -0.505664
v 0.515336 -0.832582 -0.382202
v 0.664545 -0.994643 -0.531411
v 0.495962 -0.832170 -0.407027
v 0.645171 -0.994643 -0.556236
v 0.475393 -0.831929 -0.430873
v 0.624602 -0.994643 -0.580082
v 0.453678 -0.831860 -0.453680
v 0.602887 -0.994643 -0.602889
v 0.430871 -0.831962 -0.475395
v 0.580080 -0.994643 -0.624604
v 0.407026 -0.832235 -0.495964
v 0.556234 -0.994643 -0.645173
v 0.382200 -0.832680 -0.515338
v 0.531409 -0.994643 -0.664547
v 0.356453 -0.833294 -0.533471
v 0.505662 -0.994643 -0.682680
v 0.329847 -0.834076 -0.550319
v 0.479056 -0.994643 -0.699528
v 1.000000 -0.479060 -0.699527
v 1.000000 -0.451660 -0.715049
v 0.839796 -0.302451 -0.565840
v 0.838327 -0.329851 -0.550318
v 0.839797 -0.565842 -0.302448
v 0.840844 -0.574422 -0.285401
v 1.000000 -0.727485 -0.426788
v 1.000000 -0.715051 -0.451657
v 0.426693 -0.934959 -0.994643
v 0.426080 -0.994643 -0.934959
v 0.290758 -0.835487 -0.835487
v 1.000000 -0.427731 -0.934959
v 0.940316 -0.427462 -0.993696
v 0.840844 -0.285401 -0.835487
v 1.000000 -0.934959 -0.934959
v 0.940316 -0.994643 -0.934959
v 0.940316 -0.934959 -0.994643
v 0.840844 -0.835487 -0.285401
v 0.940316 -0.994643 -0.426645
v 1.000000 -0.934959 -0.428509
v 0.426788 -0.727484 -0.994643
v 0.426693 -0.934959 -0.994643
v 0.290758 -0.835487 -0.835487
v 0.290758 -0.571725 -0.835487
v 0.426080 -0.994643 -0.934959
v 0.426788 -0.994643 -0.727484
v 0.290758 -0.835487 -0.571725
v 0.290758 -0.835487 -0.835487
v 1.000000 -0.427731 -0.934959
v 1.000000 -0.934959 -0.934959
v 0.940316 -0.934959 -0.994643
v 0.940316 -0.427462 -0.993696
v 0.940316 -0.994643 -0.934959
v 0.426080 -0.994643 -0.934959
v 0.426693 -0.934959 -0.994643
v 0.940316 -0.934959 -0.994643
v 0.574420 -0.285401 -0.835487
v 0.840844 -0.285401 -0.835487
v 0.940316 -0.427462 -0.993696
v 0.727482 -0.426790 -0.994643
v 0.840844 -0.835487 -0.285401
v 0.574420 -0.835487 -0.285401
v 0.727482 -0.994643 -0.426790
v 0.940316 -0.994643 -0.426645
v 1.000000 -0.934959 -0.934959
v 1.000000 -0.934959 -0.428509
v 0.940316 -0.994643 -0.426645
v 0.940316 -0.994643 -0.934959
v 1.000000 -0.426792 -0.727483
v 1.000000 -0.427731 -0.934959
v 0.840844 -0.285401 -0.835487
v 0.840844 -0.285401 -0.574423
v 0.840844 -0.574422 -0.285401
v 0.840844 -0.835487 -0.285401
v 1.000000 -0.934959 -0.428509
v 1.000000 -0.727485 -0.426788
v 0.940316 -0.934959 -0.994643
v 0.426693 -0.934959 -0.994643
v 0.426788 -0.727484 -0.994643
v 0.451656 -0.715050 -0.994643
v 1.000000 -0.505665 -0.682679
v 0.837121 -0.356456 -0.533470
v 1.000000 -0.426792 -0.727483
v 0.840844 -0.285401 -0.574423
v 1.000000 -0.699529 -0.479057
v 0.838328 -0.550320 -0.329848
v 1.000000 -0.682681 -0.505662
v 0.837121 -0.533472 -0.356453
v 1.000000 -0.664549 -0.531409
v 0.836179 -0.515340 -0.382200
v 1.000000 -0.645174 -0.556235
v 0.835505 -0.495965 -0.407026
v 1.000000 -0.624605 -0.580080
v 0.835100 -0.475396 -0.430871
v 1.000000 -0.602891 -0.602888
v 0.834964 -0.453682 -0.453679
v 1.000000 -0.580084 -0.624602
v 0.835100 -0.430875 -0.475393
v 1.000000 -0.556238 -0.645172
v 0.835505 -0.407029 -0.495963
v 1.000000 -0.531412 -0.664546
v 0.836179 -0.382203 -0.515337
v 0.479056 -0.699528 -0.994643
v 0.451656 -0.715050 -0.994643
v 0.302447 -0.565841 -0.835283
v 0.329847 -0.550319 -0.834865
v 0.505662 -0.682680 -0.994643
v 0.356453 -0.533471 -0.834520
v 0.531409 -0.664547 -0.994643
v 0.382200 -0.515338 -0.834250
v 0.556234 -0.645173 -0.994643
v 0.407026 -0.495964 -0.834054
v 0.624602 -0.580082 -0.994643
v 0.475393 -0.430873 -0.833919
v 0.645171 -0.556237 -0.994643
v 0.495962 -0.407027 -0.834025
v 0.664545 -0.531411 -0.994643
v 0.515336 -0.382202 -0.834207
v 0.682678 -0.505664 -0.994643
v 0.533469 -0.356455 -0.834463
v 0.699526 -0.479058 -0.994643
v 0.550317 -0.329849 -0.834794
v 0.426788 -0.727484 -0.994643
v 0.290758 -0.571725 -0.835487
v 1.000000 -0.479060 -0.699527
v 1.000000 -0.451660 -0.715049
v 1.000000 -0.505665 -0.682679
v 1.000000 -0.934959 -0.934959
v 1.000000 -0.479060 -0.699527
v 1.000000 -0.531412 -0.664546
v 1.000000 -0.505665 -0.682679
v 1.000000 -0.556238 -0.645172
v 1.000000 -0.531412 -0.664546
v 1.000000 -0.580084 -0.624602
v 1.000000 -0.580084 -0.624602
v 1.000000 -0.602891 -0.602888
v 1.000000 -0.645174 -0.556235
v 1.000000 -0.624605 -0.580080
v 1.000000 -0.602891 -0.602888
v 1.000000 -0.664549 -0.531409
v 1.000000 -0.682681 -0.505662
v 1.000000 -0.727485 -0.426788
v 1.000000 -0.934959 -0.428509
v 1.000000 -0.715051 -0.451657
v 1.000000 -0.934959 -0.934959
v 1.000000 -0.699529 -0.479057
v 0.940316 -0.427462 -0.993696
v 0.940316 -0.934959 -0.994643
v 0.715048 -0.451658 -0.994643
v 0.727482 -0.426790 -0.994643
v 0.715048 -0.451658 -0.994643
v 0.699526 -0.479058 -0.994643
v 0.940316 -0.934959 -0.994643
v 0.682678 -0.505664 -0.994643
v 0.682678 -0.505664 -0.994643
v 0.664545 -0.531411 -0.994643
v 0.645171 -0.556237 -0.994643
v 0.645171 -0.556237 -0.994643
v 0.624602 -0.580082 -0.994643
v 0.602887 -0.602889 -0.994643
v 0.580080 -0.624604 -0.994643
v 0.556234 -0.645173 -0.994643
v 0.531409 -0.664547 -0.994643
v 0.505662 -0.682680 -0.994643
v 0.479056 -0.699528 -0.994643
v 0.479056 -0.699528 -0.994643
v 0.451656 -0.715050 -0.994643
v 0.940316 -0.994643 -0.426645
v 0.727482 -0.994643 -0.426790
v 0.940316 -0.994643 -0.934959
v 0.699526 -0.994643 -0.479058
v 0.682678 -0.994643 -0.505664
v 0.682678 -0.994643 -0.505664
v 0.664545 -0.994643 -0.531411
v 0.645171 -0.994643 -0.556236
v 0.624602 -0.994643 -0.580082
v 0.602887 -0.994643 -0.602889
v 0.580080 -0.994643 -0.624604
v 0.940316 -0.994643 -0.934959
v 0.580080 -0.994643 -0.624604
v 0.556234 -0.994643 -0.645173
v 0.556234 -0.994643 -0.645173
v 0.531409 -0.994643 -0.664547
v 0.531409 -0.994643 -0.664547
v 0.505662 -0.994643 -0.682680
v 0.940316 -0.994643 -0.934959
v 0.505662 -0.994643 -0.682680
v 0.479056 -0.994643 -0.699528
v 0.479056 -0.994643 -0.699528
v 0.451656 -0.994643 -0.715050
v 0.426080 -0.994643 -0.934959
v 0.451656 -0.994643 -0.715050
v 0.426788 -0.994643 -0.727484
vn -0.0000 -1.0000 -0.0000
vn -0.2821 -0.7825 0.5551
vn -0.5033 -0.7840 0.3634
vn -0.3996 -0.8979 0.1846
vn -0.1490 -0.9458 0.2884
vn 1.0000 -0.0000 -0.0000
vn -0.5514 0.2860 -0.7837
vn -0.3532 0.5036 -0.7884
vn -0.1824 0.3932 -0.9012
vn -0.2847 0.1518 -0.9465
vn -0.4061 0.4502 -0.7952
vn -0.4284 0.4286 -0.7955
vn -0.2229 0.2230 -0.9490
vn -0.2116 0.2340 -0.9489
vn -0.3586 -0.7881 0.5004
vn -0.5560 -0.7820 0.2816
vn -0.2888 -0.9457 0.1488
vn -0.1864 -0.9011 0.3915
vn -0.5374 -0.7851 0.3079
vn -0.2793 -0.9464 0.1623
vn -0.5178 -0.7876 0.3341
vn -0.2690 -0.9470 0.1755
vn -0.4974 -0.7894 0.3597
vn -0.2584 -0.9475 0.1884
vn -0.4762 -0.7908 0.3846
vn -0.2476 -0.9478 0.2010
vn -0.4543 -0.7916 0.4087
vn -0.2364 -0.9480 0.2131
vn -0.4316 -0.7918 0.4322
vn -0.2249 -0.9481 0.2250
vn -0.4083 -0.7916 0.4546
vn -0.2129 -0.9480 0.2365
vn -0.3842 -0.7909 0.4763
vn -0.2008 -0.9478 0.2477
vn -0.3593 -0.7896 0.4975
vn -0.1882 -0.9475 0.2585
vn -0.3337 -0.7878 0.5178
vn -0.1753 -0.9470 0.2690
vn -0.3073 -0.7854 0.5374
vn -0.1620 -0.9465 0.2792
vn 0.7826 0.3040 0.5432
vn 0.9457 0.1605 0.2825
vn 0.9452 0.1464 0.2917
vn 0.7803 0.2768 0.5609
vn 0.9453 0.2916 0.1464
vn 0.7803 0.5609 0.2768
vn 0.7891 0.3619 0.4963
vn 0.9014 0.1868 0.3907
vn -0.8032 -0.4171 -0.4253
vn 0.4329 0.7889 -0.4362
vn 0.5774 -0.5774 -0.5774
vn 0.4463 -0.4216 0.7894
vn -0.7602 0.0002 -0.6497
vn -0.7604 -0.0000 -0.6495
vn -0.7606 -0.6493 0.0012
vn -0.7606 -0.6492 0.0013
vn -0.7605 -0.6493 0.0011
vn 0.7043 0.0007 -0.7099
vn -0.0000 -0.7071 -0.7071
vn 0.0026 0.7467 -0.6652
vn 0.0023 0.7468 -0.6651
vn 0.0025 0.7467 -0.6651
vn 0.0024 0.7468 -0.6651
vn -0.0000 -0.6638 0.7479
vn -0.0003 -0.6641 0.7476
vn 0.7071 -0.7071 -0.0000
vn 0.6647 0.7471 -0.0015
vn 0.6646 0.7472 -0.0016
vn 0.6652 -0.0028 0.7467
vn 0.6652 -0.0027 0.7467
vn -0.0000 -0.0000 -1.0000
vn 0.7845 0.3321 0.5237
vn 0.9462 0.1747 0.2724
vn 0.9013 0.3905 0.1873
vn 0.7888 0.4964 0.3624
vn 0.9457 0.2825 0.1605
vn 0.7826 0.5432 0.3041
vn 0.9462 0.2724 0.1747
vn 0.7845 0.5237 0.3321
vn 0.9466 0.2618 0.1884
vn 0.7860 0.5032 0.3593
vn 0.9468 0.2507 0.2017
vn 0.7870 0.4816 0.3856
vn 0.9470 0.2391 0.2146
vn 0.7876 0.4591 0.4110
vn 0.9470 0.2271 0.2271
vn 0.7878 0.4356 0.4354
vn 0.9470 0.2146 0.2391
vn 0.7876 0.4110 0.4591
vn 0.9468 0.2017 0.2507
vn 0.7870 0.3856 0.4816
vn 0.7860 0.3593 0.5032
vn 0.9466 0.1884 0.2618
vn -0.3111 0.5320 -0.7875
vn -0.1638 0.2762 -0.9471
vn -0.1512 0.2860 -0.9462
vn -0.2862 0.5511 -0.7838
vn -0.3358 0.5123 -0.7904
vn -0.1762 0.2659 -0.9478
vn -0.3599 0.4921 -0.7927
vn -0.1883 0.2554 -0.9483
vn -0.3833 0.4714 -0.7943
vn -0.2001 0.2448 -0.9487
vn -0.4502 0.4062 -0.7952
vn -0.2340 0.2117 -0.9489
vn -0.4714 0.3834 -0.7942
vn -0.2448 0.2002 -0.9487
vn -0.4921 0.3600 -0.7926
vn -0.2554 0.1884 -0.9483
vn -0.5123 0.3360 -0.7903
vn -0.2659 0.1763 -0.9477
vn -0.5320 0.3113 -0.7874
vn -0.2762 0.1639 -0.9470
vn -0.4009 0.1831 -0.8976
vn -0.5064 0.3593 -0.7839
vn 0.0041 0.0017 -1.0000
vn 0.0040 0.0017 -1.0000
vt 0.626228 0.687604
vt 0.682829 0.661221
vt 0.679620 0.659404
vt 0.303632 0.198008
vt 0.302140 0.197654
vt 0.300407 0.228166
vt 0.303556 0.228995
vt 0.070833 0.384737
vt 0.067744 0.385767
vt 0.045933 0.444002
vt 0.087937 0.401996
vt 0.621141 0.238907
vt 0.620611 0.241079
vt 0.651306 0.241932
vt 0.652115 0.238778
vt 0.623460 0.213267
vt 0.623542 0.216954
vt 0.654609 0.216840
vt 0.654523 0.213153
vt 0.349745 0.197654
vt 0.347566 0.198156
vt 0.347417 0.229156
vt 0.350572 0.228350
vt 0.343943 0.198858
vt 0.343809 0.229923
vt 0.340299 0.199432
vt 0.340175 0.230550
vt 0.336637 0.199876
vt 0.336519 0.231036
vt 0.332963 0.200191
vt 0.332847 0.231380
vt 0.329279 0.200375
vt 0.329164 0.231581
vt 0.325591 0.200428
vt 0.325477 0.231640
vt 0.321904 0.200351
vt 0.321790 0.231554
vt 0.318222 0.200142
vt 0.318109 0.231326
vt 0.314549 0.199802
vt 0.314439 0.230955
vt 0.310890 0.199333
vt 0.310787 0.230442
vt 0.307250 0.198735
vt 0.307158 0.229788
vt 0.053608 0.266057
vt 0.084740 0.266092
vt 0.083963 0.262486
vt 0.052936 0.262427
vt 0.083963 0.306351
vt 0.052935 0.306410
vt 0.052455 0.308597
vt 0.083149 0.309504
vt 0.278502 0.164953
vt 0.268775 0.163192
vt 0.268775 0.190290
vt 0.987422 0.803746
vt 0.989077 0.794079
vt 0.961585 0.794079
vt 0.984241 0.340619
vt 0.989184 0.349179
vt 0.994126 0.340619
vt 0.482645 0.074524
vt 0.508387 0.084227
vt 0.510287 0.074524
vt 0.852564 0.854331
vt 0.852564 0.884892
vt 0.872063 0.899390
vt 0.877348 0.872769
vt 0.885333 0.887740
vt 0.909799 0.899390
vt 0.909853 0.875092
vt 0.885333 0.856850
vt 0.948561 0.458280
vt 0.938754 0.458299
vt 0.938676 0.517702
vt 0.948561 0.517715
vt 0.707060 0.070456
vt 0.707060 0.060571
vt 0.646836 0.060571
vt 0.646908 0.070456
vt 0.533889 0.098032
vt 0.515964 0.122964
vt 0.547166 0.122964
vt 0.558816 0.098063
vt 0.502890 0.187669
vt 0.507979 0.160635
vt 0.482645 0.142420
vt 0.482645 0.173128
vt 0.976257 0.367049
vt 0.976257 0.357164
vt 0.916944 0.357164
vt 0.916726 0.367049
vt 0.217067 0.125575
vt 0.247774 0.125575
vt 0.262018 0.105889
vt 0.234915 0.100751
vt 0.907562 0.177699
vt 0.882630 0.159773
vt 0.882630 0.190347
vt 0.907696 0.201997
vt 0.702220 0.373829
vt 0.676466 0.316600
vt 0.676466 0.376753
vt 0.700764 0.376742
vt 0.054159 0.269707
vt 0.085378 0.269724
vt 0.083149 0.259334
vt 0.052455 0.260240
vt 0.084740 0.302746
vt 0.053608 0.302780
vt 0.085378 0.299113
vt 0.054159 0.299131
vt 0.085875 0.295459
vt 0.054589 0.295466
vt 0.086231 0.291788
vt 0.054896 0.291790
vt 0.086445 0.288106
vt 0.055081 0.288106
vt 0.086516 0.284419
vt 0.055143 0.284419
vt 0.086445 0.280731
vt 0.055081 0.280731
vt 0.086231 0.277050
vt 0.054896 0.277048
vt 0.054589 0.273372
vt 0.085875 0.273379
vt 0.621752 0.198627
vt 0.652749 0.198522
vt 0.651953 0.194921
vt 0.620985 0.195019
vt 0.622384 0.202260
vt 0.653406 0.202151
vt 0.622880 0.205915
vt 0.653921 0.205803
vt 0.623239 0.209586
vt 0.654294 0.209472
vt 0.623486 0.220642
vt 0.654550 0.220527
vt 0.623291 0.224325
vt 0.654348 0.224210
vt 0.622958 0.227998
vt 0.654003 0.227882
vt 0.622488 0.231656
vt 0.653514 0.231537
vt 0.621882 0.235294
vt 0.652885 0.235171
vt 0.651121 0.191772
vt 0.620611 0.193532
vt 0.064190 0.386751
vt 0.060591 0.387559
vt 0.056958 0.388189
vt 0.053297 0.388641
vt 0.049619 0.388912
vt 0.045933 0.389003
vt 0.038567 0.388641
vt 0.042246 0.388912
vt 0.034907 0.388189
vt 0.031273 0.387559
vt 0.024120 0.385767
vt 0.021031 0.384737
vt 0.003992 0.402061
vt 0.027675 0.386751
vt 0.735980 0.341526
vt 0.735901 0.316600
vt 0.733067 0.342982
vt 0.729858 0.344800
vt 0.726743 0.346773
vt 0.723727 0.348897
vt 0.720820 0.351166
vt 0.718027 0.353575
vt 0.715356 0.356118
vt 0.712813 0.358789
vt 0.710404 0.361582
vt 0.708135 0.364489
vt 0.706011 0.367504
vt 0.704038 0.370620
vt 0.685759 0.687604
vt 0.685742 0.662678
vt 0.676505 0.657430
vt 0.673489 0.655307
vt 0.670582 0.653038
vt 0.667789 0.650629
vt 0.665118 0.648086
vt 0.662575 0.645415
vt 0.660166 0.642622
vt 0.657897 0.639715
vt 0.655774 0.636699
vt 0.653801 0.633584
vt 0.651983 0.630375
vt 0.650527 0.627462
vt 0.626228 0.627379
s 0
usemtl DefaultMaterial
f 2432/1922/1100 2433/1923/1100 2434/1924/1100
s 1
f 2438/1925/1101 2435/1926/1102 2436/1927/1103
f 2436/1927/1103 2437/1928/1104 2438/1925/1101
s 0
f 2442/1929/1105 2439/1930/1105 2440/1931/1105
f 2440/1931/1105 2441/1932/1105 2442/1929/1105
s 1
f 2446/1933/1106 2443/1934/1107 2444/1935/1108
f 2444/1935/1108 2445/1936/1109 2446/1933/1106
f 2450/1937/1110 2447/1938/1111 2448/1939/1112
f 2448/1939/1112 2449/1940/1113 2450/1937/1110
f 2454/1941/1114 2451/1942/1115 2452/1943/1116
f 2452/1943/1116 2453/1944/1117 2454/1941/1114
f 2451/1942/1115 2455/1945/1118 2456/1946/1119
f 2456/1946/1119 2452/1943/1116 2451/1942/1115
f 2455/1945/1118 2457/1947/1120 2458/1948/1121
f 2458/1948/1121 2456/1946/1119 2455/1945/1118
f 2457/1947/1120 2459/1949/1122 2460/1950/1123
f 2460/1950/1123 2458/1948/1121 2457/1947/1120
f 2459/1949/1122 2461/1951/1124 2462/1952/1125
f 2462/1952/1125 2460/1950/1123 2459/1949/1122
f 2461/1951/1124 2463/1953/1126 2464/1954/1127
f 2464/1954/1127 2462/1952/1125 2461/1951/1124
f 2463/1953/1126 2465/1955/1128 2466/1956/1129
f 2466/1956/1129 2464/1954/1127 2463/1953/1126
f 2466/1956/1129 2465/1955/1128 2467/1957/1130
f 2467/1957/1130 2468/1958/1131 2466/1956/1129
f 2467/1957/1130 2469/1959/1132 2470/1960/1133
f 2470/1960/1133 2468/1958/1131 2467/1957/1130
f 2469/1959/1132 2471/1961/1134 2472/1962/1135
f 2472/1962/1135 2470/1960/1133 2469/1959/1132
f 2471/1961/1134 2473/1963/1136 2474/1964/1137
f 2474/1964/1137 2472/1962/1135 2471/1961/1134
f 2473/1963/1136 2475/1965/1138 2476/1966/1139
f 2476/1966/1139 2474/1964/1137 2473/1963/1136
f 2475/1965/1138 2438/1925/1101 2437/1928/1104
f 2437/1928/1104 2476/1966/1139 2475/1965/1138
f 2480/1967/1140 2477/1968/1141 2478/1969/1142
f 2478/1969/1142 2479/1970/1143 2480/1967/1140
f 2484/1971/1144 2481/1972/1145 2482/1973/1146
f 2482/1973/1146 2483/1974/1147 2484/1971/1144
s 0
f 2485/1975/1148 2486/1976/1148 2487/1977/1148
f 2488/1978/1149 2489/1979/1149 2490/1980/1149
f 2491/1981/1150 2492/1982/1150 2493/1983/1150
f 2494/1984/1151 2495/1985/1151 2496/1986/1151
f 2500/1987/1152 2497/1988/1152 2498/1989/1152
f 2498/1989/1153 2499/1990/1153 2500/1987/1153
s 1
f 2504/1991/1154 2501/1992/1154 2502/1993/1155
f 2502/1993/1155 2503/1994/1156 2504/1991/1154
f 2508/1995/1157 2505/1996/1157 2506/1997/1157
f 2506/1997/1157 2507/1998/1157 2508/1995/1157
s 0
f 2512/1999/1158 2509/2000/1158 2510/2001/1158
f 2510/2001/1158 2511/2002/1158 2512/1999/1158
s 1
f 2516/2003/1159 2513/2004/1160 2514/2005/1161
f 2514/2005/1161 2515/2006/1162 2516/2003/1159
s 0
f 2520/2007/1163 2517/2008/1163 2518/2009/1163
s 1
f 2518/2009/1164 2519/2010/1164 2520/2007/1164
s 0
f 2524/2011/1165 2521/2012/1165 2522/2013/1165
f 2522/2013/1165 2523/2014/1165 2524/2011/1165
s 1
f 2528/2015/1166 2525/2016/1166 2526/2017/1167
f 2526/2017/1167 2527/2018/1166 2528/2015/1166
f 2532/2019/1168 2529/2020/1169 2530/2021/1168
f 2530/2021/1168 2531/2022/1168 2532/2019/1168
s 0
f 2536/2023/1170 2533/2024/1170 2534/2025/1170
f 2534/2025/1170 2535/2026/1170 2536/2023/1170
s 1
f 2538/2027/1171 2537/2028/1172 2477/1968/1141
f 2477/1968/1141 2480/1967/1140 2538/2027/1171
f 2479/1970/1143 2478/1969/1142 2539/2029/1173
f 2539/2029/1173 2540/2030/1174 2479/1970/1143
f 2481/1972/1145 2484/1971/1144 2541/2031/1175
f 2541/2031/1175 2542/2032/1176 2481/1972/1145
f 2542/2032/1176 2541/2031/1175 2543/2033/1177
f 2543/2033/1177 2544/2034/1178 2542/2032/1176
f 2544/2034/1178 2543/2033/1177 2545/2035/1179
f 2545/2035/1179 2546/2036/1180 2544/2034/1178
f 2546/2036/1180 2545/2035/1179 2547/2037/1181
f 2547/2037/1181 2548/2038/1182 2546/2036/1180
f 2548/2038/1182 2547/2037/1181 2549/2039/1183
f 2549/2039/1183 2550/2040/1184 2548/2038/1182
f 2550/2040/1184 2549/2039/1183 2551/2041/1185
f 2551/2041/1185 2552/2042/1186 2550/2040/1184
f 2552/2042/1186 2551/2041/1185 2553/2043/1187
f 2553/2043/1187 2554/2044/1188 2552/2042/1186
f 2554/2044/1188 2553/2043/1187 2555/2045/1189
f 2555/2045/1189 2556/2046/1190 2554/2044/1188
f 2558/2047/1191 2557/2048/1192 2537/2028/1172
f 2537/2028/1172 2538/2027/1171 2558/2047/1191
f 2556/2046/1190 2555/2045/1189 2557/2048/1192
f 2557/2048/1192 2558/2047/1191 2556/2046/1190
f 2562/2049/1193 2559/2050/1194 2560/2051/1195
f 2560/2051/1195 2561/2052/1196 2562/2049/1193
f 2564/2053/1197 2563/2054/1198 2559/2050/1194
f 2559/2050/1194 2562/2049/1193 2564/2053/1197
f 2566/2055/1199 2565/2056/1200 2563/2054/1198
f 2563/2054/1198 2564/2053/1197 2566/2055/1199
f 2568/2057/1201 2567/2058/1202 2565/2056/1200
f 2565/2056/1200 2566/2055/1199 2568/2057/1201
f 2450/1937/1110 2449/1940/1113 2567/2058/1202
f 2567/2058/1202 2568/2057/1201 2450/1937/1110
f 2570/2059/1203 2569/2060/1204 2448/1939/1112
f 2448/1939/1112 2447/1938/1111 2570/2059/1203
f 2572/2061/1205 2571/2062/1206 2569/2060/1204
f 2569/2060/1204 2570/2059/1203 2572/2061/1205
f 2574/2063/1207 2573/2064/1208 2571/2062/1206
f 2571/2062/1206 2572/2061/1205 2574/2063/1207
f 2576/2065/1209 2575/2066/1210 2573/2064/1208
f 2573/2064/1208 2574/2063/1207 2576/2065/1209
f 2578/2067/1211 2577/2068/1212 2575/2066/1210
f 2575/2066/1210 2576/2065/1209 2578/2067/1211
f 2446/1933/1106 2445/1936/1109 2577/2068/1212
f 2577/2068/1212 2578/2067/1211 2446/1933/1106
f 2561/2052/1196 2560/2051/1195 2579/2069/1213
f 2579/2069/1213 2580/2070/1214 2561/2052/1196
s 0
f 2581/2071/1105 2440/1931/1105 2582/1930/1105
f 2583/2072/1105 2584/1931/1105 2585/2071/1105
f 2586/2073/1105 2440/1931/1105 2587/2072/1105
f 2588/2074/1105 2584/1931/1105 2589/2073/1105
f 2590/2075/1105 2584/1931/1105 2588/2074/1105
f 2440/1931/1105 2591/2075/1105 2592/2076/1105
f 2593/2077/1105 2440/1931/1105 2594/2078/1105
f 2594/2078/1105 2440/1931/1105 2595/2076/1105
f 2596/2079/1105 2440/1931/1105 2593/2077/1105
f 2440/1931/1105 2596/2079/1105 2597/2080/1105
f 2600/2081/1105 2598/2082/1105 2599/2083/1105
f 2599/2083/1105 2440/1931/1105 2600/2081/1105
f 2601/1931/1105 2597/2080/1105 2602/2084/1105
f 2600/2081/1105 2601/1931/1105 2602/2084/1105
f 2606/2085/1215 2603/2086/1215 2604/2024/1215
s 1
f 2604/2024/1216 2605/2087/1216 2606/2085/1216
s 0
f 2607/2087/1170 2533/2024/1170 2608/2088/1170
f 2608/2088/1170 2609/2024/1170 2610/2089/1170
f 2611/2089/1170 2533/2024/1170 2612/2090/1170
f 2612/2090/1170 2533/2024/1170 2613/2091/1170
f 2614/2091/1170 2609/2024/1170 2615/2092/1170
f 2615/2092/1170 2609/2024/1170 2616/2093/1170
f 2616/2093/1170 2609/2024/1170 2617/2094/1170
f 2617/2094/1170 2609/2024/1170 2618/2095/1170
f 2618/2095/1170 2609/2024/1170 2619/2096/1170
f 2619/2096/1170 2609/2024/1170 2620/2097/1170
f 2620/2097/1170 2609/2024/1170 2621/2098/1170
f 2622/2098/1170 2609/2024/1170 2623/2023/1170
f 2432/1922/1100 2624/2099/1100 2625/2100/1100
f 2625/2100/1100 2433/1923/1100 2432/1922/1100
f 2626/1922/1100 2627/1924/1100 2628/2101/1100
f 2432/1922/1100 2629/2101/1100 2630/2102/1100
f 2432/1922/1100 2630/2102/1100 2631/2103/1100
f 2432/1922/1100 2631/2103/1100 2632/2104/1100
f 2432/1922/1100 2632/2104/1100 2633/2105/1100
f 2626/1922/1100 2633/2105/1100 2634/2106/1100
f 2635/1922/1100 2636/2106/1100 2637/2107/1100
f 2432/1922/1100 2638/2107/1100 2639/2108/1100
f 2635/1922/1100 2640/2108/1100 2641/2109/1100
f 2642/1922/1100 2643/2109/1100 2644/2110/1100
f 2635/1922/1100 2645/2110/1100 2646/2111/1100
f 2649/2112/1100 2647/2113/1100 2432/1922/1100
f 2432/1922/1100 2648/2111/1100 2649/2112/1100
o defaultMaterial.010
v 0.940315 -0.994643 0.934959
v 0.699525 -0.994643 0.479059
v 0.715047 -0.994643 0.451658
v 0.290757 -0.835487 0.571725
v 0.302446 -0.835024 0.565841
v 0.451655 -0.994643 0.715050
v 0.426787 -0.994643 0.727484
v 0.999999 -0.451660 0.715049
v 0.999999 -0.426792 0.727483
v 0.999999 -0.427731 0.934959
v 0.999999 -0.934959 0.934959
v 0.574419 -0.285401 0.835487
v 0.565838 -0.302449 0.835198
v 0.715047 -0.451658 0.994643
v 0.727481 -0.426790 0.994643
v 0.453677 -0.453680 0.833888
v 0.430870 -0.475395 0.833933
v 0.580079 -0.624604 0.994643
v 0.602886 -0.602889 0.994643
v 0.565838 -0.834831 0.302449
v 0.574419 -0.835487 0.285401
v 0.727481 -0.994643 0.426790
v 0.715047 -0.994643 0.451658
v 0.550316 -0.833914 0.329850
v 0.699525 -0.994643 0.479059
v 0.533468 -0.833164 0.356455
v 0.682677 -0.994643 0.505664
v 0.515335 -0.832582 0.382202
v 0.664544 -0.994643 0.531411
v 0.495961 -0.832170 0.407028
v 0.645170 -0.994643 0.556237
v 0.475392 -0.831929 0.430873
v 0.624601 -0.994643 0.580082
v 0.453677 -0.831860 0.453680
v 0.602886 -0.994643 0.602889
v 0.580079 -0.994643 0.624604
v 0.430870 -0.831962 0.475395
v 0.407025 -0.832235 0.495964
v 0.556234 -0.994643 0.645173
v 0.382199 -0.832680 0.515338
v 0.531408 -0.994643 0.664547
v 0.356452 -0.833294 0.533471
v 0.505661 -0.994643 0.682680
v 0.329847 -0.834076 0.550319
v 0.479055 -0.994643 0.699528
v 0.999999 -0.479060 0.699527
v 0.838326 -0.329851 0.550318
v 0.839796 -0.302451 0.565840
v 0.999999 -0.451660 0.715049
v 0.839796 -0.565842 0.302448
v 0.999999 -0.715051 0.451657
v 0.999999 -0.727485 0.426788
v 0.840843 -0.574422 0.285401
v 0.426692 -0.934959 0.994643
v 0.290757 -0.835487 0.835487
v 0.426080 -0.994643 0.934959
v 0.999999 -0.427731 0.934959
v 0.840843 -0.285401 0.835487
v 0.940315 -0.427462 0.993696
v 0.999999 -0.934959 0.934959
v 0.940315 -0.934959 0.994643
v 0.940315 -0.994643 0.934959
v 0.840843 -0.835487 0.285401
v 0.999999 -0.934959 0.428509
v 0.940315 -0.994643 0.426645
v 0.426787 -0.727484 0.994643
v 0.290757 -0.571725 0.835487
v 0.290757 -0.835487 0.835487
v 0.426692 -0.934959 0.994643
v 0.426080 -0.994643 0.934959
v 0.290757 -0.835487 0.835487
v 0.290757 -0.835487 0.571725
v 0.426787 -0.994643 0.727484
v 0.999999 -0.427731 0.934959
v 0.940315 -0.427462 0.993696
v 0.940315 -0.934959 0.994643
v 0.999999 -0.934959 0.934959
v 0.940315 -0.994643 0.934959
v 0.940315 -0.934959 0.994643
v 0.426692 -0.934959 0.994643
v 0.426080 -0.994643 0.934959
v 0.574419 -0.285401 0.835487
v 0.727481 -0.426790 0.994643
v 0.940315 -0.427462 0.993696
v 0.840843 -0.285401 0.835487
v 0.840843 -0.835487 0.285401
v 0.940315 -0.994643 0.426645
v 0.727481 -0.994643 0.426790
v 0.574419 -0.835487 0.285401
v 0.999999 -0.934959 0.934959
v 0.940315 -0.994643 0.934959
v 0.940315 -0.994643 0.426645
v 0.999999 -0.934959 0.428509
v 0.999999 -0.426792 0.727483
v 0.840843 -0.285401 0.574422
v 0.840843 -0.285401 0.835487
v 0.999999 -0.427731 0.934959
v 0.840843 -0.574422 0.285401
v 0.999999 -0.727485 0.426788
v 0.999999 -0.934959 0.428509
v 0.840843 -0.835487 0.285401
v 0.940315 -0.934959 0.994643
v 0.451655 -0.715050 0.994643
v 0.426787 -0.727484 0.994643
v 0.426692 -0.934959 0.994643
v 0.999999 -0.505665 0.682679
v 0.837120 -0.356456 0.533470
v 0.840843 -0.285401 0.574422
v 0.999999 -0.426792 0.727483
v 0.838327 -0.550320 0.329848
v 0.999999 -0.699529 0.479057
v 0.837120 -0.533472 0.356453
v 0.999999 -0.682681 0.505662
v 0.836178 -0.515340 0.382200
v 0.999999 -0.664549 0.531409
v 0.835504 -0.495965 0.407026
v 0.999999 -0.645174 0.556235
v 0.835099 -0.475396 0.430871
v 0.999999 -0.624605 0.580080
v 0.834963 -0.453682 0.453679
v 0.999999 -0.602891 0.602888
v 0.835099 -0.430875 0.475393
v 0.999999 -0.580084 0.624602
v 0.835504 -0.407029 0.495963
v 0.999999 -0.556238 0.645172
v 0.999999 -0.531412 0.664546
v 0.836178 -0.382203 0.515337
v 0.479055 -0.699528 0.994643
v 0.329847 -0.550319 0.834865
v 0.302446 -0.565841 0.835283
v 0.451655 -0.715050 0.994643
v 0.505661 -0.682680 0.994643
v 0.356452 -0.533471 0.834520
v 0.531408 -0.664547 0.994643
v 0.382199 -0.515338 0.834250
v 0.556234 -0.645173 0.994643
v 0.407025 -0.495964 0.834054
v 0.624601 -0.580082 0.994643
v 0.475392 -0.430873 0.833919
v 0.645170 -0.556236 0.994643
v 0.495961 -0.407027 0.834025
v 0.664544 -0.531410 0.994643
v 0.515335 -0.382201 0.834207
v 0.682677 -0.505664 0.994643
v 0.533468 -0.356455 0.834463
v 0.699525 -0.479058 0.994643
v 0.550316 -0.329849 0.834794
v 0.290757 -0.571725 0.835487
v 0.426787 -0.727484 0.994643
v 0.999999 -0.479060 0.699527
v 0.999999 -0.505665 0.682679
v 0.999999 -0.531412 0.664546
v 0.999999 -0.556238 0.645172
v 0.999999 -0.580084 0.624602
v 0.999999 -0.602891 0.602888
v 0.999999 -0.645174 0.556235
v 0.999999 -0.624605 0.580080
v 0.999999 -0.602891 0.602888
v 0.999999 -0.664549 0.531409
v 0.999999 -0.682681 0.505662
v 0.999999 -0.664549 0.531409
v 0.999999 -0.727485 0.426788
v 0.999999 -0.715051 0.451657
v 0.999999 -0.934959 0.428509
v 0.999999 -0.699529 0.479057
v 0.940315 -0.427462 0.993696
v 0.727481 -0.426790 0.994643
v 0.715047 -0.451658 0.994643
v 0.940315 -0.934959 0.994643
v 0.715047 -0.451658 0.994643
v 0.699525 -0.479058 0.994643
v 0.682677 -0.505664 0.994643
v 0.664544 -0.531410 0.994643
v 0.664544 -0.531410 0.994643
v 0.645170 -0.556236 0.994643
v 0.940315 -0.934959 0.994643
v 0.645170 -0.556236 0.994643
v 0.624601 -0.580082 0.994643
v 0.624601 -0.580082 0.994643
v 0.602886 -0.602889 0.994643
v 0.580079 -0.624604 0.994643
v 0.556234 -0.645173 0.994643
v 0.531408 -0.664547 0.994643
v 0.505661 -0.682680 0.994643
v 0.479055 -0.699528 0.994643
v 0.940315 -0.994643 0.426645
v 0.727481 -0.994643 0.426790
v 0.682677 -0.994643 0.505664
v 0.664544 -0.994643 0.531411
v 0.645170 -0.994643 0.556237
v 0.624601 -0.994643 0.580082
v 0.940315 -0.994643 0.934959
v 0.602886 -0.994643 0.602889
v 0.624601 -0.994643 0.580082
v 0.940315 -0.994643 0.934959
v 0.580079 -0.994643 0.624604
v 0.602886 -0.994643 0.602889
v 0.940315 -0.994643 0.934959
v 0.556234 -0.994643 0.645173
v 0.580079 -0.994643 0.624604
v 0.531408 -0.994643 0.664547
v 0.556234 -0.994643 0.645173
v 0.505661 -0.994643 0.682680
v 0.531408 -0.994643 0.664547
v 0.479055 -0.994643 0.699528
v 0.505661 -0.994643 0.682680
v 0.451655 -0.994643 0.715050
v 0.479055 -0.994643 0.699528
v 0.426080 -0.994643 0.934959
v 0.426787 -0.994643 0.727484
vn -0.0000 -1.0000 -0.0000
vn -0.3996 -0.8979 -0.1846
vn -0.5033 -0.7840 -0.3634
vn -0.2821 -0.7825 -0.5551
vn -0.1490 -0.9458 -0.2884
vn 1.0000 -0.0000 -0.0000
vn -0.1824 0.3932 0.9012
vn -0.3532 0.5037 0.7884
vn -0.5514 0.2860 0.7837
vn -0.2847 0.1518 0.9465
vn -0.2229 0.2230 0.9490
vn -0.4284 0.4283 0.7956
vn -0.4061 0.4502 0.7952
vn -0.2116 0.2340 0.9489
vn -0.2888 -0.9457 -0.1488
vn -0.5560 -0.7820 -0.2816
vn -0.3585 -0.7881 -0.5004
vn -0.1864 -0.9011 -0.3914
vn -0.2793 -0.9464 -0.1623
vn -0.5374 -0.7851 -0.3079
vn -0.2690 -0.9470 -0.1755
vn -0.5178 -0.7876 -0.3341
vn -0.2585 -0.9475 -0.1884
vn -0.4974 -0.7894 -0.3597
vn -0.2476 -0.9478 -0.2009
vn -0.4762 -0.7908 -0.3846
vn -0.2364 -0.9480 -0.2131
vn -0.4543 -0.7916 -0.4087
vn -0.2249 -0.9481 -0.2250
vn -0.4316 -0.7918 -0.4322
vn -0.4083 -0.7916 -0.4545
vn -0.2129 -0.9480 -0.2365
vn -0.2008 -0.9478 -0.2476
vn -0.3842 -0.7909 -0.4763
vn -0.1882 -0.9475 -0.2585
vn -0.3593 -0.7896 -0.4974
vn -0.1753 -0.9470 -0.2690
vn -0.3337 -0.7878 -0.5178
vn -0.1620 -0.9465 -0.2792
vn -0.3073 -0.7854 -0.5374
vn 0.9452 0.1464 -0.2917
vn 0.9457 0.1605 -0.2825
vn 0.7826 0.3041 -0.5432
vn 0.7803 0.2768 -0.5609
vn 0.7891 0.3619 -0.4963
vn 0.7803 0.5609 -0.2768
vn 0.9453 0.2916 -0.1464
vn 0.9014 0.1868 -0.3907
vn -0.8032 -0.4171 0.4253
vn 0.4329 0.7889 0.4362
vn 0.5773 -0.5773 0.5774
vn 0.4463 -0.4216 -0.7894
vn -0.7602 0.0002 0.6497
vn -0.7606 -0.6492 -0.0013
vn -0.7606 -0.6493 -0.0011
vn -0.7606 -0.6493 -0.0012
vn -0.7605 -0.6493 -0.0011
vn 0.7043 0.0007 0.7099
vn 0.7042 0.0007 0.7100
vn -0.0000 -0.7071 0.7071
vn 0.0025 0.7467 0.6651
vn 0.0024 0.7468 0.6651
vn 0.0026 0.7467 0.6652
vn -0.0002 -0.6641 -0.7477
vn -0.0003 -0.6641 -0.7476
vn 0.7071 -0.7071 -0.0000
vn 0.6646 0.7472 0.0016
vn 0.6647 0.7471 0.0015
vn 0.6652 -0.0028 -0.7467
vn 0.6652 -0.0027 -0.7467
vn -0.0000 -0.0000 1.0000
vn 0.9462 0.1747 -0.2724
vn 0.7845 0.3321 -0.5237
vn 0.9014 0.3904 -0.1873
vn 0.7888 0.4964 -0.3624
vn 0.9457 0.2825 -0.1605
vn 0.7826 0.5432 -0.3041
vn 0.9462 0.2724 -0.1747
vn 0.7845 0.5237 -0.3321
vn 0.9466 0.2618 -0.1884
vn 0.7860 0.5032 -0.3593
vn 0.9468 0.2507 -0.2017
vn 0.7870 0.4816 -0.3856
vn 0.9470 0.2391 -0.2146
vn 0.7876 0.4591 -0.4110
vn 0.9470 0.2271 -0.2271
vn 0.7878 0.4356 -0.4354
vn 0.9470 0.2146 -0.2391
vn 0.7876 0.4110 -0.4590
vn 0.9468 0.2017 -0.2507
vn 0.7870 0.3856 -0.4816
vn 0.9466 0.1884 -0.2618
vn 0.7860 0.3593 -0.5032
vn -0.1511 0.2860 0.9462
vn -0.1638 0.2762 0.9471
vn -0.3111 0.5320 0.7875
vn -0.2862 0.5511 0.7838
vn -0.1762 0.2659 0.9478
vn -0.3358 0.5123 0.7904
vn -0.1883 0.2555 0.9483
vn -0.3599 0.4921 0.7927
vn -0.2001 0.2448 0.9487
vn -0.3833 0.4714 0.7943
vn -0.2339 0.2117 0.9489
vn -0.4502 0.4062 0.7952
vn -0.2448 0.2002 0.9487
vn -0.4714 0.3834 0.7942
vn -0.2554 0.1884 0.9483
vn -0.4921 0.3600 0.7926
vn -0.2659 0.1763 0.9477
vn -0.5123 0.3360 0.7903
vn -0.2762 0.1639 0.9470
vn -0.5320 0.3113 0.7874
vn -0.4008 0.1831 0.8977
vn -0.5064 0.3593 0.7839
vn 0.0041 0.0017 1.0000
vn 0.0040 0.0017 1.0000
vt 0.541434 0.316528
vt 0.594826 0.344729
vt 0.598035 0.342911
vt 0.703234 0.925035
vt 0.701501 0.894523
vt 0.700009 0.894877
vt 0.700085 0.925864
vt 0.137926 0.444002
vt 0.116115 0.385767
vt 0.113025 0.384737
vt 0.095922 0.401997
vt 0.774715 0.696975
vt 0.805410 0.696121
vt 0.804880 0.693950
vt 0.773906 0.693820
vt 0.771412 0.671882
vt 0.802479 0.671997
vt 0.802562 0.668310
vt 0.771498 0.668195
vt 0.656224 0.926025
vt 0.656075 0.895025
vt 0.653896 0.894523
vt 0.653070 0.925219
vt 0.659832 0.926792
vt 0.659698 0.895727
vt 0.663466 0.927419
vt 0.663342 0.896301
vt 0.667122 0.927905
vt 0.667004 0.896745
vt 0.670794 0.928249
vt 0.670679 0.897060
vt 0.674477 0.928451
vt 0.674362 0.897244
vt 0.678164 0.928509
vt 0.678050 0.897297
vt 0.681737 0.897220
vt 0.681851 0.928424
vt 0.685532 0.928195
vt 0.685419 0.897011
vt 0.689202 0.927824
vt 0.689092 0.896671
vt 0.692854 0.927311
vt 0.692751 0.896202
vt 0.696483 0.926657
vt 0.696391 0.895604
vt 0.505427 0.242671
vt 0.506203 0.239066
vt 0.475071 0.239101
vt 0.474399 0.242731
vt 0.473918 0.196561
vt 0.474399 0.198748
vt 0.505426 0.198807
vt 0.504612 0.195654
vt 0.961624 0.302864
vt 0.988764 0.302864
vt 0.963466 0.293151
vt 0.511807 0.017129
vt 0.484221 0.017129
vt 0.509970 0.026762
vt 0.992480 0.693170
vt 0.983919 0.698113
vt 0.992480 0.703056
vt 0.006766 0.019904
vt 0.032631 0.029653
vt 0.034275 0.019904
vt 0.416705 0.098076
vt 0.441004 0.098083
vt 0.459245 0.073563
vt 0.428355 0.073563
vt 0.048553 0.103043
vt 0.034093 0.122570
vt 0.060676 0.127827
vt 0.079114 0.103043
vt 0.953639 0.320561
vt 0.953639 0.261157
vt 0.943832 0.261125
vt 0.943754 0.320561
vt 0.646836 0.052586
vt 0.707060 0.052586
vt 0.707060 0.042701
vt 0.646908 0.042701
vt 0.868826 0.674882
vt 0.843493 0.656668
vt 0.843493 0.687375
vt 0.863749 0.701901
vt 0.879882 0.474863
vt 0.879882 0.506065
vt 0.904803 0.517715
vt 0.904814 0.492789
vt 0.101573 0.019881
vt 0.042260 0.019881
vt 0.042260 0.029766
vt 0.101791 0.029766
vt 0.482645 0.092212
vt 0.482718 0.116510
vt 0.507651 0.134436
vt 0.507651 0.103861
vt 0.869113 0.233000
vt 0.844289 0.215152
vt 0.844289 0.245859
vt 0.863939 0.260152
vt 0.232270 0.348240
vt 0.292422 0.348210
vt 0.235181 0.322484
vt 0.232269 0.323941
vt 0.506841 0.235434
vt 0.475623 0.235451
vt 0.504612 0.245824
vt 0.473918 0.244918
vt 0.506203 0.202412
vt 0.475071 0.202378
vt 0.506841 0.206045
vt 0.475623 0.206027
vt 0.507338 0.209699
vt 0.476052 0.209692
vt 0.507694 0.213370
vt 0.476360 0.213368
vt 0.507908 0.217052
vt 0.476544 0.217052
vt 0.507979 0.220739
vt 0.476606 0.220739
vt 0.507908 0.224426
vt 0.476544 0.224427
vt 0.507694 0.228108
vt 0.476360 0.228110
vt 0.507338 0.231779
vt 0.476052 0.231787
vt 0.774068 0.649963
vt 0.773272 0.653564
vt 0.804269 0.653669
vt 0.805036 0.650061
vt 0.772615 0.657193
vt 0.803637 0.657303
vt 0.772100 0.660845
vt 0.803141 0.660957
vt 0.771727 0.664514
vt 0.802782 0.664628
vt 0.771471 0.675570
vt 0.802535 0.675684
vt 0.771673 0.679252
vt 0.802730 0.679367
vt 0.772019 0.682924
vt 0.803063 0.683040
vt 0.772507 0.686580
vt 0.803533 0.686698
vt 0.773137 0.690214
vt 0.804139 0.690337
vt 0.774900 0.646815
vt 0.805410 0.648575
vt 0.119669 0.386751
vt 0.123268 0.387559
vt 0.126901 0.388189
vt 0.130562 0.388641
vt 0.134240 0.388912
vt 0.137927 0.389003
vt 0.145292 0.388641
vt 0.141613 0.388912
vt 0.148952 0.388189
vt 0.152586 0.387559
vt 0.179866 0.402061
vt 0.162828 0.384737
vt 0.159739 0.385767
vt 0.156184 0.386751
vt 0.292393 0.288775
vt 0.267467 0.288709
vt 0.266012 0.291622
vt 0.264196 0.294832
vt 0.262225 0.297949
vt 0.260103 0.300965
vt 0.257835 0.303873
vt 0.255427 0.306667
vt 0.252886 0.309340
vt 0.250216 0.311884
vt 0.247424 0.314294
vt 0.244518 0.316565
vt 0.241504 0.318690
vt 0.238389 0.320664
vt 0.600948 0.341455
vt 0.600965 0.316529
vt 0.591711 0.346702
vt 0.588695 0.348825
vt 0.585788 0.351094
vt 0.582995 0.353503
vt 0.580324 0.356046
vt 0.577781 0.358717
vt 0.575372 0.361510
vt 0.573103 0.364417
vt 0.570979 0.367433
vt 0.569006 0.370548
vt 0.567189 0.373757
vt 0.541434 0.376753
vt 0.565732 0.376670
s 0
usemtl DefaultMaterial
f 2650/2114/1217 2651/2115/1217 2652/2116/1217
s 1
f 2656/2117/1218 2653/2118/1219 2654/2119/1220
f 2654/2119/1220 2655/2120/1221 2656/2117/1218
s 0
f 2660/2121/1222 2657/2122/1222 2658/2123/1222
f 2658/2123/1222 2659/2124/1222 2660/2121/1222
s 1
f 2664/2125/1223 2661/2126/1224 2662/2127/1225
f 2662/2127/1225 2663/2128/1226 2664/2125/1223
f 2668/2129/1227 2665/2130/1228 2666/2131/1229
f 2666/2131/1229 2667/2132/1230 2668/2129/1227
f 2672/2133/1231 2669/2134/1232 2670/2135/1233
f 2670/2135/1233 2671/2136/1234 2672/2133/1231
f 2674/2137/1235 2673/2138/1236 2669/2134/1232
f 2669/2134/1232 2672/2133/1231 2674/2137/1235
f 2676/2139/1237 2675/2140/1238 2673/2138/1236
f 2673/2138/1236 2674/2137/1235 2676/2139/1237
f 2678/2141/1239 2677/2142/1240 2675/2140/1238
f 2675/2140/1238 2676/2139/1237 2678/2141/1239
f 2680/2143/1241 2679/2144/1242 2677/2142/1240
f 2677/2142/1240 2678/2141/1239 2680/2143/1241
f 2682/2145/1243 2681/2146/1244 2679/2144/1242
f 2679/2144/1242 2680/2143/1241 2682/2145/1243
f 2684/2147/1245 2683/2148/1246 2681/2146/1244
f 2681/2146/1244 2682/2145/1243 2684/2147/1245
f 2686/2149/1247 2683/2148/1246 2684/2147/1245
f 2684/2147/1245 2685/2150/1248 2686/2149/1247
f 2688/2151/1249 2687/2152/1250 2686/2149/1247
f 2686/2149/1247 2685/2150/1248 2688/2151/1249
f 2690/2153/1251 2689/2154/1252 2687/2152/1250
f 2687/2152/1250 2688/2151/1249 2690/2153/1251
f 2692/2155/1253 2691/2156/1254 2689/2154/1252
f 2689/2154/1252 2690/2153/1251 2692/2155/1253
f 2694/2157/1255 2693/2158/1256 2691/2156/1254
f 2691/2156/1254 2692/2155/1253 2694/2157/1255
f 2655/2120/1221 2654/2119/1220 2693/2158/1256
f 2693/2158/1256 2694/2157/1255 2655/2120/1221
f 2698/2159/1257 2695/2160/1258 2696/2161/1259
f 2696/2161/1259 2697/2162/1260 2698/2159/1257
f 2702/2163/1261 2699/2164/1262 2700/2165/1263
f 2700/2165/1263 2701/2166/1264 2702/2163/1261
s 0
f 2703/2167/1265 2704/2168/1265 2705/2169/1265
f 2706/2170/1266 2707/2171/1266 2708/2172/1266
f 2709/2173/1267 2710/2174/1267 2711/2175/1267
f 2712/2176/1268 2713/2177/1268 2714/2178/1268
f 2718/2179/1269 2715/2180/1269 2716/2181/1269
f 2716/2181/1269 2717/2182/1269 2718/2179/1269
s 1
f 2722/2183/1270 2719/2184/1271 2720/2185/1272
f 2720/2185/1272 2721/2186/1273 2722/2183/1270
f 2726/2187/1274 2723/2188/1274 2724/2189/1275
f 2724/2189/1275 2725/2190/1274 2726/2187/1274
s 0
f 2730/2191/1276 2727/2192/1276 2728/2193/1276
f 2728/2193/1276 2729/2194/1276 2730/2191/1276
s 1
f 2734/2195/1277 2731/2196/1278 2732/2197/1279
f 2732/2197/1279 2733/2198/1278 2734/2195/1277
f 2738/2199/1280 2735/2200/1280 2736/2201/1280
f 2736/2201/1280 2737/2202/1281 2738/2199/1280
s 0
f 2742/2203/1282 2739/2204/1282 2740/2205/1282
f 2740/2205/1282 2741/2206/1282 2742/2203/1282
s 1
f 2746/2207/1283 2743/2208/1284 2744/2209/1284
f 2744/2209/1284 2745/2210/1284 2746/2207/1283
f 2750/2211/1285 2747/2212/1286 2748/2213/1286
f 2748/2213/1286 2749/2214/1285 2750/2211/1285
s 0
f 2754/2215/1287 2751/2216/1287 2752/2217/1287
f 2752/2217/1287 2753/2218/1287 2754/2215/1287
s 1
f 2695/2160/1258 2755/2219/1288 2756/2220/1289
f 2756/2220/1289 2696/2161/1259 2695/2160/1258
f 2758/2221/1290 2698/2159/1257 2697/2162/1260
f 2697/2162/1260 2757/2222/1291 2758/2221/1290
f 2760/2223/1292 2700/2165/1263 2699/2164/1262
f 2699/2164/1262 2759/2224/1293 2760/2223/1292
f 2762/2225/1294 2760/2223/1292 2759/2224/1293
f 2759/2224/1293 2761/2226/1295 2762/2225/1294
f 2764/2227/1296 2762/2225/1294 2761/2226/1295
f 2761/2226/1295 2763/2228/1297 2764/2227/1296
f 2766/2229/1298 2764/2227/1296 2763/2228/1297
f 2763/2228/1297 2765/2230/1299 2766/2229/1298
f 2768/2231/1300 2766/2229/1298 2765/2230/1299
f 2765/2230/1299 2767/2232/1301 2768/2231/1300
f 2770/2233/1302 2768/2231/1300 2767/2232/1301
f 2767/2232/1301 2769/2234/1303 2770/2233/1302
f 2772/2235/1304 2770/2233/1302 2769/2234/1303
f 2769/2234/1303 2771/2236/1305 2772/2235/1304
f 2774/2237/1306 2772/2235/1304 2771/2236/1305
f 2771/2236/1305 2773/2238/1307 2774/2237/1306
f 2755/2219/1288 2775/2239/1308 2776/2240/1309
f 2776/2240/1309 2756/2220/1289 2755/2219/1288
f 2775/2239/1308 2774/2237/1306 2773/2238/1307
f 2773/2238/1307 2776/2240/1309 2775/2239/1308
f 2780/2241/1310 2777/2242/1311 2778/2243/1312
f 2778/2243/1312 2779/2244/1313 2780/2241/1310
f 2777/2242/1311 2781/2245/1314 2782/2246/1315
f 2782/2246/1315 2778/2243/1312 2777/2242/1311
f 2781/2245/1314 2783/2247/1316 2784/2248/1317
f 2784/2248/1317 2782/2246/1315 2781/2245/1314
f 2783/2247/1316 2785/2249/1318 2786/2250/1319
f 2786/2250/1319 2784/2248/1317 2783/2247/1316
f 2785/2249/1318 2667/2132/1230 2666/2131/1229
f 2666/2131/1229 2786/2250/1319 2785/2249/1318
f 2668/2129/1227 2787/2251/1320 2788/2252/1321
f 2788/2252/1321 2665/2130/1228 2668/2129/1227
f 2787/2251/1320 2789/2253/1322 2790/2254/1323
f 2790/2254/1323 2788/2252/1321 2787/2251/1320
f 2789/2253/1322 2791/2255/1324 2792/2256/1325
f 2792/2256/1325 2790/2254/1323 2789/2253/1322
f 2791/2255/1324 2793/2257/1326 2794/2258/1327
f 2794/2258/1327 2792/2256/1325 2791/2255/1324
f 2793/2257/1326 2795/2259/1328 2796/2260/1329
f 2796/2260/1329 2794/2258/1327 2793/2257/1326
f 2795/2259/1328 2663/2128/1226 2662/2127/1225
f 2662/2127/1225 2796/2260/1329 2795/2259/1328
f 2798/2261/1330 2780/2241/1310 2779/2244/1313
f 2779/2244/1313 2797/2262/1331 2798/2261/1330
s 0
f 2799/2263/1222 2657/2122/1222 2660/2121/1222
f 2800/2264/1222 2799/2263/1222 2660/2121/1222
f 2801/2265/1222 2800/2264/1222 2660/2121/1222
f 2802/2266/1222 2801/2265/1222 2660/2121/1222
f 2803/2267/1222 2802/2266/1222 2660/2121/1222
f 2660/2121/1222 2804/2268/1222 2803/2267/1222
f 2805/2269/1222 2806/2270/1222 2660/2121/1222
f 2806/2270/1222 2807/2268/1222 2660/2121/1222
f 2808/2271/1222 2805/2269/1222 2660/2121/1222
f 2660/2121/1222 2809/2272/1222 2810/2271/1222
f 2813/2273/1222 2811/2274/1222 2812/2275/1222
f 2812/2275/1222 2660/2121/1222 2813/2273/1222
f 2660/2121/1222 2814/2276/1222 2809/2272/1222
f 2812/2275/1222 2814/2276/1222 2660/2121/1222
s 1
f 2818/2216/1332 2815/2277/1333 2816/2278/1333
f 2816/2278/1333 2817/2279/1333 2818/2216/1332
s 0
f 2819/2279/1287 2820/2280/1287 2751/2216/1287
f 2820/2280/1287 2821/2281/1287 2751/2216/1287
f 2821/2281/1287 2822/2282/1287 2751/2216/1287
f 2823/2282/1287 2824/2283/1287 2825/2216/1287
f 2826/2283/1287 2827/2284/1287 2751/2216/1287
f 2828/2284/1287 2829/2285/1287 2751/2216/1287
f 2829/2285/1287 2830/2286/1287 2751/2216/1287
f 2830/2286/1287 2831/2287/1287 2751/2216/1287
f 2831/2287/1287 2832/2288/1287 2751/2216/1287
f 2832/2288/1287 2833/2289/1287 2751/2216/1287
f 2833/2289/1287 2834/2290/1287 2751/2216/1287
f 2834/2290/1287 2752/2217/1287 2751/2216/1287
f 2836/2291/1217 2835/2292/1217 2650/2114/1217
f 2650/2114/1217 2652/2116/1217 2836/2291/1217
f 2650/2114/1217 2837/2293/1217 2651/2115/1217
f 2650/2114/1217 2838/2294/1217 2837/2293/1217
f 2650/2114/1217 2839/2295/1217 2838/2294/1217
f 2650/2114/1217 2840/2296/1217 2839/2295/1217
f 2841/2114/1217 2842/2297/1217 2843/2296/1217
f 2844/2114/1217 2845/2298/1217 2846/2297/1217
f 2847/2114/1217 2848/2299/1217 2849/2298/1217
f 2841/2114/1217 2850/2300/1217 2851/2299/1217
f 2844/2114/1217 2852/2301/1217 2853/2300/1217
f 2847/2114/1217 2854/2302/1217 2855/2301/1217
f 2841/2114/1217 2856/2303/1217 2857/2302/1217
f 2650/2114/1217 2858/2304/1217 2859/2305/1217
f 2859/2305/1217 2856/2303/1217 2650/2114/1217
o defaultMaterial.011
v 0.680310 0.223814 0.676011
v 0.846950 0.223814 0.676011
v 0.846950 0.186573 0.613864
v 0.613971 0.186247 0.613971
v 0.845673 -0.155894 0.622371
v 0.846950 -0.186572 0.613864
v 0.613971 -0.186246 0.613971
v 0.622370 -0.155896 0.622370
v 0.680310 -0.223813 0.676011
v 0.680310 -0.223813 0.847602
v 0.613971 -0.186246 0.847595
v 0.613971 -0.186246 0.613971
v 0.613971 0.186246 0.847595
v 0.680310 0.223814 0.847601
v 0.680310 0.223814 0.676011
v 0.613971 0.186247 0.613971
v 0.846950 0.186573 0.613864
v 0.896687 0.172113 0.671223
v 0.896687 0.140505 0.684541
v 0.845673 0.155897 0.622370
v 0.613971 -0.186246 0.613971
v 0.613971 -0.186246 0.847595
v 0.622370 -0.155896 0.847520
v 0.622370 -0.155896 0.622370
v 0.622370 0.155896 0.847520
v 0.684541 0.140306 0.897338
v 0.676141 0.167622 0.897338
v 0.613971 0.186246 0.847595
v 0.629270 0.125170 0.847459
v 0.691440 0.112653 0.897338
v 0.634654 0.094142 0.847412
v 0.696824 0.084728 0.897338
v 0.638509 0.062888 0.847378
v 0.700679 0.056599 0.897338
v 0.640825 0.031482 0.847357
v 0.702996 0.028334 0.897338
v 0.641598 -0.000000 0.847351
v 0.703768 -0.000000 0.897338
v 0.640825 -0.031482 0.847357
v 0.702996 -0.028334 0.897338
v 0.638508 -0.062888 0.847378
v 0.700679 -0.056599 0.897338
v 0.634654 -0.094142 0.847412
v 0.696824 -0.084728 0.897338
v 0.629270 -0.125170 0.847459
v 0.691440 -0.112653 0.897338
v 0.622370 -0.155896 0.847520
v 0.684540 -0.140306 0.897338
v 0.613971 -0.186246 0.847595
v 0.676141 -0.167622 0.897338
v 0.896687 0.223814 0.715876
v 0.715153 0.223814 0.897338
v 0.859384 0.223814 0.897338
v 0.896687 0.223814 0.860036
v 0.896687 -0.112810 0.691441
v 0.896687 -0.140502 0.684541
v 0.845673 -0.155894 0.622371
v 0.844636 -0.125168 0.629271
v 0.845673 0.155897 0.622370
v 0.844636 0.125171 0.629270
v 0.629270 0.125171 0.629270
v 0.622370 0.155896 0.622371
v 0.844636 0.125171 0.629270
v 0.843828 0.094143 0.634654
v 0.634654 0.094143 0.634654
v 0.629270 0.125171 0.629270
v 0.843828 0.094143 0.634654
v 0.843249 0.062889 0.638509
v 0.638509 0.062888 0.638509
v 0.634654 0.094143 0.634654
v 0.843249 0.062889 0.638509
v 0.842901 0.031483 0.640826
v 0.640825 0.031482 0.640826
v 0.638509 0.062888 0.638509
v 0.842901 0.031483 0.640826
v 0.842785 0.000001 0.641599
v 0.641598 -0.000000 0.641599
v 0.640825 0.031482 0.640826
v 0.842785 0.000001 0.641599
v 0.842901 -0.031480 0.640826
v 0.640825 -0.031482 0.640826
v 0.641598 -0.000000 0.641599
v 0.842901 -0.031480 0.640826
v 0.843249 -0.062886 0.638509
v 0.638508 -0.062888 0.638509
v 0.640825 -0.031482 0.640826
v 0.843249 -0.062886 0.638509
v 0.843828 -0.094141 0.634654
v 0.634654 -0.094142 0.634654
v 0.638508 -0.062888 0.638509
v 0.843828 -0.094141 0.634654
v 0.844636 -0.125168 0.629271
v 0.629270 -0.125170 0.629270
v 0.634654 -0.094142 0.634654
v 0.844636 -0.125168 0.629271
v 0.845673 -0.155894 0.622371
v 0.622370 -0.155896 0.622370
v 0.629270 -0.125170 0.629270
v 0.896687 -0.223813 0.715878
v 0.896687 -0.223813 0.860036
v 0.859384 -0.223813 0.897338
v 0.715153 -0.223813 0.897338
v 0.896687 0.000001 0.860036
v 0.896687 0.223814 0.860036
v 0.859384 0.223814 0.897338
v 0.859384 0.000000 0.897338
v 0.846950 -0.186572 0.613864
v 0.846950 -0.223813 0.676011
v 0.680310 -0.223813 0.676011
v 0.613971 -0.186246 0.613971
v 0.715153 -0.223813 0.897338
v 0.676141 -0.167622 0.897338
v 0.613971 -0.186246 0.847595
v 0.680310 -0.223813 0.847602
v 0.680310 0.223814 0.847601
v 0.613971 0.186246 0.847595
v 0.676141 0.167622 0.897338
v 0.715153 0.223814 0.897338
v 0.859384 0.223814 0.897338
v 0.715153 0.223814 0.897338
v 0.676141 0.167622 0.897338
v 0.622370 -0.155896 0.622370
v 0.622370 -0.155896 0.847520
v 0.629270 -0.125170 0.847459
v 0.629270 -0.125170 0.629270
v 0.629270 -0.125170 0.629270
v 0.629270 -0.125170 0.847459
v 0.634654 -0.094142 0.847412
v 0.634654 -0.094142 0.634654
v 0.634654 -0.094142 0.634654
v 0.634654 -0.094142 0.847412
v 0.638508 -0.062888 0.847378
v 0.638508 -0.062888 0.638509
v 0.638508 -0.062888 0.638509
v 0.638508 -0.062888 0.847378
v 0.640825 -0.031482 0.847357
v 0.640825 -0.031482 0.640826
v 0.640825 -0.031482 0.640826
v 0.640825 -0.031482 0.847357
v 0.641598 -0.000000 0.847351
v 0.641598 -0.000000 0.641599
v 0.641598 -0.000000 0.641599
v 0.641598 -0.000000 0.847351
v 0.640825 0.031482 0.847357
v 0.640825 0.031482 0.640826
v 0.640825 0.031482 0.640826
v 0.640825 0.031482 0.847357
v 0.638509 0.062888 0.847378
v 0.638509 0.062888 0.638509
v 0.622370 0.155896 0.622371
v 0.622370 0.155896 0.847520
v 0.613971 0.186246 0.847595
v 0.613971 0.186247 0.613971
v 0.629270 0.125171 0.629270
v 0.629270 0.125170 0.847459
v 0.622370 0.155896 0.847520
v 0.622370 0.155896 0.622371
v 0.638509 0.062888 0.638509
v 0.638509 0.062888 0.847378
v 0.634654 0.094142 0.847412
v 0.634654 0.094143 0.634654
v 0.634654 0.094143 0.634654
v 0.634654 0.094142 0.847412
v 0.629270 0.125170 0.847459
v 0.629270 0.125171 0.629270
v 0.896687 -0.172111 0.671225
v 0.896687 -0.223813 0.715878
v 0.846950 -0.223813 0.676011
v 0.846950 -0.186572 0.613864
v 0.846950 0.186573 0.613864
v 0.846950 0.223814 0.676011
v 0.896687 0.223814 0.715876
v 0.896687 0.172113 0.671223
v 0.896687 -0.223813 0.860036
v 0.896687 -0.223813 0.715878
v 0.896687 -0.172111 0.671225
v 0.896687 -0.084846 0.696825
v 0.843828 -0.094141 0.634654
v 0.896687 -0.056677 0.700680
v 0.843249 -0.062886 0.638509
v 0.896687 -0.028372 0.702996
v 0.842901 -0.031480 0.640826
v 0.896687 0.000001 0.703769
v 0.842785 0.000001 0.641599
v 0.896687 0.028375 0.702996
v 0.842901 0.031483 0.640826
v 0.896687 -0.172111 0.671225
v 0.846950 -0.186572 0.613864
v 0.613971 0.186247 0.613971
v 0.846950 0.186573 0.613864
v 0.845673 0.155897 0.622370
v 0.622370 0.155896 0.622371
v 0.896687 0.112812 0.691441
v 0.844636 0.125171 0.629270
v 0.896687 0.084848 0.696824
v 0.843828 0.094143 0.634654
v 0.896687 0.056680 0.700679
v 0.843249 0.062889 0.638509
v 0.680310 0.223814 0.847601
v 0.846950 0.223814 0.676011
v 0.680310 0.223814 0.676011
v 0.680310 0.223814 0.847601
v 0.846950 0.223814 0.676011
v 0.680310 -0.223813 0.676011
v 0.846950 -0.223813 0.676011
v 0.680310 -0.223813 0.847602
v 0.846950 -0.223813 0.676011
v 0.680310 -0.223813 0.847602
v 0.684541 0.140306 0.897338
v 0.859384 0.223814 0.897338
v 0.691440 0.112653 0.897338
v 0.859384 0.223814 0.897338
v 0.691440 0.112653 0.897338
v 0.696824 0.084728 0.897338
v 0.702996 0.028334 0.897338
v 0.703768 -0.000000 0.897338
v 0.859384 0.000000 0.897338
v 0.696824 0.084728 0.897338
v 0.700679 0.056599 0.897338
v 0.715153 -0.223813 0.897338
v 0.859384 -0.223813 0.897338
v 0.684540 -0.140306 0.897338
v 0.676141 -0.167622 0.897338
v 0.684540 -0.140306 0.897338
v 0.691440 -0.112653 0.897338
v 0.696824 -0.084728 0.897338
v 0.702996 -0.028334 0.897338
v 0.896687 0.223814 0.715876
v 0.896687 0.223814 0.860036
v 0.896687 0.172113 0.671223
v 0.896687 0.140505 0.684541
v 0.896687 0.112812 0.691441
v 0.896687 0.084848 0.696824
v 0.896687 0.056680 0.700679
v 0.896687 0.000001 0.860036
v 0.896687 -0.140502 0.684541
v 0.896687 -0.112810 0.691441
v 0.896687 -0.084846 0.696825
v 0.896687 -0.028372 0.702996
v 0.896687 0.000001 0.703769
v 0.896687 -0.056677 0.700680
v 0.896687 0.028375 0.702996
v 0.896687 -0.223813 0.860036
v 0.859384 -0.223813 0.897338
v 0.700679 -0.056599 0.897338
vn -0.0008 0.8567 -0.5157
vn -0.0008 0.8568 -0.5157
vn -0.0008 0.8568 -0.5156
vn -0.0009 0.8568 -0.5156
vn -0.0000 0.2672 -0.9636
vn -0.0000 0.2670 -0.9637
vn -0.4928 -0.8702 -0.0000
vn -0.4928 0.8702 -0.0000
vn 0.3944 -0.2496 -0.8844
vn 0.3558 0.3087 -0.8821
vn 0.8845 0.1309 -0.4478
vn 0.9361 -0.1005 -0.3369
vn -0.9638 0.2667 -0.0000
vn -0.8746 0.3252 0.3597
vn -0.8825 -0.2286 0.4110
vn -0.3377 -0.0872 0.9372
vn -0.4176 0.1266 0.8998
vn -0.8890 -0.1828 0.4197
vn -0.3339 -0.0684 0.9401
vn -0.8941 -0.1371 0.4264
vn -0.3309 -0.0506 0.9423
vn -0.8977 -0.0914 0.4309
vn -0.3289 -0.0334 0.9438
vn -0.8999 -0.0456 0.4337
vn -0.3276 -0.0166 0.9447
vn -0.9006 -0.0000 0.4346
vn -0.3272 -0.0000 0.9450
vn -0.8999 0.0456 0.4337
vn -0.3276 0.0166 0.9447
vn -0.8977 0.0914 0.4310
vn -0.3289 0.0334 0.9438
vn -0.8941 0.1371 0.4263
vn -0.3309 0.0506 0.9423
vn -0.8890 0.1829 0.4197
vn -0.3339 0.0685 0.9401
vn -0.8825 0.2287 0.4109
vn -0.3377 0.0872 0.9372
vn -0.8746 -0.3252 0.3596
vn -0.4176 -0.1266 0.8997
vn -0.0000 1.0000 -0.0000
vn 0.4084 0.1898 -0.8929
vn 0.9359 0.0761 -0.3438
vn 0.9361 0.1005 -0.3370
vn 0.3945 0.2496 -0.8844
vn -0.0000 -0.2191 -0.9757
vn -0.0000 -0.1710 -0.9853
vn -0.0000 -0.1224 -0.9925
vn -0.0000 -0.0736 -0.9973
vn -0.0000 -0.0245 -0.9997
vn -0.0000 0.0245 -0.9997
vn -0.0000 0.0736 -0.9973
vn -0.0000 0.1224 -0.9925
vn -0.0000 0.1709 -0.9853
vn -0.0000 0.1710 -0.9853
vn -0.0000 0.2191 -0.9757
vn -0.0000 -1.0000 -0.0000
vn 0.7071 -0.0000 0.7071
vn -0.0008 -0.8568 -0.5156
vn -0.0008 -0.8568 -0.5157
vn -0.0009 -0.8569 -0.5156
vn -0.5221 -0.5867 0.6190
vn -0.5222 -0.5866 0.6190
vn -0.5221 -0.5867 0.6191
vn -0.5221 0.5867 0.6190
vn -0.5222 0.5866 0.6191
vn -0.0000 -0.0000 1.0000
vn -0.9757 0.2191 -0.0000
vn -0.9853 0.1710 -0.0000
vn -0.9925 0.1224 -0.0000
vn -0.9973 0.0736 -0.0000
vn -0.9997 0.0245 -0.0000
vn -0.9997 -0.0245 -0.0000
vn -0.9973 -0.0735 -0.0000
vn -0.9638 -0.2667 -0.0000
vn -0.9757 -0.2191 -0.0000
vn -0.9925 -0.1224 -0.0000
vn -0.9853 -0.1710 -0.0000
vn 0.5934 -0.6185 -0.5151
vn 0.5934 0.6185 -0.5151
vn 1.0000 -0.0000 -0.0000
vn 0.4122 0.1426 -0.8998
vn 0.9373 0.0568 -0.3440
vn 0.4149 0.0952 -0.9049
vn 0.9382 0.0378 -0.3441
vn 0.4165 0.0476 -0.9079
vn 0.9387 0.0188 -0.3441
vn 0.4170 -0.0000 -0.9089
vn 0.9389 -0.0000 -0.3442
vn 0.4165 -0.0476 -0.9079
vn 0.9387 -0.0188 -0.3442
vn 0.8845 -0.1309 -0.4478
vn 0.3558 -0.3086 -0.8821
vn -0.0001 -0.2668 -0.9638
vn -0.0000 -0.2669 -0.9637
vn 0.9359 -0.0761 -0.3439
vn 0.4084 -0.1898 -0.8928
vn 0.9373 -0.0568 -0.3440
vn 0.4122 -0.1427 -0.8998
vn 0.4149 -0.0952 -0.9049
vn 0.9382 -0.0378 -0.3441
vt 0.773191 0.288409
vt 0.761678 0.288730
vt 0.748352 0.302666
vt 0.754700 0.308615
vt 0.817678 0.532981
vt 0.791526 0.532990
vt 0.791378 0.536718
vt 0.818663 0.536669
vt 0.397132 0.259831
vt 0.385619 0.259510
vt 0.371880 0.273835
vt 0.378552 0.280102
vt 0.754611 0.268137
vt 0.747939 0.274405
vt 0.569054 0.205419
vt 0.569708 0.201745
vt 0.560810 0.203403
vt 0.559640 0.207245
vt 0.768230 0.764088
vt 0.764542 0.763104
vt 0.764542 0.790465
vt 0.768230 0.790456
vt 0.948546 0.659171
vt 0.949300 0.662781
vt 0.958632 0.664600
vt 0.957874 0.661340
vt 0.949922 0.666416
vt 0.959257 0.667879
vt 0.950408 0.670072
vt 0.959746 0.671173
vt 0.950757 0.673744
vt 0.960097 0.674480
vt 0.950966 0.677426
vt 0.960309 0.677794
vt 0.951037 0.681113
vt 0.960379 0.681113
vt 0.950966 0.684800
vt 0.960309 0.684432
vt 0.950757 0.688483
vt 0.960097 0.687746
vt 0.950408 0.692154
vt 0.959746 0.691053
vt 0.949922 0.695810
vt 0.959257 0.694347
vt 0.949300 0.699445
vt 0.958632 0.697626
vt 0.948546 0.703056
vt 0.957874 0.700886
vt 0.728821 0.291445
vt 0.740866 0.303491
vt 0.740872 0.273161
vt 0.728821 0.285212
vt 0.568536 0.238499
vt 0.559041 0.237045
vt 0.559652 0.240331
vt 0.569067 0.242151
vt 0.817666 0.496100
vt 0.791514 0.496109
vt 0.791636 0.499797
vt 0.816859 0.499789
vt 0.791732 0.503485
vt 0.816230 0.503477
vt 0.791801 0.507173
vt 0.815779 0.507165
vt 0.791843 0.510861
vt 0.815509 0.510853
vt 0.791858 0.514550
vt 0.815420 0.514542
vt 0.791846 0.518238
vt 0.815512 0.518230
vt 0.791806 0.521926
vt 0.815784 0.521918
vt 0.791740 0.525614
vt 0.816237 0.525605
vt 0.791647 0.529302
vt 0.816869 0.529293
vt 0.364813 0.275079
vt 0.364807 0.244749
vt 0.352762 0.256794
vt 0.352762 0.263028
vt 0.270003 0.099364
vt 0.276181 0.099364
vt 0.276181 0.073152
vt 0.270003 0.073152
vt 0.378642 0.239624
vt 0.372294 0.245574
vt 0.967701 0.409185
vt 0.974813 0.409185
vt 0.972191 0.401615
vt 0.962618 0.401845
vt 0.976915 0.655586
vt 0.976744 0.648476
vt 0.969284 0.643570
vt 0.969284 0.653147
vt 0.025453 0.146571
vt 0.008561 0.146571
vt 0.003992 0.153151
vt 0.771918 0.764896
vt 0.771918 0.790449
vt 0.775607 0.765526
vt 0.775607 0.790443
vt 0.779295 0.765978
vt 0.779295 0.790439
vt 0.782983 0.766249
vt 0.782983 0.790437
vt 0.786671 0.766340
vt 0.786671 0.790436
vt 0.790359 0.766249
vt 0.790359 0.790437
vt 0.794047 0.765978
vt 0.794047 0.790439
vt 0.808799 0.763104
vt 0.805111 0.764088
vt 0.805111 0.790456
vt 0.808799 0.790465
vt 0.801423 0.764896
vt 0.801423 0.790449
vt 0.797735 0.765526
vt 0.797735 0.790443
vt 0.989223 0.125314
vt 0.989223 0.116263
vt 0.981804 0.113268
vt 0.982084 0.120728
vt 0.927401 0.785573
vt 0.935017 0.790465
vt 0.935017 0.781980
vt 0.928892 0.777712
vt 0.819271 0.996008
vt 0.836154 0.996008
vt 0.841384 0.989953
vt 0.568121 0.234833
vt 0.558564 0.233744
vt 0.567823 0.231157
vt 0.558222 0.230432
vt 0.567644 0.227473
vt 0.558016 0.227112
vt 0.567583 0.223785
vt 0.557946 0.223789
vt 0.567641 0.220098
vt 0.558014 0.220465
vt 0.560824 0.244173
vt 0.569723 0.245824
vt 0.818648 0.492412
vt 0.791363 0.492381
vt 0.559032 0.210532
vt 0.568526 0.209071
vt 0.558557 0.213833
vt 0.568113 0.212737
vt 0.567818 0.216414
vt 0.558217 0.217146
vt 0.004976 0.156350
vt 0.005784 0.159589
vt 0.006415 0.162859
vt 0.007137 0.169464
vt 0.007228 0.172782
vt 0.025453 0.172782
vt 0.006866 0.166154
vt 0.003992 0.192413
vt 0.008561 0.198994
vt 0.025453 0.198994
vt 0.004976 0.189214
vt 0.005784 0.185976
vt 0.006415 0.182705
vt 0.007137 0.176101
vt 0.836154 0.943584
vt 0.819271 0.943584
vt 0.841384 0.949639
vt 0.839824 0.953341
vt 0.839016 0.956584
vt 0.838386 0.959859
vt 0.819271 0.969796
vt 0.837934 0.963158
vt 0.839824 0.986251
vt 0.839016 0.983008
vt 0.838385 0.979733
vt 0.837663 0.973119
vt 0.837572 0.969796
vt 0.837934 0.976434
vt 0.837663 0.966473
vt 0.270003 0.125575
vt 0.276181 0.125575
vt 0.006866 0.179411
s 1
usemtl DefaultMaterial
f 2863/2306/1334 2860/2307/1335 2861/2308/1336
f 2861/2308/1336 2862/2309/1337 2863/2306/1334
s 0
f 2867/2310/1338 2864/2311/1338 2865/2312/1338
f 2865/2312/1339 2866/2313/1339 2867/2310/1339
f 2871/2314/1340 2868/2315/1340 2869/2316/1340
f 2869/2316/1340 2870/2317/1340 2871/2314/1340
f 2875/2306/1341 2872/2318/1341 2873/2319/1341
f 2873/2319/1341 2874/2307/1341 2875/2306/1341
s 1
f 2879/2320/1342 2876/2321/1343 2877/2322/1344
f 2877/2322/1344 2878/2323/1345 2879/2320/1342
s 0
f 2883/2324/1346 2880/2325/1346 2881/2326/1346
f 2881/2326/1346 2882/2327/1346 2883/2324/1346
s 1
f 2887/2328/1347 2884/2329/1348 2885/2330/1349
f 2885/2330/1349 2886/2331/1350 2887/2328/1347
f 2884/2329/1348 2888/2332/1351 2889/2333/1352
f 2889/2333/1352 2885/2330/1349 2884/2329/1348
f 2888/2332/1351 2890/2334/1353 2891/2335/1354
f 2891/2335/1354 2889/2333/1352 2888/2332/1351
f 2890/2334/1353 2892/2336/1355 2893/2337/1356
f 2893/2337/1356 2891/2335/1354 2890/2334/1353
f 2892/2336/1355 2894/2338/1357 2895/2339/1358
f 2895/2339/1358 2893/2337/1356 2892/2336/1355
f 2894/2338/1357 2896/2340/1359 2897/2341/1360
f 2897/2341/1360 2895/2339/1358 2894/2338/1357
f 2896/2340/1359 2898/2342/1361 2899/2343/1362
f 2899/2343/1362 2897/2341/1360 2896/2340/1359
f 2898/2342/1361 2900/2344/1363 2901/2345/1364
f 2901/2345/1364 2899/2343/1362 2898/2342/1361
f 2900/2344/1363 2902/2346/1365 2903/2347/1366
f 2903/2347/1366 2901/2345/1364 2900/2344/1363
f 2902/2346/1365 2904/2348/1367 2905/2349/1368
f 2905/2349/1368 2903/2347/1366 2902/2346/1365
f 2904/2348/1367 2906/2350/1369 2907/2351/1370
f 2907/2351/1370 2905/2349/1368 2904/2348/1367
f 2906/2350/1369 2908/2352/1371 2909/2353/1372
f 2909/2353/1372 2907/2351/1370 2906/2350/1369
s 0
f 2913/2354/1373 2910/2355/1373 2911/2356/1373
f 2911/2356/1373 2912/2357/1373 2913/2354/1373
s 1
f 2917/2358/1374 2914/2359/1375 2915/2360/1376
f 2915/2360/1376 2916/2361/1377 2917/2358/1374
s 0
f 2921/2362/1378 2918/2363/1378 2919/2364/1378
f 2919/2364/1378 2920/2365/1378 2921/2362/1378
f 2925/2365/1379 2922/2364/1379 2923/2366/1379
f 2923/2366/1379 2924/2367/1379 2925/2365/1379
f 2929/2367/1380 2926/2366/1380 2927/2368/1380
f 2927/2368/1380 2928/2369/1380 2929/2367/1380
f 2933/2369/1381 2930/2368/1381 2931/2370/1381
f 2931/2370/1381 2932/2371/1381 2933/2369/1381
f 2937/2371/1382 2934/2370/1382 2935/2372/1382
f 2935/2372/1382 2936/2373/1382 2937/2371/1382
f 2941/2373/1383 2938/2372/1383 2939/2374/1383
f 2939/2374/1383 2940/2375/1383 2941/2373/1383
f 2945/2375/1384 2942/2374/1384 2943/2376/1384
f 2943/2376/1384 2944/2377/1384 2945/2375/1384
f 2949/2377/1385 2946/2376/1385 2947/2378/1385
f 2947/2378/1385 2948/2379/1385 2949/2377/1385
f 2953/2379/1386 2950/2378/1386 2951/2380/1386
f 2951/2380/1387 2952/2381/1387 2953/2379/1387
f 2957/2381/1388 2954/2380/1388 2955/2311/1388
f 2955/2311/1388 2956/2310/1388 2957/2381/1388
f 2961/2382/1389 2958/2383/1389 2959/2384/1389
f 2959/2384/1389 2960/2385/1389 2961/2382/1389
f 2965/2386/1390 2962/2387/1390 2963/2388/1390
f 2963/2388/1390 2964/2389/1390 2965/2386/1390
s 1
f 2969/2314/1391 2966/2390/1392 2967/2391/1393
f 2967/2391/1393 2968/2315/1392 2969/2314/1391
f 2973/2392/1394 2970/2393/1395 2971/2394/1394
f 2971/2394/1394 2972/2395/1396 2973/2392/1394
f 2977/2396/1397 2974/2397/1397 2975/2398/1397
f 2975/2398/1397 2976/2399/1398 2977/2396/1397
s 0
f 2978/2400/1399 2979/2401/1399 2980/2402/1399
f 2984/2403/1400 2981/2324/1400 2982/2327/1400
f 2982/2327/1400 2983/2404/1400 2984/2403/1400
f 2988/2405/1401 2985/2403/1401 2986/2404/1401
f 2986/2404/1401 2987/2406/1401 2988/2405/1401
f 2992/2407/1402 2989/2405/1402 2990/2406/1402
f 2990/2406/1402 2991/2408/1402 2992/2407/1402
f 2996/2409/1403 2993/2407/1403 2994/2408/1403
f 2994/2408/1403 2995/2410/1403 2996/2409/1403
f 3000/2411/1404 2997/2409/1404 2998/2410/1404
f 2998/2410/1404 2999/2412/1404 3000/2411/1404
f 3004/2413/1405 3001/2411/1405 3002/2412/1405
f 3002/2412/1405 3003/2414/1405 3004/2413/1405
f 3008/2415/1406 3005/2413/1406 3006/2414/1406
s 1
f 3006/2414/1406 3007/2416/1406 3008/2415/1406
s 0
f 3012/2417/1407 3009/2418/1407 3010/2419/1407
f 3010/2419/1407 3011/2420/1407 3012/2417/1407
f 3016/2418/1408 3013/2421/1408 3014/2422/1408
f 3014/2422/1408 3015/2419/1408 3016/2418/1408
f 3020/2423/1409 3017/2415/1409 3018/2416/1409
f 3018/2416/1409 3019/2424/1409 3020/2423/1409
f 3024/2421/1410 3021/2423/1410 3022/2424/1410
f 3022/2424/1410 3023/2422/1410 3024/2421/1410
s 1
f 3028/2425/1411 3025/2426/1411 3026/2427/1411
f 3026/2427/1411 3027/2428/1411 3028/2425/1411
f 3032/2429/1412 3029/2430/1412 3030/2431/1412
f 3030/2431/1412 3031/2432/1412 3032/2429/1412
s 0
f 3033/2433/1413 3034/2434/1413 3035/2435/1413
s 1
f 3037/2436/1414 3036/2437/1415 2914/2359/1375
f 2914/2359/1375 2917/2358/1374 3037/2436/1414
f 3039/2438/1416 3038/2439/1417 3036/2437/1415
f 3036/2437/1415 3037/2436/1414 3039/2438/1416
f 3041/2440/1418 3040/2441/1419 3038/2439/1417
f 3038/2439/1417 3039/2438/1416 3041/2440/1418
f 3043/2442/1420 3042/2443/1421 3040/2441/1419
f 3040/2441/1419 3041/2440/1418 3043/2442/1420
f 3045/2444/1422 3044/2445/1423 3042/2443/1421
f 3042/2443/1421 3043/2442/1420 3045/2444/1422
f 2916/2361/1377 2915/2360/1376 3046/2446/1424
f 3046/2446/1424 3047/2447/1425 2916/2361/1377
s 0
f 3051/2362/1426 3048/2448/1426 3049/2449/1426
f 3049/2449/1427 3050/2363/1427 3051/2362/1427
s 1
f 2879/2320/1342 2878/2323/1345 3052/2450/1428
f 3052/2450/1428 3053/2451/1429 2879/2320/1342
f 3053/2451/1429 3052/2450/1428 3054/2452/1430
f 3054/2452/1430 3055/2453/1431 3053/2451/1429
f 3057/2454/1432 3056/2455/1433 3044/2445/1423
f 3044/2445/1423 3045/2444/1422 3057/2454/1432
f 3055/2453/1431 3054/2452/1430 3056/2455/1433
f 3056/2455/1433 3057/2454/1432 3055/2453/1431
s 0
f 3059/2308/1373 3058/2319/1373 2911/2356/1373
f 2911/2356/1373 2910/2355/1373 3059/2308/1373
f 3060/2307/1373 3061/2319/1373 3062/2308/1373
f 3063/2315/1389 3064/2391/1389 3065/2316/1389
f 3067/2316/1389 3066/2391/1389 2958/2383/1389
f 2958/2383/1389 2961/2382/1389 3067/2316/1389
f 2978/2400/1399 2980/2402/1399 3068/2456/1399
f 3069/2400/1399 3068/2456/1399 3070/2457/1399
f 3071/2400/1399 3072/2457/1399 3073/2458/1399
f 3074/2459/1399 3075/2460/1399 3076/2461/1399
f 2978/2400/1399 3077/2458/1399 3078/2462/1399
f 3078/2462/1399 3076/2461/1399 2978/2400/1399
f 3082/2463/1399 3079/2464/1399 3080/2465/1399
f 3080/2465/1399 3081/2466/1399 3082/2463/1399
f 3083/2466/1399 3080/2465/1399 3084/2467/1399
f 3084/2467/1399 3080/2465/1399 3085/2468/1399
f 3075/2460/1399 3086/2469/1399 3076/2461/1399
f 3087/2470/1413 3088/2471/1413 3089/2472/1413
f 3089/2472/1413 3088/2471/1413 3090/2473/1413
f 3090/2473/1413 3088/2471/1413 3091/2474/1413
f 3091/2474/1413 3088/2471/1413 3092/2475/1413
f 3094/2476/1413 3093/2477/1413 3092/2475/1413
f 3092/2475/1413 3088/2471/1413 3094/2476/1413
f 3033/2433/1413 3035/2435/1413 3095/2478/1413
f 3033/2433/1413 3095/2478/1413 3096/2479/1413
f 3033/2433/1413 3096/2479/1413 3097/2480/1413
f 3098/2481/1413 3099/2482/1413 3094/2476/1413
f 3100/2483/1413 3098/2481/1413 3094/2476/1413
f 3101/2484/1413 3093/2477/1413 3094/2476/1413
f 3103/2485/1390 3102/2486/1390 2962/2387/1390
f 2962/2387/1390 2965/2386/1390 3103/2485/1390
f 3099/2482/1413 3101/2484/1413 3094/2476/1413
f 3078/2462/1399 3074/2459/1399 3076/2461/1399
f 3033/2433/1413 3097/2480/1413 3100/2483/1413
f 3100/2483/1413 3094/2476/1413 3033/2433/1413
f 3104/2487/1399 3076/2461/1399 3086/2469/1399
f 3104/2487/1399 3085/2468/1399 3080/2465/1399
f 3080/2465/1399 3076/2461/1399 3104/2487/1399
o defaultMaterial.012
v 0.680310 -0.676011 0.223813
v 0.846950 -0.676011 0.223813
v 0.846950 -0.613863 0.186573
v 0.613971 -0.613971 0.186247
v 0.845673 -0.622371 -0.155894
v 0.846950 -0.613864 -0.186572
v 0.613971 -0.613971 -0.186247
v 0.622370 -0.622370 -0.155896
v 0.680310 -0.676011 -0.223814
v 0.680310 -0.847601 -0.223814
v 0.613971 -0.847594 -0.186247
v 0.613971 -0.613971 -0.186247
v 0.613971 -0.847594 0.186246
v 0.680310 -0.847601 0.223813
v 0.680310 -0.676011 0.223813
v 0.613971 -0.613971 0.186247
v 0.846950 -0.613863 0.186573
v 0.896687 -0.671223 0.172112
v 0.896687 -0.684541 0.140505
v 0.845673 -0.622370 0.155897
v 0.613971 -0.613971 -0.186247
v 0.613971 -0.847594 -0.186247
v 0.622370 -0.847520 -0.155896
v 0.622370 -0.622370 -0.155896
v 0.622370 -0.847520 0.155895
v 0.684541 -0.897338 0.140306
v 0.676141 -0.897338 0.167621
v 0.613971 -0.847594 0.186246
v 0.629270 -0.847459 0.125169
v 0.691440 -0.897338 0.112652
v 0.634654 -0.847412 0.094142
v 0.696824 -0.897338 0.084728
v 0.638509 -0.847378 0.062887
v 0.700679 -0.897338 0.056599
v 0.640825 -0.847357 0.031481
v 0.702996 -0.897338 0.028333
v 0.641598 -0.847350 -0.000000
v 0.703768 -0.897338 -0.000000
v 0.640825 -0.847357 -0.031482
v 0.702996 -0.897338 -0.028334
v 0.638508 -0.847378 -0.062888
v 0.700679 -0.897338 -0.056599
v 0.634654 -0.847412 -0.094143
v 0.696824 -0.897338 -0.084728
v 0.629270 -0.847459 -0.125170
v 0.691440 -0.897338 -0.112653
v 0.622370 -0.847520 -0.155896
v 0.684540 -0.897338 -0.140307
v 0.613971 -0.847594 -0.186247
v 0.676141 -0.897338 -0.167622
v 0.896687 -0.715876 0.223813
v 0.715153 -0.897338 0.223813
v 0.859384 -0.897338 0.223813
v 0.896687 -0.860035 0.223813
v 0.896687 -0.691441 -0.112810
v 0.896687 -0.684541 -0.140502
v 0.845673 -0.622371 -0.155894
v 0.844636 -0.629270 -0.125168
v 0.845673 -0.622370 0.155897
v 0.844636 -0.629270 0.125171
v 0.629270 -0.629270 0.125171
v 0.622370 -0.622370 0.155895
v 0.844636 -0.629270 0.125171
v 0.843828 -0.634654 0.094143
v 0.634654 -0.634654 0.094143
v 0.629270 -0.629270 0.125171
v 0.843828 -0.634654 0.094143
v 0.843249 -0.638509 0.062889
v 0.638509 -0.638509 0.062887
v 0.634654 -0.634654 0.094143
v 0.843249 -0.638509 0.062889
v 0.842901 -0.640825 0.031483
v 0.640825 -0.640825 0.031481
v 0.638509 -0.638509 0.062887
v 0.842901 -0.640825 0.031483
v 0.842785 -0.641598 0.000001
v 0.641598 -0.641598 -0.000000
v 0.640825 -0.640825 0.031481
v 0.842785 -0.641598 0.000001
v 0.842901 -0.640826 -0.031481
v 0.640825 -0.640825 -0.031482
v 0.641598 -0.641598 -0.000000
v 0.842901 -0.640826 -0.031481
v 0.843249 -0.638509 -0.062886
v 0.638508 -0.638509 -0.062888
v 0.640825 -0.640825 -0.031482
v 0.843249 -0.638509 -0.062886
v 0.843828 -0.634654 -0.094141
v 0.634654 -0.634654 -0.094142
v 0.638508 -0.638509 -0.062888
v 0.843828 -0.634654 -0.094141
v 0.844636 -0.629270 -0.125168
v 0.629270 -0.629270 -0.125170
v 0.634654 -0.634654 -0.094142
v 0.844636 -0.629270 -0.125168
v 0.845673 -0.622371 -0.155894
v 0.622370 -0.622370 -0.155896
v 0.629270 -0.629270 -0.125170
v 0.896687 -0.715878 -0.223814
v 0.896687 -0.860035 -0.223814
v 0.859384 -0.897338 -0.223814
v 0.715153 -0.897338 -0.223814
v 0.896687 -0.860035 0.000000
v 0.896687 -0.860035 0.223813
v 0.859384 -0.897338 0.223813
v 0.859384 -0.897338 0.000000
v 0.846950 -0.613864 -0.186572
v 0.846950 -0.676011 -0.223814
v 0.680310 -0.676011 -0.223814
v 0.613971 -0.613971 -0.186247
v 0.715153 -0.897338 -0.223814
v 0.676141 -0.897338 -0.167622
v 0.613971 -0.847594 -0.186247
v 0.680310 -0.847601 -0.223814
v 0.680310 -0.847601 0.223813
v 0.613971 -0.847594 0.186246
v 0.676141 -0.897338 0.167621
v 0.715153 -0.897338 0.223813
v 0.859384 -0.897338 0.223813
v 0.715153 -0.897338 0.223813
v 0.676141 -0.897338 0.167621
v 0.622370 -0.622370 -0.155896
v 0.622370 -0.847520 -0.155896
v 0.629270 -0.847459 -0.125170
v 0.629270 -0.629270 -0.125170
v 0.629270 -0.629270 -0.125170
v 0.629270 -0.847459 -0.125170
v 0.634654 -0.847412 -0.094143
v 0.634654 -0.634654 -0.094142
v 0.634654 -0.634654 -0.094142
v 0.634654 -0.847412 -0.094143
v 0.638508 -0.847378 -0.062888
v 0.638508 -0.638509 -0.062888
v 0.638508 -0.638509 -0.062888
v 0.638508 -0.847378 -0.062888
v 0.640825 -0.847357 -0.031482
v 0.640825 -0.640825 -0.031482
v 0.640825 -0.640825 -0.031482
v 0.640825 -0.847357 -0.031482
v 0.641598 -0.847350 -0.000000
v 0.641598 -0.641598 -0.000000
v 0.641598 -0.641598 -0.000000
v 0.641598 -0.847350 -0.000000
v 0.640825 -0.847357 0.031481
v 0.640825 -0.640825 0.031481
v 0.640825 -0.640825 0.031481
v 0.640825 -0.847357 0.031481
v 0.638509 -0.847378 0.062887
v 0.638509 -0.638509 0.062887
v 0.622370 -0.622370 0.155895
v 0.622370 -0.847520 0.155895
v 0.613971 -0.847594 0.186246
v 0.613971 -0.613971 0.186247
v 0.629270 -0.629270 0.125171
v 0.629270 -0.847459 0.125169
v 0.622370 -0.847520 0.155895
v 0.622370 -0.622370 0.155895
v 0.638509 -0.638509 0.062887
v 0.638509 -0.847378 0.062887
v 0.634654 -0.847412 0.094142
v 0.634654 -0.634654 0.094143
v 0.634654 -0.634654 0.094143
v 0.634654 -0.847412 0.094142
v 0.629270 -0.847459 0.125169
v 0.629270 -0.629270 0.125171
v 0.896687 -0.671224 -0.172111
v 0.896687 -0.715878 -0.223814
v 0.846950 -0.676011 -0.223814
v 0.846950 -0.613864 -0.186572
v 0.846950 -0.613863 0.186573
v 0.846950 -0.676011 0.223813
v 0.896687 -0.715876 0.223813
v 0.896687 -0.671223 0.172112
v 0.896687 -0.860035 -0.223814
v 0.896687 -0.715878 -0.223814
v 0.896687 -0.671224 -0.172111
v 0.896687 -0.696825 -0.084846
v 0.843828 -0.634654 -0.094141
v 0.896687 -0.700679 -0.056677
v 0.843249 -0.638509 -0.062886
v 0.896687 -0.702996 -0.028372
v 0.842901 -0.640826 -0.031481
v 0.896687 -0.703769 0.000001
v 0.842785 -0.641598 0.000001
v 0.896687 -0.702996 0.028375
v 0.842901 -0.640825 0.031483
v 0.896687 -0.671224 -0.172111
v 0.846950 -0.613864 -0.186572
v 0.613971 -0.613971 0.186247
v 0.846950 -0.613863 0.186573
v 0.845673 -0.622370 0.155897
v 0.622370 -0.622370 0.155895
v 0.896687 -0.691440 0.112812
v 0.844636 -0.629270 0.125171
v 0.896687 -0.696824 0.084848
v 0.843828 -0.634654 0.094143
v 0.896687 -0.700679 0.056680
v 0.843249 -0.638509 0.062889
v 0.680310 -0.847601 0.223813
v 0.846950 -0.676011 0.223813
v 0.680310 -0.676011 0.223813
v 0.680310 -0.847601 0.223813
v 0.846950 -0.676011 0.223813
v 0.680310 -0.676011 -0.223814
v 0.846950 -0.676011 -0.223814
v 0.680310 -0.847601 -0.223814
v 0.846950 -0.676011 -0.223814
v 0.680310 -0.847601 -0.223814
v 0.684541 -0.897338 0.140306
v 0.691440 -0.897338 0.112652
v 0.696824 -0.897338 0.084728
v 0.702996 -0.897338 0.028333
v 0.703768 -0.897338 -0.000000
v 0.859384 -0.897338 0.000000
v 0.696824 -0.897338 0.084728
v 0.700679 -0.897338 0.056599
v 0.715153 -0.897338 -0.223814
v 0.859384 -0.897338 -0.223814
v 0.684540 -0.897338 -0.140307
v 0.676141 -0.897338 -0.167622
v 0.691440 -0.897338 -0.112653
v 0.859384 -0.897338 -0.223814
v 0.696824 -0.897338 -0.084728
v 0.703768 -0.897338 -0.000000
v 0.702996 -0.897338 -0.028334
v 0.859384 -0.897338 0.000000
v 0.896687 -0.715876 0.223813
v 0.896687 -0.860035 0.223813
v 0.896687 -0.671223 0.172112
v 0.896687 -0.684541 0.140505
v 0.896687 -0.691440 0.112812
v 0.896687 -0.696824 0.084848
v 0.896687 -0.700679 0.056680
v 0.896687 -0.696824 0.084848
v 0.896687 -0.860035 0.000000
v 0.896687 -0.860035 -0.223814
v 0.896687 -0.671224 -0.172111
v 0.896687 -0.684541 -0.140502
v 0.896687 -0.684541 -0.140502
v 0.896687 -0.691441 -0.112810
v 0.896687 -0.860035 -0.223814
v 0.896687 -0.691441 -0.112810
v 0.896687 -0.696825 -0.084846
v 0.896687 -0.702996 -0.028372
v 0.896687 -0.703769 0.000001
v 0.896687 -0.700679 -0.056677
v 0.896687 -0.702996 0.028375
v 0.896687 -0.700679 0.056680
v 0.896687 -0.860035 0.000000
v 0.896687 -0.860035 -0.223814
v 0.859384 -0.897338 -0.223814
v 0.700679 -0.897338 0.056599
v 0.702996 -0.897338 0.028333
v 0.896687 -0.700679 -0.056677
v 0.700679 -0.897338 -0.056599
v 0.702996 -0.897338 -0.028334
v 0.696824 -0.897338 -0.084728
v 0.700679 -0.897338 -0.056599
vn -0.0008 0.5157 0.8567
vn -0.0008 0.5157 0.8568
vn -0.0008 0.5156 0.8568
vn -0.0000 0.9636 0.2672
vn -0.0000 0.9637 0.2670
vn -0.4928 -0.0000 -0.8702
vn -0.4928 -0.0000 0.8702
vn 0.3944 0.8844 -0.2496
vn 0.3559 0.8821 0.3086
vn 0.8845 0.4478 0.1309
vn 0.9361 0.3369 -0.1005
vn -0.9638 -0.0000 0.2667
vn -0.8746 -0.3597 0.3252
vn -0.8825 -0.4110 -0.2286
vn -0.3377 -0.9372 -0.0872
vn -0.4176 -0.8998 0.1266
vn -0.8890 -0.4197 -0.1828
vn -0.3339 -0.9401 -0.0685
vn -0.8941 -0.4264 -0.1371
vn -0.3309 -0.9423 -0.0506
vn -0.8977 -0.4309 -0.0914
vn -0.3289 -0.9438 -0.0334
vn -0.8999 -0.4337 -0.0456
vn -0.3276 -0.9447 -0.0166
vn -0.9006 -0.4346 -0.0000
vn -0.3272 -0.9450 -0.0000
vn -0.8999 -0.4337 0.0457
vn -0.3276 -0.9447 0.0166
vn -0.8977 -0.4310 0.0914
vn -0.3289 -0.9438 0.0334
vn -0.8941 -0.4263 0.1371
vn -0.3309 -0.9423 0.0506
vn -0.8890 -0.4197 0.1829
vn -0.3339 -0.9401 0.0685
vn -0.8825 -0.4109 0.2287
vn -0.3377 -0.9372 0.0872
vn -0.8746 -0.3596 -0.3252
vn -0.4176 -0.8997 -0.1266
vn -0.0000 -0.0000 1.0000
vn 0.4084 0.8929 0.1898
vn 0.9359 0.3438 0.0761
vn 0.9361 0.3370 0.1005
vn 0.3945 0.8844 0.2496
vn -0.0000 0.9757 -0.2191
vn -0.0000 0.9853 -0.1710
vn -0.0000 0.9925 -0.1224
vn -0.0000 0.9973 -0.0735
vn -0.0000 0.9997 -0.0245
vn -0.0000 0.9997 0.0245
vn -0.0000 0.9973 0.0736
vn -0.0000 0.9973 0.0735
vn -0.0000 0.9925 0.1224
vn -0.0000 0.9853 0.1710
vn -0.0000 0.9757 0.2191
vn -0.0000 -0.0000 -1.0000
vn 0.7071 -0.7071 -0.0000
vn -0.0008 0.5158 -0.8567
vn -0.0008 0.5157 -0.8568
vn -0.5221 -0.6190 -0.5867
vn -0.5222 -0.6190 -0.5866
vn -0.5221 -0.6191 -0.5867
vn -0.5221 -0.6190 0.5867
vn -0.5222 -0.6190 0.5866
vn -0.0000 -1.0000 -0.0000
vn -0.9757 -0.0000 0.2191
vn -0.9853 -0.0000 0.1710
vn -0.9925 -0.0000 0.1224
vn -0.9973 -0.0000 0.0736
vn -0.9997 -0.0000 0.0245
vn -0.9997 -0.0000 -0.0245
vn -0.9997 -0.0000 -0.0246
vn -0.9973 -0.0000 -0.0735
vn -0.9638 -0.0000 -0.2667
vn -0.9757 -0.0000 -0.2191
vn -0.9925 -0.0000 -0.1224
vn -0.9853 -0.0000 -0.1710
vn 0.5934 0.5151 -0.6185
vn 0.5934 0.5151 0.6185
vn 1.0000 -0.0000 -0.0000
vn 0.4122 0.8998 0.1426
vn 0.9373 0.3440 0.0568
vn 0.4149 0.9049 0.0952
vn 0.9382 0.3441 0.0377
vn 0.4165 0.9079 0.0476
vn 0.9387 0.3441 0.0188
vn 0.4170 0.9089 -0.0000
vn 0.9389 0.3442 -0.0000
vn 0.4165 0.9079 -0.0477
vn 0.9387 0.3442 -0.0188
vn 0.8845 0.4478 -0.1309
vn 0.3558 0.8821 -0.3086
vn -0.0001 0.9638 -0.2667
vn -0.0001 0.9638 -0.2668
vn 0.9359 0.3439 -0.0761
vn 0.4084 0.8928 -0.1898
vn 0.9373 0.3440 -0.0568
vn 0.4122 0.8998 -0.1427
vn 0.4149 0.9049 -0.0952
vn 0.9382 0.3441 -0.0378
vt 0.755735 0.951638
vt 0.756056 0.963150
vt 0.769992 0.976476
vt 0.775941 0.970128
vt 0.204740 0.163989
vt 0.204740 0.190141
vt 0.208468 0.190290
vt 0.208428 0.163005
vt 0.647298 0.249917
vt 0.646977 0.261430
vt 0.661302 0.275169
vt 0.667569 0.268497
vt 0.735463 0.970217
vt 0.741731 0.976889
vt 0.938444 0.020174
vt 0.934771 0.019519
vt 0.936425 0.028418
vt 0.940268 0.029589
vt 0.786994 0.373064
vt 0.786010 0.376752
vt 0.813370 0.376753
vt 0.813362 0.373064
vt 0.938676 0.450295
vt 0.942286 0.449541
vt 0.944105 0.440210
vt 0.940845 0.440968
vt 0.945921 0.448920
vt 0.947384 0.439584
vt 0.949577 0.448434
vt 0.950678 0.439095
vt 0.953249 0.448085
vt 0.953985 0.438744
vt 0.956931 0.447875
vt 0.957300 0.438533
vt 0.960618 0.447805
vt 0.960618 0.438462
vt 0.964306 0.447875
vt 0.963937 0.438533
vt 0.967988 0.448085
vt 0.967252 0.438744
vt 0.971659 0.448434
vt 0.970558 0.439095
vt 0.975315 0.448920
vt 0.973853 0.439584
vt 0.978951 0.449541
vt 0.977132 0.440210
vt 0.982561 0.450295
vt 0.980391 0.440968
vt 0.758771 0.996008
vt 0.770817 0.983962
vt 0.740486 0.983956
vt 0.752538 0.996008
vt 0.971524 0.020704
vt 0.970067 0.030198
vt 0.973353 0.029589
vt 0.975176 0.020174
vt 0.167859 0.163989
vt 0.167859 0.190141
vt 0.171547 0.190019
vt 0.171547 0.164797
vt 0.175235 0.189925
vt 0.175235 0.165428
vt 0.178923 0.189857
vt 0.178924 0.165879
vt 0.182612 0.189816
vt 0.182612 0.166150
vt 0.186300 0.189803
vt 0.186300 0.166241
vt 0.189988 0.189816
vt 0.189988 0.166150
vt 0.193676 0.189857
vt 0.193676 0.165879
vt 0.197364 0.189925
vt 0.197364 0.165428
vt 0.201052 0.190019
vt 0.201052 0.164797
vt 0.662546 0.282236
vt 0.632216 0.282242
vt 0.644261 0.294287
vt 0.650495 0.294287
vt 0.068472 0.011896
vt 0.068472 0.005718
vt 0.042260 0.005718
vt 0.042260 0.011896
vt 0.627091 0.268407
vt 0.633041 0.274755
vt 0.973383 0.755119
vt 0.980495 0.755119
vt 0.977874 0.747549
vt 0.968300 0.747779
vt 0.982537 0.602800
vt 0.982366 0.595690
vt 0.974906 0.590785
vt 0.974906 0.600361
vt 0.578628 0.127057
vt 0.578628 0.143949
vt 0.585209 0.148518
vt 0.787802 0.369376
vt 0.813355 0.369376
vt 0.788432 0.365688
vt 0.813349 0.365688
vt 0.788884 0.362000
vt 0.813345 0.362000
vt 0.789155 0.358312
vt 0.813343 0.358312
vt 0.789245 0.354624
vt 0.813342 0.354624
vt 0.789155 0.350936
vt 0.813343 0.350936
vt 0.788884 0.347248
vt 0.813345 0.347248
vt 0.786010 0.332496
vt 0.786994 0.336184
vt 0.813362 0.336184
vt 0.813370 0.332496
vt 0.787802 0.339872
vt 0.813355 0.339872
vt 0.788432 0.343560
vt 0.813349 0.343560
vt 0.981803 0.139903
vt 0.981803 0.148954
vt 0.989223 0.151949
vt 0.988943 0.144489
vt 0.637080 0.065354
vt 0.629465 0.060462
vt 0.629465 0.068947
vt 0.635590 0.073214
vt 0.777352 0.166652
vt 0.777352 0.149769
vt 0.771297 0.144540
vt 0.967859 0.021118
vt 0.966766 0.030674
vt 0.964182 0.021414
vt 0.963453 0.031015
vt 0.960498 0.021592
vt 0.960134 0.031220
vt 0.956810 0.021652
vt 0.956810 0.031288
vt 0.953123 0.021592
vt 0.953487 0.031220
vt 0.977195 0.028418
vt 0.978850 0.019519
vt 0.164171 0.163005
vt 0.164131 0.190290
vt 0.943554 0.030198
vt 0.942096 0.020704
vt 0.946855 0.030674
vt 0.945762 0.021118
vt 0.949439 0.021414
vt 0.950167 0.031015
vt 0.588408 0.147534
vt 0.591647 0.146726
vt 0.594917 0.146095
vt 0.601522 0.145373
vt 0.604840 0.145282
vt 0.604840 0.127057
vt 0.598211 0.145644
vt 0.624471 0.148518
vt 0.631052 0.143949
vt 0.631052 0.127057
vt 0.621272 0.147534
vt 0.618033 0.146726
vt 0.614763 0.146095
vt 0.608158 0.145373
vt 0.724928 0.149769
vt 0.724928 0.166652
vt 0.730983 0.144540
vt 0.734685 0.146099
vt 0.737928 0.146907
vt 0.741203 0.147538
vt 0.751140 0.166652
vt 0.744502 0.147989
vt 0.767595 0.146099
vt 0.764352 0.146907
vt 0.761077 0.147538
vt 0.754463 0.148261
vt 0.751140 0.148351
vt 0.757778 0.147989
vt 0.747817 0.148261
vt 0.094684 0.011896
vt 0.094684 0.005718
vt 0.611468 0.145644
s 1
usemtl DefaultMaterial
f 3108/2488/1434 3105/2489/1435 3106/2490/1435
f 3106/2490/1435 3107/2491/1436 3108/2488/1434
s 0
f 3112/2492/1437 3109/2493/1437 3110/2494/1437
f 3110/2494/1438 3111/2495/1438 3112/2492/1438
f 3116/2496/1439 3113/2497/1439 3114/2498/1439
f 3114/2498/1439 3115/2499/1439 3116/2496/1439
f 3120/2488/1440 3117/2500/1440 3118/2501/1440
f 3118/2501/1440 3119/2489/1440 3120/2488/1440
s 1
f 3124/2502/1441 3121/2503/1442 3122/2504/1443
f 3122/2504/1443 3123/2505/1444 3124/2502/1441
s 0
f 3128/2506/1445 3125/2507/1445 3126/2508/1445
f 3126/2508/1445 3127/2509/1445 3128/2506/1445
s 1
f 3132/2510/1446 3129/2511/1447 3130/2512/1448
f 3130/2512/1448 3131/2513/1449 3132/2510/1446
f 3129/2511/1447 3133/2514/1450 3134/2515/1451
f 3134/2515/1451 3130/2512/1448 3129/2511/1447
f 3133/2514/1450 3135/2516/1452 3136/2517/1453
f 3136/2517/1453 3134/2515/1451 3133/2514/1450
f 3135/2516/1452 3137/2518/1454 3138/2519/1455
f 3138/2519/1455 3136/2517/1453 3135/2516/1452
f 3137/2518/1454 3139/2520/1456 3140/2521/1457
f 3140/2521/1457 3138/2519/1455 3137/2518/1454
f 3139/2520/1456 3141/2522/1458 3142/2523/1459
f 3142/2523/1459 3140/2521/1457 3139/2520/1456
f 3141/2522/1458 3143/2524/1460 3144/2525/1461
f 3144/2525/1461 3142/2523/1459 3141/2522/1458
f 3143/2524/1460 3145/2526/1462 3146/2527/1463
f 3146/2527/1463 3144/2525/1461 3143/2524/1460
f 3145/2526/1462 3147/2528/1464 3148/2529/1465
f 3148/2529/1465 3146/2527/1463 3145/2526/1462
f 3147/2528/1464 3149/2530/1466 3150/2531/1467
f 3150/2531/1467 3148/2529/1465 3147/2528/1464
f 3149/2530/1466 3151/2532/1468 3152/2533/1469
f 3152/2533/1469 3150/2531/1467 3149/2530/1466
f 3151/2532/1468 3153/2534/1470 3154/2535/1471
f 3154/2535/1471 3152/2533/1469 3151/2532/1468
s 0
f 3158/2536/1472 3155/2537/1472 3156/2538/1472
f 3156/2538/1472 3157/2539/1472 3158/2536/1472
s 1
f 3162/2540/1473 3159/2541/1474 3160/2542/1475
f 3160/2542/1475 3161/2543/1476 3162/2540/1473
s 0
f 3166/2544/1477 3163/2545/1477 3164/2546/1477
f 3164/2546/1477 3165/2547/1477 3166/2544/1477
f 3170/2547/1478 3167/2546/1478 3168/2548/1478
f 3168/2548/1478 3169/2549/1478 3170/2547/1478
f 3174/2549/1479 3171/2548/1479 3172/2550/1479
f 3172/2550/1479 3173/2551/1479 3174/2549/1479
f 3178/2551/1480 3175/2550/1480 3176/2552/1480
f 3176/2552/1480 3177/2553/1480 3178/2551/1480
f 3182/2553/1481 3179/2552/1481 3180/2554/1481
f 3180/2554/1481 3181/2555/1481 3182/2553/1481
f 3186/2555/1482 3183/2554/1482 3184/2556/1482
f 3184/2556/1482 3185/2557/1482 3186/2555/1482
f 3190/2557/1483 3187/2556/1483 3188/2558/1483
f 3188/2558/1484 3189/2559/1484 3190/2557/1484
f 3194/2559/1485 3191/2558/1485 3192/2560/1485
f 3192/2560/1485 3193/2561/1485 3194/2559/1485
f 3198/2561/1486 3195/2560/1486 3196/2562/1486
f 3196/2562/1486 3197/2563/1486 3198/2561/1486
f 3202/2563/1487 3199/2562/1487 3200/2493/1487
f 3200/2493/1487 3201/2492/1487 3202/2563/1487
f 3206/2564/1488 3203/2565/1488 3204/2566/1488
f 3204/2566/1488 3205/2567/1488 3206/2564/1488
f 3210/2568/1489 3207/2569/1489 3208/2570/1489
f 3208/2570/1489 3209/2571/1489 3210/2568/1489
s 1
f 3214/2496/1490 3211/2572/1491 3212/2573/1491
f 3212/2573/1491 3213/2497/1491 3214/2496/1490
f 3218/2574/1492 3215/2575/1493 3216/2576/1492
f 3216/2576/1492 3217/2577/1494 3218/2574/1492
f 3222/2578/1495 3219/2579/1495 3220/2580/1495
f 3220/2580/1495 3221/2581/1496 3222/2578/1495
s 0
f 3223/2582/1497 3224/2583/1497 3225/2584/1497
f 3229/2585/1498 3226/2506/1498 3227/2509/1498
f 3227/2509/1498 3228/2586/1498 3229/2585/1498
f 3233/2587/1499 3230/2585/1499 3231/2586/1499
f 3231/2586/1499 3232/2588/1499 3233/2587/1499
f 3237/2589/1500 3234/2587/1500 3235/2588/1500
s 1
f 3235/2588/1500 3236/2590/1500 3237/2589/1500
s 0
f 3241/2591/1501 3238/2589/1501 3239/2590/1501
f 3239/2590/1501 3240/2592/1501 3241/2591/1501
f 3245/2593/1502 3242/2591/1502 3243/2592/1502
f 3243/2592/1502 3244/2594/1502 3245/2593/1502
f 3249/2595/1503 3246/2593/1503 3247/2594/1503
f 3247/2594/1504 3248/2596/1504 3249/2595/1504
f 3253/2597/1505 3250/2595/1505 3251/2596/1505
f 3251/2596/1505 3252/2598/1505 3253/2597/1505
f 3257/2599/1506 3254/2600/1506 3255/2601/1506
f 3255/2601/1506 3256/2602/1506 3257/2599/1506
f 3261/2600/1507 3258/2603/1507 3259/2604/1507
f 3259/2604/1507 3260/2601/1507 3261/2600/1507
f 3265/2605/1508 3262/2597/1508 3263/2598/1508
f 3263/2598/1508 3264/2606/1508 3265/2605/1508
f 3269/2603/1509 3266/2605/1509 3267/2606/1509
f 3267/2606/1509 3268/2604/1509 3269/2603/1509
s 1
f 3273/2607/1510 3270/2608/1510 3271/2609/1510
f 3271/2609/1510 3272/2610/1510 3273/2607/1510
f 3277/2611/1511 3274/2612/1511 3275/2613/1511
f 3275/2613/1511 3276/2614/1511 3277/2611/1511
s 0
f 3278/2615/1512 3279/2616/1512 3280/2617/1512
s 1
f 3282/2618/1513 3281/2619/1514 3159/2541/1474
f 3159/2541/1474 3162/2540/1473 3282/2618/1513
f 3284/2620/1515 3283/2621/1516 3281/2619/1514
f 3281/2619/1514 3282/2618/1513 3284/2620/1515
f 3286/2622/1517 3285/2623/1518 3283/2621/1516
f 3283/2621/1516 3284/2620/1515 3286/2622/1517
f 3288/2624/1519 3287/2625/1520 3285/2623/1518
f 3285/2623/1518 3286/2622/1517 3288/2624/1519
f 3290/2626/1521 3289/2627/1522 3287/2625/1520
f 3287/2625/1520 3288/2624/1519 3290/2626/1521
f 3161/2543/1476 3160/2542/1475 3291/2628/1523
f 3291/2628/1523 3292/2629/1524 3161/2543/1476
s 0
f 3296/2544/1525 3293/2630/1525 3294/2631/1525
f 3294/2631/1526 3295/2545/1526 3296/2544/1526
s 1
f 3124/2502/1441 3123/2505/1444 3297/2632/1527
f 3297/2632/1527 3298/2633/1528 3124/2502/1441
f 3298/2633/1528 3297/2632/1527 3299/2634/1529
f 3299/2634/1529 3300/2635/1530 3298/2633/1528
f 3302/2636/1531 3301/2637/1532 3289/2627/1522
f 3289/2627/1522 3290/2626/1521 3302/2636/1531
f 3300/2635/1530 3299/2634/1529 3301/2637/1532
f 3301/2637/1532 3302/2636/1531 3300/2635/1530
s 0
f 3304/2490/1472 3303/2501/1472 3156/2538/1472
f 3156/2538/1472 3155/2537/1472 3304/2490/1472
f 3305/2489/1472 3306/2501/1472 3307/2490/1472
f 3308/2497/1488 3309/2573/1488 3310/2498/1488
f 3312/2498/1488 3311/2573/1488 3203/2565/1488
f 3203/2565/1488 3206/2564/1488 3312/2498/1488
f 3223/2582/1497 3225/2584/1497 3313/2638/1497
f 3223/2582/1497 3313/2638/1497 3314/2639/1497
f 3223/2582/1497 3314/2639/1497 3315/2640/1497
f 3316/2641/1497 3317/2642/1497 3318/2643/1497
f 3223/2582/1497 3319/2640/1497 3320/2644/1497
f 3320/2644/1497 3318/2643/1497 3223/2582/1497
f 3324/2645/1497 3321/2646/1497 3322/2647/1497
f 3322/2647/1497 3323/2648/1497 3324/2645/1497
f 3323/2648/1497 3322/2647/1497 3325/2649/1497
f 3325/2649/1497 3326/2647/1497 3327/2650/1497
f 3328/2642/1497 3329/2651/1497 3330/2643/1497
f 3331/2652/1512 3332/2653/1512 3333/2654/1512
f 3333/2654/1512 3332/2653/1512 3334/2655/1512
f 3334/2655/1512 3332/2653/1512 3335/2656/1512
f 3335/2656/1512 3332/2653/1512 3336/2657/1512
f 3339/2658/1512 3337/2659/1512 3338/2657/1512
f 3338/2657/1512 3332/2653/1512 3339/2658/1512
f 3340/2615/1512 3341/2617/1512 3342/2660/1512
f 3278/2615/1512 3343/2660/1512 3344/2661/1512
f 3345/2615/1512 3346/2661/1512 3347/2662/1512
f 3348/2663/1512 3349/2664/1512 3339/2658/1512
f 3350/2665/1512 3348/2663/1512 3339/2658/1512
f 3351/2666/1512 3352/2659/1512 3353/2658/1512
f 3355/2667/1489 3354/2668/1489 3207/2569/1489
f 3207/2569/1489 3210/2568/1489 3355/2667/1489
f 3349/2664/1512 3351/2666/1512 3339/2658/1512
f 3356/2644/1497 3357/2641/1497 3330/2643/1497
f 3345/2615/1512 3347/2662/1512 3358/2665/1512
f 3358/2665/1512 3339/2658/1512 3345/2615/1512
f 3359/2669/1497 3318/2643/1497 3360/2651/1497
f 3362/2669/1497 3361/2650/1497 3326/2647/1497
f 3326/2647/1497 3330/2643/1497 3362/2669/1497
o defaultMaterial.013
v 0.680310 -0.223813 -0.676011
v 0.846950 -0.223813 -0.676011
v 0.846950 -0.186572 -0.613864
v 0.613971 -0.186247 -0.613971
v 0.845673 0.155895 -0.622371
v 0.846950 0.186572 -0.613864
v 0.613971 0.186247 -0.613971
v 0.622370 0.155896 -0.622370
v 0.680310 0.223814 -0.676011
v 0.680310 0.223814 -0.847601
v 0.613971 0.186247 -0.847594
v 0.613971 0.186247 -0.613971
v 0.613971 -0.186246 -0.847595
v 0.680310 -0.223813 -0.847602
v 0.680310 -0.223813 -0.676011
v 0.613971 -0.186247 -0.613971
v 0.846950 -0.186572 -0.613864
v 0.896687 -0.172112 -0.671223
v 0.896687 -0.140504 -0.684541
v 0.845673 -0.155896 -0.622370
v 0.613971 0.186247 -0.613971
v 0.613971 0.186247 -0.847594
v 0.622370 0.155896 -0.847520
v 0.622370 0.155896 -0.622370
v 0.622370 -0.155895 -0.847520
v 0.684541 -0.140305 -0.897338
v 0.676141 -0.167621 -0.897338
v 0.613971 -0.186246 -0.847595
v 0.629270 -0.125169 -0.847459
v 0.691440 -0.112652 -0.897338
v 0.634654 -0.094141 -0.847412
v 0.696824 -0.084727 -0.897338
v 0.638508 -0.062887 -0.847378
v 0.700679 -0.056598 -0.897338
v 0.640825 -0.031481 -0.847357
v 0.702995 -0.028333 -0.897338
v 0.641598 0.000001 -0.847351
v 0.703768 0.000001 -0.897338
v 0.640825 0.031483 -0.847357
v 0.702995 0.028334 -0.897338
v 0.638508 0.062888 -0.847378
v 0.700679 0.056600 -0.897338
v 0.634654 0.094143 -0.847412
v 0.696824 0.084729 -0.897338
v 0.629270 0.125170 -0.847459
v 0.691440 0.112653 -0.897338
v 0.622370 0.155896 -0.847520
v 0.684540 0.140307 -0.897338
v 0.613971 0.186247 -0.847594
v 0.676141 0.167622 -0.897338
v 0.896687 -0.223813 -0.715876
v 0.715153 -0.223813 -0.897338
v 0.859384 -0.223813 -0.897338
v 0.896687 -0.223813 -0.860036
v 0.896687 0.112810 -0.691441
v 0.896687 0.140503 -0.684541
v 0.845673 0.155895 -0.622371
v 0.844636 0.125169 -0.629271
v 0.845673 -0.155896 -0.622370
v 0.844636 -0.125170 -0.629270
v 0.629270 -0.125170 -0.629270
v 0.622370 -0.155895 -0.622371
v 0.844636 -0.125170 -0.629270
v 0.843828 -0.094143 -0.634654
v 0.634653 -0.094143 -0.634654
v 0.629270 -0.125170 -0.629270
v 0.843828 -0.094143 -0.634654
v 0.843249 -0.062888 -0.638509
v 0.638508 -0.062887 -0.638509
v 0.634653 -0.094143 -0.634654
v 0.843249 -0.062888 -0.638509
v 0.842901 -0.031483 -0.640826
v 0.640825 -0.031481 -0.640826
v 0.638508 -0.062887 -0.638509
v 0.842901 -0.031483 -0.640826
v 0.842785 -0.000001 -0.641599
v 0.641598 0.000001 -0.641599
v 0.640825 -0.031481 -0.640826
v 0.842785 -0.000001 -0.641599
v 0.842901 0.031481 -0.640826
v 0.640825 0.031482 -0.640826
v 0.641598 0.000001 -0.641599
v 0.842901 0.031481 -0.640826
v 0.843249 0.062887 -0.638509
v 0.638508 0.062888 -0.638509
v 0.640825 0.031482 -0.640826
v 0.843249 0.062887 -0.638509
v 0.843828 0.094141 -0.634654
v 0.634654 0.094143 -0.634654
v 0.638508 0.062888 -0.638509
v 0.843828 0.094141 -0.634654
v 0.844636 0.125169 -0.629271
v 0.629270 0.125170 -0.629270
v 0.634654 0.094143 -0.634654
v 0.844636 0.125169 -0.629271
v 0.845673 0.155895 -0.622371
v 0.622370 0.155896 -0.622370
v 0.629270 0.125170 -0.629270
v 0.896687 0.223814 -0.715878
v 0.896687 0.223814 -0.860035
v 0.859384 0.223814 -0.897338
v 0.715153 0.223814 -0.897338
v 0.896687 -0.000000 -0.860036
v 0.896687 -0.223813 -0.860036
v 0.859384 -0.223813 -0.897338
v 0.859384 0.000000 -0.897338
v 0.846950 0.186572 -0.613864
v 0.846950 0.223814 -0.676011
v 0.680310 0.223814 -0.676011
v 0.613971 0.186247 -0.613971
v 0.715153 0.223814 -0.897338
v 0.676141 0.167622 -0.897338
v 0.613971 0.186247 -0.847594
v 0.680310 0.223814 -0.847601
v 0.680310 -0.223813 -0.847602
v 0.613971 -0.186246 -0.847595
v 0.676141 -0.167621 -0.897338
v 0.715153 -0.223813 -0.897338
v 0.859384 -0.223813 -0.897338
v 0.715153 -0.223813 -0.897338
v 0.676141 -0.167621 -0.897338
v 0.622370 0.155896 -0.622370
v 0.622370 0.155896 -0.847520
v 0.629270 0.125170 -0.847459
v 0.629270 0.125170 -0.629270
v 0.629270 0.125170 -0.629270
v 0.629270 0.125170 -0.847459
v 0.634654 0.094143 -0.847412
v 0.634654 0.094143 -0.634654
v 0.634654 0.094143 -0.634654
v 0.634654 0.094143 -0.847412
v 0.638508 0.062888 -0.847378
v 0.638508 0.062888 -0.638509
v 0.638508 0.062888 -0.638509
v 0.638508 0.062888 -0.847378
v 0.640825 0.031483 -0.847357
v 0.640825 0.031482 -0.640826
v 0.640825 0.031482 -0.640826
v 0.640825 0.031483 -0.847357
v 0.641598 0.000001 -0.847351
v 0.641598 0.000001 -0.641599
v 0.641598 0.000001 -0.641599
v 0.641598 0.000001 -0.847351
v 0.640825 -0.031481 -0.847357
v 0.640825 -0.031481 -0.640826
v 0.640825 -0.031481 -0.640826
v 0.640825 -0.031481 -0.847357
v 0.638508 -0.062887 -0.847378
v 0.638508 -0.062887 -0.638509
v 0.622370 -0.155895 -0.622371
v 0.622370 -0.155895 -0.847520
v 0.613971 -0.186246 -0.847595
v 0.613971 -0.186247 -0.613971
v 0.629270 -0.125170 -0.629270
v 0.629270 -0.125169 -0.847459
v 0.622370 -0.155895 -0.847520
v 0.622370 -0.155895 -0.622371
v 0.638508 -0.062887 -0.638509
v 0.638508 -0.062887 -0.847378
v 0.634654 -0.094141 -0.847412
v 0.634653 -0.094143 -0.634654
v 0.634653 -0.094143 -0.634654
v 0.634654 -0.094141 -0.847412
v 0.629270 -0.125169 -0.847459
v 0.629270 -0.125170 -0.629270
v 0.896687 0.172112 -0.671225
v 0.896687 0.223814 -0.715878
v 0.846950 0.223814 -0.676011
v 0.846950 0.186572 -0.613864
v 0.846950 -0.186572 -0.613864
v 0.846950 -0.223813 -0.676011
v 0.896687 -0.223813 -0.715876
v 0.896687 -0.172112 -0.671223
v 0.896687 0.223814 -0.860035
v 0.896687 0.223814 -0.715878
v 0.896687 0.172112 -0.671225
v 0.896687 0.084846 -0.696825
v 0.843828 0.094141 -0.634654
v 0.896687 0.056678 -0.700680
v 0.843249 0.062887 -0.638509
v 0.896687 0.028373 -0.702996
v 0.842901 0.031481 -0.640826
v 0.896687 -0.000001 -0.703769
v 0.842785 -0.000001 -0.641599
v 0.896687 -0.028374 -0.702996
v 0.842901 -0.031483 -0.640826
v 0.896687 0.172112 -0.671225
v 0.846950 0.186572 -0.613864
v 0.613971 -0.186247 -0.613971
v 0.846950 -0.186572 -0.613864
v 0.845673 -0.155896 -0.622370
v 0.622370 -0.155895 -0.622371
v 0.896687 -0.112812 -0.691441
v 0.844636 -0.125170 -0.629270
v 0.896687 -0.084848 -0.696824
v 0.843828 -0.094143 -0.634654
v 0.896687 -0.056679 -0.700679
v 0.843249 -0.062888 -0.638509
v 0.680310 -0.223813 -0.847602
v 0.846950 -0.223813 -0.676011
v 0.680310 -0.223813 -0.676011
v 0.680310 -0.223813 -0.847602
v 0.846950 -0.223813 -0.676011
v 0.680310 0.223814 -0.676011
v 0.846950 0.223814 -0.676011
v 0.680310 0.223814 -0.847601
v 0.846950 0.223814 -0.676011
v 0.680310 0.223814 -0.847601
v 0.684541 -0.140305 -0.897338
v 0.691440 -0.112652 -0.897338
v 0.696824 -0.084727 -0.897338
v 0.702995 -0.028333 -0.897338
v 0.703768 0.000001 -0.897338
v 0.859384 0.000000 -0.897338
v 0.700679 -0.056598 -0.897338
v 0.715153 0.223814 -0.897338
v 0.859384 0.223814 -0.897338
v 0.684540 0.140307 -0.897338
v 0.676141 0.167622 -0.897338
v 0.691440 0.112653 -0.897338
v 0.696824 0.084729 -0.897338
v 0.702995 0.028334 -0.897338
v 0.896687 -0.223813 -0.715876
v 0.896687 -0.223813 -0.860036
v 0.896687 -0.172112 -0.671223
v 0.896687 -0.140504 -0.684541
v 0.896687 -0.112812 -0.691441
v 0.896687 -0.112812 -0.691441
v 0.896687 -0.084848 -0.696824
v 0.896687 -0.056679 -0.700679
v 0.896687 -0.000000 -0.860036
v 0.896687 0.140503 -0.684541
v 0.896687 0.140503 -0.684541
v 0.896687 0.112810 -0.691441
v 0.896687 0.223814 -0.860035
v 0.896687 0.112810 -0.691441
v 0.896687 0.084846 -0.696825
v 0.896687 0.028373 -0.702996
v 0.896687 -0.000001 -0.703769
v 0.896687 0.056678 -0.700680
v 0.896687 -0.028374 -0.702996
v 0.896687 0.223814 -0.860035
v 0.859384 0.223814 -0.897338
v 0.896687 0.084846 -0.696825
v 0.700679 0.056600 -0.897338
vn -0.0008 -0.8567 0.5157
vn -0.0008 -0.8568 0.5157
vn -0.0000 -0.2672 0.9636
vn -0.0000 -0.2670 0.9637
vn -0.4928 0.8702 -0.0000
vn -0.4928 -0.8702 -0.0000
vn 0.3944 0.2496 0.8844
vn 0.3558 -0.3087 0.8821
vn 0.8845 -0.1309 0.4478
vn 0.9361 0.1005 0.3369
vn -0.9638 -0.2667 -0.0000
vn -0.8746 -0.3252 -0.3597
vn -0.8825 0.2286 -0.4110
vn -0.3377 0.0872 -0.9372
vn -0.4176 -0.1266 -0.8998
vn -0.8890 0.1828 -0.4197
vn -0.3339 0.0684 -0.9401
vn -0.8941 0.1371 -0.4263
vn -0.3309 0.0506 -0.9423
vn -0.8977 0.0914 -0.4309
vn -0.3288 0.0334 -0.9438
vn -0.8999 0.0456 -0.4337
vn -0.3276 0.0166 -0.9447
vn -0.9006 -0.0000 -0.4346
vn -0.3272 -0.0000 -0.9450
vn -0.8999 -0.0457 -0.4337
vn -0.3276 -0.0166 -0.9447
vn -0.8977 -0.0914 -0.4310
vn -0.3289 -0.0334 -0.9438
vn -0.8941 -0.1371 -0.4263
vn -0.3309 -0.0506 -0.9423
vn -0.8890 -0.1829 -0.4197
vn -0.3339 -0.0685 -0.9401
vn -0.8825 -0.2287 -0.4109
vn -0.3377 -0.0872 -0.9372
vn -0.8746 0.3252 -0.3596
vn -0.4176 0.1266 -0.8997
vn -0.0000 -1.0000 -0.0000
vn 0.4084 -0.1898 0.8929
vn 0.9359 -0.0761 0.3438
vn 0.9361 -0.1005 0.3370
vn 0.3945 -0.2496 0.8844
vn -0.0000 0.2191 0.9757
vn -0.0000 0.1710 0.9853
vn -0.0000 0.1224 0.9925
vn -0.0000 0.0736 0.9973
vn -0.0000 0.0245 0.9997
vn -0.0000 -0.0245 0.9997
vn -0.0000 -0.0736 0.9973
vn -0.0000 -0.1224 0.9925
vn -0.0000 -0.1709 0.9853
vn -0.0000 -0.1710 0.9853
vn -0.0000 -0.2191 0.9757
vn -0.0000 1.0000 -0.0000
vn 0.7071 -0.0000 -0.7071
vn -0.0008 0.8568 0.5157
vn -0.0008 0.8568 0.5156
vn -0.5221 0.5867 -0.6190
vn -0.5222 0.5866 -0.6190
vn -0.5221 0.5867 -0.6191
vn -0.5221 -0.5867 -0.6190
vn -0.5221 -0.5866 -0.6190
vn -0.5221 -0.5866 -0.6191
vn -0.0000 -0.0000 -1.0000
vn -0.9757 -0.2191 -0.0000
vn -0.9853 -0.1710 -0.0000
vn -0.9925 -0.1224 -0.0000
vn -0.9973 -0.0736 -0.0000
vn -0.9997 -0.0245 -0.0000
vn -0.9997 0.0245 -0.0000
vn -0.9973 0.0736 -0.0000
vn -0.9638 0.2667 -0.0000
vn -0.9757 0.2191 -0.0000
vn -0.9925 0.1224 -0.0000
vn -0.9853 0.1709 -0.0000
vn -0.9853 0.1710 -0.0000
vn 0.5934 0.6185 0.5151
vn 0.5934 -0.6185 0.5151
vn 1.0000 -0.0000 -0.0000
vn 0.4122 -0.1426 0.8998
vn 0.9373 -0.0568 0.3440
vn 0.4149 -0.0952 0.9049
vn 0.9382 -0.0378 0.3441
vn 0.4165 -0.0476 0.9079
vn 0.9387 -0.0188 0.3441
vn 0.4170 -0.0000 0.9089
vn 0.9389 -0.0000 0.3442
vn 0.4165 0.0476 0.9079
vn 0.9387 0.0188 0.3442
vn 0.8845 0.1309 0.4478
vn 0.3558 0.3086 0.8821
vn -0.0001 0.2667 0.9638
vn -0.0000 0.2669 0.9637
vn 0.9359 0.0761 0.3439
vn 0.4084 0.1898 0.8928
vn 0.9373 0.0568 0.3440
vn 0.4122 0.1427 0.8998
vn 0.4149 0.0952 0.9049
vn 0.9382 0.0378 0.3441
vt 0.526273 0.274015
vt 0.537786 0.273695
vt 0.551112 0.259758
vt 0.544764 0.253809
vt 0.793995 0.403643
vt 0.820147 0.403643
vt 0.820296 0.399915
vt 0.793011 0.399955
vt 0.216486 0.260517
vt 0.227999 0.260838
vt 0.241738 0.246513
vt 0.235066 0.240246
vt 0.544853 0.294287
vt 0.551525 0.288019
vt 0.898739 0.845192
vt 0.898084 0.848865
vt 0.906982 0.847211
vt 0.908153 0.843368
vt 0.817739 0.201014
vt 0.821427 0.201997
vt 0.821427 0.174637
vt 0.817739 0.174646
vt 0.966921 0.634032
vt 0.966167 0.630422
vt 0.956836 0.628603
vt 0.957594 0.631863
vt 0.965546 0.626787
vt 0.956211 0.625324
vt 0.965060 0.623131
vt 0.955721 0.622029
vt 0.964711 0.619459
vt 0.955370 0.618723
vt 0.964501 0.615777
vt 0.955159 0.615408
vt 0.964431 0.612090
vt 0.955088 0.612090
vt 0.964501 0.608402
vt 0.955159 0.608771
vt 0.964711 0.604720
vt 0.955370 0.605456
vt 0.965060 0.601048
vt 0.955721 0.602150
vt 0.965546 0.597393
vt 0.956211 0.598855
vt 0.966167 0.593757
vt 0.956836 0.595576
vt 0.966921 0.590147
vt 0.957594 0.592316
vt 0.570643 0.270979
vt 0.558598 0.258934
vt 0.558592 0.289264
vt 0.570643 0.277213
vt 0.899268 0.812111
vt 0.908763 0.813569
vt 0.908153 0.810283
vt 0.898739 0.808460
vt 0.793995 0.440523
vt 0.820147 0.440524
vt 0.820025 0.436835
vt 0.794803 0.436835
vt 0.819931 0.433147
vt 0.795433 0.433147
vt 0.819863 0.429459
vt 0.795885 0.429459
vt 0.819822 0.425771
vt 0.796156 0.425771
vt 0.819808 0.422083
vt 0.796247 0.422083
vt 0.819822 0.418395
vt 0.796156 0.418395
vt 0.819863 0.414707
vt 0.795885 0.414707
vt 0.819931 0.411019
vt 0.795433 0.411019
vt 0.820025 0.407331
vt 0.794803 0.407331
vt 0.248805 0.245269
vt 0.248811 0.275599
vt 0.260856 0.263554
vt 0.260856 0.257320
vt 0.156146 0.066555
vt 0.149968 0.066555
vt 0.149968 0.092766
vt 0.156146 0.092766
vt 0.234976 0.280724
vt 0.241324 0.274774
vt 0.975934 0.677792
vt 0.975934 0.670680
vt 0.968364 0.673302
vt 0.968594 0.682876
vt 0.986921 0.575169
vt 0.979811 0.575340
vt 0.974906 0.582800
vt 0.984482 0.582800
vt 0.829562 0.580685
vt 0.846453 0.580685
vt 0.851022 0.574104
vt 0.814051 0.200206
vt 0.814051 0.174653
vt 0.810363 0.199575
vt 0.810363 0.174658
vt 0.806675 0.199124
vt 0.806675 0.174662
vt 0.802987 0.198852
vt 0.802987 0.174665
vt 0.799299 0.198762
vt 0.799299 0.174666
vt 0.795611 0.198852
vt 0.795610 0.174665
vt 0.791923 0.199124
vt 0.791923 0.174662
vt 0.777170 0.201997
vt 0.780858 0.201014
vt 0.780858 0.174646
vt 0.777170 0.174637
vt 0.784546 0.200206
vt 0.784546 0.174653
vt 0.788234 0.199575
vt 0.788234 0.174658
vt 0.776798 0.019001
vt 0.785849 0.019001
vt 0.788844 0.011582
vt 0.781384 0.011862
vt 0.966515 0.191134
vt 0.961624 0.198749
vt 0.970109 0.198749
vt 0.974376 0.192624
vt 0.843468 0.332496
vt 0.826585 0.332496
vt 0.821355 0.338551
vt 0.899682 0.815777
vt 0.909238 0.816870
vt 0.899978 0.819454
vt 0.909579 0.820183
vt 0.900157 0.823138
vt 0.909784 0.823502
vt 0.900216 0.826826
vt 0.909853 0.826826
vt 0.900157 0.830513
vt 0.909784 0.830149
vt 0.906982 0.806441
vt 0.898084 0.804786
vt 0.793011 0.444212
vt 0.820296 0.444252
vt 0.908762 0.840082
vt 0.899268 0.841540
vt 0.909238 0.836781
vt 0.899682 0.837874
vt 0.899978 0.834197
vt 0.909579 0.833469
vt 0.850038 0.570905
vt 0.849230 0.567667
vt 0.848600 0.564396
vt 0.847877 0.557792
vt 0.847786 0.554474
vt 0.829562 0.554474
vt 0.848148 0.561102
vt 0.851022 0.534843
vt 0.846453 0.528262
vt 0.829562 0.528262
vt 0.850038 0.538042
vt 0.849230 0.541280
vt 0.848600 0.544551
vt 0.847877 0.551155
vt 0.826584 0.384919
vt 0.843468 0.384919
vt 0.821355 0.378864
vt 0.822915 0.375162
vt 0.823723 0.371919
vt 0.824353 0.368644
vt 0.843468 0.358707
vt 0.824805 0.365345
vt 0.822915 0.342252
vt 0.823723 0.345496
vt 0.824353 0.348771
vt 0.825076 0.355384
vt 0.825167 0.358707
vt 0.824805 0.352070
vt 0.825076 0.362030
vt 0.156146 0.040343
vt 0.149968 0.040343
vt 0.848148 0.547845
s 1
usemtl DefaultMaterial
f 3366/2670/1533 3363/2671/1534 3364/2672/1534
f 3364/2672/1534 3365/2673/1534 3366/2670/1533
s 0
f 3370/2674/1535 3367/2675/1535 3368/2676/1535
f 3368/2676/1536 3369/2677/1536 3370/2674/1536
f 3374/2678/1537 3371/2679/1537 3372/2680/1537
f 3372/2680/1537 3373/2681/1537 3374/2678/1537
f 3378/2670/1538 3375/2682/1538 3376/2683/1538
f 3376/2683/1538 3377/2671/1538 3378/2670/1538
s 1
f 3382/2684/1539 3379/2685/1540 3380/2686/1541
f 3380/2686/1541 3381/2687/1542 3382/2684/1539
s 0
f 3386/2688/1543 3383/2689/1543 3384/2690/1543
f 3384/2690/1543 3385/2691/1543 3386/2688/1543
s 1
f 3390/2692/1544 3387/2693/1545 3388/2694/1546
f 3388/2694/1546 3389/2695/1547 3390/2692/1544
f 3387/2693/1545 3391/2696/1548 3392/2697/1549
f 3392/2697/1549 3388/2694/1546 3387/2693/1545
f 3391/2696/1548 3393/2698/1550 3394/2699/1551
f 3394/2699/1551 3392/2697/1549 3391/2696/1548
f 3393/2698/1550 3395/2700/1552 3396/2701/1553
f 3396/2701/1553 3394/2699/1551 3393/2698/1550
f 3395/2700/1552 3397/2702/1554 3398/2703/1555
f 3398/2703/1555 3396/2701/1553 3395/2700/1552
f 3397/2702/1554 3399/2704/1556 3400/2705/1557
f 3400/2705/1557 3398/2703/1555 3397/2702/1554
f 3399/2704/1556 3401/2706/1558 3402/2707/1559
f 3402/2707/1559 3400/2705/1557 3399/2704/1556
f 3401/2706/1558 3403/2708/1560 3404/2709/1561
f 3404/2709/1561 3402/2707/1559 3401/2706/1558
f 3403/2708/1560 3405/2710/1562 3406/2711/1563
f 3406/2711/1563 3404/2709/1561 3403/2708/1560
f 3405/2710/1562 3407/2712/1564 3408/2713/1565
f 3408/2713/1565 3406/2711/1563 3405/2710/1562
f 3407/2712/1564 3409/2714/1566 3410/2715/1567
f 3410/2715/1567 3408/2713/1565 3407/2712/1564
f 3409/2714/1566 3411/2716/1568 3412/2717/1569
f 3412/2717/1569 3410/2715/1567 3409/2714/1566
s 0
f 3416/2718/1570 3413/2719/1570 3414/2720/1570
f 3414/2720/1570 3415/2721/1570 3416/2718/1570
s 1
f 3420/2722/1571 3417/2723/1572 3418/2724/1573
f 3418/2724/1573 3419/2725/1574 3420/2722/1571
s 0
f 3424/2726/1575 3421/2727/1575 3422/2728/1575
f 3422/2728/1575 3423/2729/1575 3424/2726/1575
f 3428/2729/1576 3425/2728/1576 3426/2730/1576
f 3426/2730/1576 3427/2731/1576 3428/2729/1576
f 3432/2731/1577 3429/2730/1577 3430/2732/1577
f 3430/2732/1577 3431/2733/1577 3432/2731/1577
f 3436/2733/1578 3433/2732/1578 3434/2734/1578
f 3434/2734/1578 3435/2735/1578 3436/2733/1578
f 3440/2735/1579 3437/2734/1579 3438/2736/1579
f 3438/2736/1579 3439/2737/1579 3440/2735/1579
f 3444/2737/1580 3441/2736/1580 3442/2738/1580
f 3442/2738/1580 3443/2739/1580 3444/2737/1580
f 3448/2739/1581 3445/2738/1581 3446/2740/1581
f 3446/2740/1581 3447/2741/1581 3448/2739/1581
f 3452/2741/1582 3449/2740/1582 3450/2742/1582
f 3450/2742/1582 3451/2743/1582 3452/2741/1582
f 3456/2743/1583 3453/2742/1583 3454/2744/1583
f 3454/2744/1584 3455/2745/1584 3456/2743/1584
f 3460/2745/1585 3457/2744/1585 3458/2675/1585
f 3458/2675/1585 3459/2674/1585 3460/2745/1585
f 3464/2746/1586 3461/2747/1586 3462/2748/1586
f 3462/2748/1586 3463/2749/1586 3464/2746/1586
f 3468/2750/1587 3465/2751/1587 3466/2752/1587
f 3466/2752/1587 3467/2753/1587 3468/2750/1587
s 1
f 3472/2678/1588 3469/2754/1589 3470/2755/1588
f 3470/2755/1588 3471/2679/1588 3472/2678/1588
f 3476/2756/1590 3473/2757/1591 3474/2758/1591
f 3474/2758/1591 3475/2759/1592 3476/2756/1590
f 3480/2760/1593 3477/2761/1593 3478/2762/1594
f 3478/2762/1594 3479/2763/1595 3480/2760/1593
s 0
f 3481/2764/1596 3482/2765/1596 3483/2766/1596
f 3487/2767/1597 3484/2688/1597 3485/2691/1597
f 3485/2691/1597 3486/2768/1597 3487/2767/1597
f 3491/2769/1598 3488/2767/1598 3489/2768/1598
f 3489/2768/1598 3490/2770/1598 3491/2769/1598
s 1
f 3495/2771/1599 3492/2769/1599 3493/2770/1599
s 0
f 3493/2770/1599 3494/2772/1599 3495/2771/1599
f 3499/2773/1600 3496/2771/1600 3497/2772/1600
f 3497/2772/1600 3498/2774/1600 3499/2773/1600
f 3503/2775/1601 3500/2773/1601 3501/2774/1601
f 3501/2774/1601 3502/2776/1601 3503/2775/1601
f 3507/2777/1602 3504/2775/1602 3505/2776/1602
f 3505/2776/1602 3506/2778/1602 3507/2777/1602
f 3511/2779/1603 3508/2777/1603 3509/2778/1603
f 3509/2778/1603 3510/2780/1603 3511/2779/1603
f 3515/2781/1604 3512/2782/1604 3513/2783/1604
f 3513/2783/1604 3514/2784/1604 3515/2781/1604
f 3519/2782/1605 3516/2785/1605 3517/2786/1605
f 3517/2786/1605 3518/2783/1605 3519/2782/1605
f 3523/2787/1606 3520/2779/1606 3521/2780/1606
s 1
f 3521/2780/1606 3522/2788/1606 3523/2787/1606
s 0
f 3527/2785/1607 3524/2787/1607 3525/2788/1607
f 3525/2788/1608 3526/2786/1608 3527/2785/1608
s 1
f 3531/2789/1609 3528/2790/1609 3529/2791/1609
f 3529/2791/1609 3530/2792/1609 3531/2789/1609
f 3535/2793/1610 3532/2794/1610 3533/2795/1610
f 3533/2795/1610 3534/2796/1610 3535/2793/1610
s 0
f 3536/2797/1611 3537/2798/1611 3538/2799/1611
s 1
f 3540/2800/1612 3539/2801/1613 3417/2723/1572
f 3417/2723/1572 3420/2722/1571 3540/2800/1612
f 3542/2802/1614 3541/2803/1615 3539/2801/1613
f 3539/2801/1613 3540/2800/1612 3542/2802/1614
f 3544/2804/1616 3543/2805/1617 3541/2803/1615
f 3541/2803/1615 3542/2802/1614 3544/2804/1616
f 3546/2806/1618 3545/2807/1619 3543/2805/1617
f 3543/2805/1617 3544/2804/1616 3546/2806/1618
f 3548/2808/1620 3547/2809/1621 3545/2807/1619
f 3545/2807/1619 3546/2806/1618 3548/2808/1620
f 3419/2725/1574 3418/2724/1573 3549/2810/1622
f 3549/2810/1622 3550/2811/1623 3419/2725/1574
s 0
f 3554/2726/1624 3551/2812/1624 3552/2813/1624
f 3552/2813/1625 3553/2727/1625 3554/2726/1625
s 1
f 3382/2684/1539 3381/2687/1542 3555/2814/1626
f 3555/2814/1626 3556/2815/1627 3382/2684/1539
f 3556/2815/1627 3555/2814/1626 3557/2816/1628
f 3557/2816/1628 3558/2817/1629 3556/2815/1627
f 3560/2818/1630 3559/2819/1631 3547/2809/1621
f 3547/2809/1621 3548/2808/1620 3560/2818/1630
f 3558/2817/1629 3557/2816/1628 3559/2819/1631
f 3559/2819/1631 3560/2818/1630 3558/2817/1629
s 0
f 3562/2672/1570 3561/2683/1570 3414/2720/1570
f 3414/2720/1570 3413/2719/1570 3562/2672/1570
f 3563/2671/1570 3564/2683/1570 3565/2672/1570
f 3566/2679/1586 3567/2755/1586 3568/2680/1586
f 3570/2680/1586 3569/2755/1586 3461/2747/1586
f 3461/2747/1586 3464/2746/1586 3570/2680/1586
f 3481/2764/1596 3483/2766/1596 3571/2820/1596
f 3481/2764/1596 3571/2820/1596 3572/2821/1596
f 3481/2764/1596 3572/2821/1596 3573/2822/1596
f 3574/2823/1596 3575/2824/1596 3576/2825/1596
f 3481/2764/1596 3573/2822/1596 3577/2826/1596
f 3577/2826/1596 3576/2825/1596 3481/2764/1596
f 3581/2827/1596 3578/2828/1596 3579/2829/1596
f 3579/2829/1596 3580/2830/1596 3581/2827/1596
f 3580/2830/1596 3579/2829/1596 3582/2831/1596
f 3582/2831/1596 3579/2829/1596 3583/2832/1596
f 3575/2824/1596 3584/2833/1596 3576/2825/1596
f 3585/2834/1611 3586/2835/1611 3587/2836/1611
f 3587/2836/1611 3586/2835/1611 3588/2837/1611
f 3588/2837/1611 3586/2835/1611 3589/2838/1611
f 3590/2838/1611 3586/2835/1611 3591/2839/1611
f 3593/2840/1611 3592/2841/1611 3591/2839/1611
f 3591/2839/1611 3586/2835/1611 3593/2840/1611
f 3536/2797/1611 3538/2799/1611 3594/2842/1611
f 3536/2797/1611 3595/2842/1611 3596/2843/1611
f 3597/2797/1611 3598/2843/1611 3599/2844/1611
f 3600/2845/1611 3601/2846/1611 3593/2840/1611
f 3602/2847/1611 3600/2845/1611 3593/2840/1611
f 3603/2848/1611 3592/2841/1611 3593/2840/1611
f 3605/2849/1587 3604/2850/1587 3465/2751/1587
f 3465/2751/1587 3468/2750/1587 3605/2849/1587
f 3601/2846/1611 3603/2848/1611 3593/2840/1611
f 3577/2826/1596 3574/2823/1596 3576/2825/1596
f 3536/2797/1611 3606/2844/1611 3602/2847/1611
f 3602/2847/1611 3593/2840/1611 3536/2797/1611
f 3607/2851/1596 3576/2825/1596 3584/2833/1596
f 3607/2851/1596 3583/2832/1596 3579/2829/1596
f 3579/2829/1596 3576/2825/1596 3607/2851/1596
o defaultMaterial.014
v -0.680311 -0.223813 -0.676011
v -0.613972 -0.186247 -0.613971
v -0.846951 -0.186572 -0.613864
v -0.846951 -0.223813 -0.676011
v -0.845674 0.155895 -0.622371
v -0.622371 0.155896 -0.622370
v -0.613972 0.186247 -0.613971
v -0.846951 0.186572 -0.613864
v -0.680311 0.223814 -0.676011
v -0.613972 0.186247 -0.613971
v -0.613972 0.186247 -0.847594
v -0.680311 0.223814 -0.847601
v -0.613972 -0.186246 -0.847595
v -0.613972 -0.186247 -0.613971
v -0.680311 -0.223813 -0.676011
v -0.680311 -0.223813 -0.847602
v -0.846951 -0.186572 -0.613864
v -0.845674 -0.155896 -0.622370
v -0.896688 -0.140504 -0.684541
v -0.896688 -0.172112 -0.671223
v -0.613972 0.186247 -0.613971
v -0.622371 0.155896 -0.622370
v -0.622371 0.155896 -0.847520
v -0.613972 0.186247 -0.847594
v -0.622371 -0.155895 -0.847520
v -0.613972 -0.186246 -0.847595
v -0.676142 -0.167621 -0.897338
v -0.684541 -0.140305 -0.897338
v -0.629271 -0.125169 -0.847459
v -0.691441 -0.112652 -0.897338
v -0.634655 -0.094141 -0.847412
v -0.696825 -0.084727 -0.897338
v -0.638509 -0.062887 -0.847378
v -0.700680 -0.056598 -0.897338
v -0.640826 -0.031481 -0.847357
v -0.702996 -0.028333 -0.897338
v -0.641599 0.000001 -0.847351
v -0.703769 0.000001 -0.897338
v -0.640826 0.031483 -0.847357
v -0.702996 0.028334 -0.897338
v -0.638509 0.062888 -0.847378
v -0.700680 0.056600 -0.897338
v -0.634655 0.094143 -0.847412
v -0.696825 0.084729 -0.897338
v -0.629271 0.125170 -0.847459
v -0.691441 0.112653 -0.897338
v -0.622371 0.155896 -0.847520
v -0.684541 0.140307 -0.897338
v -0.613972 0.186247 -0.847594
v -0.676142 0.167622 -0.897338
v -0.896688 -0.223813 -0.715876
v -0.896688 -0.223813 -0.860036
v -0.859385 -0.223813 -0.897338
v -0.715154 -0.223813 -0.897338
v -0.896688 0.112810 -0.691441
v -0.844637 0.125169 -0.629271
v -0.845674 0.155895 -0.622371
v -0.896688 0.140503 -0.684541
v -0.845674 -0.155896 -0.622370
v -0.622371 -0.155895 -0.622371
v -0.629271 -0.125170 -0.629270
v -0.844637 -0.125170 -0.629270
v -0.844637 -0.125170 -0.629270
v -0.629271 -0.125170 -0.629270
v -0.634654 -0.094143 -0.634654
v -0.843829 -0.094143 -0.634654
v -0.843829 -0.094143 -0.634654
v -0.634654 -0.094143 -0.634654
v -0.638509 -0.062887 -0.638509
v -0.843250 -0.062888 -0.638509
v -0.843250 -0.062888 -0.638509
v -0.638509 -0.062887 -0.638509
v -0.640826 -0.031481 -0.640826
v -0.842902 -0.031483 -0.640826
v -0.842902 -0.031483 -0.640826
v -0.640826 -0.031481 -0.640826
v -0.641599 0.000001 -0.641599
v -0.842786 -0.000001 -0.641599
v -0.842786 -0.000001 -0.641599
v -0.641599 0.000001 -0.641599
v -0.640826 0.031482 -0.640826
v -0.842902 0.031481 -0.640826
v -0.842902 0.031481 -0.640826
v -0.640826 0.031482 -0.640826
v -0.638509 0.062888 -0.638509
v -0.843250 0.062887 -0.638509
v -0.843250 0.062887 -0.638509
v -0.638509 0.062888 -0.638509
v -0.634655 0.094143 -0.634654
v -0.843829 0.094141 -0.634654
v -0.843829 0.094141 -0.634654
v -0.634655 0.094143 -0.634654
v -0.629271 0.125170 -0.629270
v -0.844637 0.125169 -0.629271
v -0.844637 0.125169 -0.629271
v -0.629271 0.125170 -0.629270
v -0.622371 0.155896 -0.622370
v -0.845674 0.155895 -0.622371
v -0.896688 0.223814 -0.715878
v -0.715154 0.223814 -0.897338
v -0.859385 0.223814 -0.897338
v -0.896688 0.223814 -0.860035
v -0.896688 -0.000000 -0.860036
v -0.859385 0.000000 -0.897338
v -0.859385 -0.223813 -0.897338
v -0.896688 -0.223813 -0.860036
v -0.846951 0.186572 -0.613864
v -0.613972 0.186247 -0.613971
v -0.680311 0.223814 -0.676011
v -0.846951 0.223814 -0.676011
v -0.715154 0.223814 -0.897338
v -0.680311 0.223814 -0.847601
v -0.613972 0.186247 -0.847594
v -0.676142 0.167622 -0.897338
v -0.680311 -0.223813 -0.847602
v -0.715154 -0.223813 -0.897338
v -0.676142 -0.167621 -0.897338
v -0.613972 -0.186246 -0.847595
v -0.859385 -0.223813 -0.897338
v -0.676142 -0.167621 -0.897338
v -0.715154 -0.223813 -0.897338
v -0.622371 0.155896 -0.622370
v -0.629271 0.125170 -0.629270
v -0.629271 0.125170 -0.847459
v -0.622371 0.155896 -0.847520
v -0.629271 0.125170 -0.629270
v -0.634655 0.094143 -0.634654
v -0.634655 0.094143 -0.847412
v -0.629271 0.125170 -0.847459
v -0.634655 0.094143 -0.634654
v -0.638509 0.062888 -0.638509
v -0.638509 0.062888 -0.847378
v -0.634655 0.094143 -0.847412
v -0.638509 0.062888 -0.638509
v -0.640826 0.031482 -0.640826
v -0.640826 0.031483 -0.847357
v -0.638509 0.062888 -0.847378
v -0.640826 0.031482 -0.640826
v -0.641599 0.000001 -0.641599
v -0.641599 0.000001 -0.847351
v -0.640826 0.031483 -0.847357
v -0.641599 0.000001 -0.641599
v -0.640826 -0.031481 -0.640826
v -0.640826 -0.031481 -0.847357
v -0.641599 0.000001 -0.847351
v -0.640826 -0.031481 -0.640826
v -0.638509 -0.062887 -0.638509
v -0.638509 -0.062887 -0.847378
v -0.640826 -0.031481 -0.847357
v -0.622371 -0.155895 -0.622371
v -0.613972 -0.186247 -0.613971
v -0.613972 -0.186246 -0.847595
v -0.622371 -0.155895 -0.847520
v -0.629271 -0.125170 -0.629270
v -0.622371 -0.155895 -0.622371
v -0.622371 -0.155895 -0.847520
v -0.629271 -0.125169 -0.847459
v -0.638509 -0.062887 -0.638509
v -0.634654 -0.094143 -0.634654
v -0.634655 -0.094141 -0.847412
v -0.638509 -0.062887 -0.847378
v -0.634654 -0.094143 -0.634654
v -0.629271 -0.125170 -0.629270
v -0.629271 -0.125169 -0.847459
v -0.634655 -0.094141 -0.847412
v -0.896688 0.172112 -0.671225
v -0.846951 0.186572 -0.613864
v -0.846951 0.223814 -0.676011
v -0.896688 0.223814 -0.715878
v -0.846951 -0.186572 -0.613864
v -0.896688 -0.172112 -0.671223
v -0.896688 -0.223813 -0.715876
v -0.846951 -0.223813 -0.676011
v -0.896688 0.223814 -0.860035
v -0.896688 0.172112 -0.671225
v -0.896688 0.223814 -0.715878
v -0.896688 0.084846 -0.696825
v -0.843829 0.094141 -0.634654
v -0.896688 0.056678 -0.700680
v -0.843250 0.062887 -0.638509
v -0.896688 0.028373 -0.702996
v -0.842902 0.031481 -0.640826
v -0.896688 -0.000001 -0.703769
v -0.842786 -0.000001 -0.641599
v -0.896688 -0.028374 -0.702996
v -0.842902 -0.031483 -0.640826
v -0.846951 0.186572 -0.613864
v -0.896688 0.172112 -0.671225
v -0.613972 -0.186247 -0.613971
v -0.622371 -0.155895 -0.622371
v -0.845674 -0.155896 -0.622370
v -0.846951 -0.186572 -0.613864
v -0.844637 -0.125170 -0.629270
v -0.896688 -0.112812 -0.691441
v -0.843829 -0.094143 -0.634654
v -0.896688 -0.084848 -0.696824
v -0.896688 -0.056679 -0.700679
v -0.843250 -0.062888 -0.638509
v -0.680311 -0.223813 -0.847602
v -0.846951 -0.223813 -0.676011
v -0.680311 -0.223813 -0.676011
v -0.846951 -0.223813 -0.676011
v -0.680311 -0.223813 -0.847602
v -0.680311 0.223814 -0.676011
v -0.680311 0.223814 -0.847601
v -0.846951 0.223814 -0.676011
v -0.846951 0.223814 -0.676011
v -0.680311 0.223814 -0.847601
v -0.684541 -0.140305 -0.897338
v -0.691441 -0.112652 -0.897338
v -0.696825 -0.084727 -0.897338
v -0.702996 -0.028333 -0.897338
v -0.859385 0.000000 -0.897338
v -0.703769 0.000001 -0.897338
v -0.700680 -0.056598 -0.897338
v -0.715154 0.223814 -0.897338
v -0.676142 0.167622 -0.897338
v -0.684541 0.140307 -0.897338
v -0.859385 0.223814 -0.897338
v -0.691441 0.112653 -0.897338
v -0.696825 0.084729 -0.897338
v -0.702996 0.028334 -0.897338
v -0.896688 -0.223813 -0.715876
v -0.896688 -0.172112 -0.671223
v -0.896688 -0.223813 -0.860036
v -0.896688 -0.140504 -0.684541
v -0.896688 -0.112812 -0.691441
v -0.896688 -0.084848 -0.696824
v -0.896688 -0.056679 -0.700679
v -0.896688 -0.000000 -0.860036
v -0.896688 0.140503 -0.684541
v -0.896688 0.112810 -0.691441
v -0.896688 0.084846 -0.696825
v -0.896688 0.028373 -0.702996
v -0.896688 -0.000001 -0.703769
v -0.896688 0.056678 -0.700680
v -0.896688 -0.028374 -0.702996
v -0.896688 0.223814 -0.860035
v -0.859385 0.223814 -0.897338
v -0.700680 0.056600 -0.897338
vn 0.0008 -0.8568 0.5157
vn 0.0008 -0.8567 0.5157
vn -0.0000 -0.2669 0.9637
vn 0.0001 -0.2667 0.9638
vn 0.4928 0.8702 -0.0000
vn 0.4928 -0.8702 -0.0000
vn -0.8845 -0.1309 0.4478
vn -0.3558 -0.3086 0.8821
vn -0.3944 0.2496 0.8844
vn -0.9361 0.1005 0.3370
vn 0.9638 -0.2667 -0.0000
vn 0.3377 0.0872 -0.9372
vn 0.8825 0.2287 -0.4110
vn 0.8746 -0.3252 -0.3597
vn 0.4176 -0.1266 -0.8998
vn 0.3339 0.0684 -0.9401
vn 0.8890 0.1829 -0.4197
vn 0.3309 0.0506 -0.9423
vn 0.8941 0.1371 -0.4263
vn 0.3288 0.0334 -0.9438
vn 0.8977 0.0914 -0.4309
vn 0.3276 0.0166 -0.9447
vn 0.8999 0.0457 -0.4337
vn 0.3272 -0.0000 -0.9450
vn 0.9006 -0.0000 -0.4346
vn 0.3276 -0.0166 -0.9447
vn 0.8999 -0.0456 -0.4337
vn 0.3289 -0.0334 -0.9438
vn 0.8977 -0.0914 -0.4310
vn 0.3309 -0.0506 -0.9423
vn 0.8941 -0.1371 -0.4263
vn 0.3339 -0.0685 -0.9401
vn 0.8891 -0.1828 -0.4197
vn 0.3377 -0.0872 -0.9372
vn 0.8825 -0.2287 -0.4109
vn 0.4176 0.1266 -0.8998
vn 0.8746 0.3252 -0.3597
vn -0.0000 -1.0000 -0.0000
vn -0.9362 -0.1005 0.3369
vn -0.9359 -0.0761 0.3438
vn -0.4084 -0.1898 0.8929
vn -0.3945 -0.2496 0.8844
vn -0.0000 0.2191 0.9757
vn -0.0000 0.1710 0.9853
vn -0.0000 0.1224 0.9925
vn -0.0000 0.0736 0.9973
vn -0.0000 0.0245 0.9997
vn -0.0000 -0.0245 0.9997
vn -0.0000 -0.0736 0.9973
vn -0.0000 -0.1224 0.9925
vn -0.0000 -0.1709 0.9853
vn -0.0000 -0.1710 0.9853
vn -0.0000 -0.2191 0.9757
vn -0.0000 1.0000 -0.0000
vn -0.7071 -0.0000 -0.7071
vn 0.0008 0.8568 0.5156
vn 0.0008 0.8567 0.5158
vn 0.0008 0.8568 0.5157
vn 0.5221 0.5867 -0.6190
vn 0.5222 0.5866 -0.6190
vn 0.5221 0.5867 -0.6191
vn 0.5221 -0.5866 -0.6190
vn 0.5222 -0.5867 -0.6190
vn 0.5221 -0.5867 -0.6190
vn 0.5221 -0.5866 -0.6191
vn -0.0000 -0.0000 -1.0000
vn 0.9757 -0.2191 -0.0000
vn 0.9853 -0.1710 -0.0000
vn 0.9925 -0.1224 -0.0000
vn 0.9973 -0.0736 -0.0000
vn 0.9997 -0.0245 -0.0000
vn 0.9997 0.0245 -0.0000
vn 0.9973 0.0736 -0.0000
vn 0.9638 0.2667 -0.0000
vn 0.9757 0.2191 -0.0000
vn 0.9925 0.1224 -0.0000
vn 0.9853 0.1709 -0.0000
vn 0.9853 0.1710 -0.0000
vn -0.5934 0.6185 0.5151
vn -0.5934 -0.6185 0.5151
vn -1.0000 -0.0000 -0.0000
vn -0.9373 -0.0568 0.3440
vn -0.4122 -0.1426 0.8998
vn -0.9382 -0.0378 0.3441
vn -0.4149 -0.0952 0.9049
vn -0.9387 -0.0188 0.3441
vn -0.4165 -0.0477 0.9079
vn -0.9389 -0.0000 0.3442
vn -0.4170 -0.0000 0.9089
vn -0.9387 0.0188 0.3442
vn -0.4165 0.0476 0.9079
vn -0.8845 0.1309 0.4478
vn -0.3559 0.3087 0.8821
vn -0.0000 0.2672 0.9636
vn -0.0000 0.2669 0.9637
vn -0.9359 0.0761 0.3439
vn -0.4084 0.1898 0.8928
vn -0.9373 0.0568 0.3440
vn -0.4122 0.1426 0.8998
vn -0.9382 0.0378 0.3441
vn -0.4149 0.0952 0.9049
vt 0.584578 0.274755
vt 0.598514 0.261430
vt 0.598835 0.249917
vt 0.578628 0.268407
vt 0.809019 0.215815
vt 0.809169 0.219544
vt 0.835321 0.219543
vt 0.836304 0.215855
vt 0.728647 0.511467
vt 0.714323 0.525206
vt 0.714643 0.536718
vt 0.734915 0.518138
vt 0.612839 0.275169
vt 0.619106 0.268497
vt 0.951417 0.753465
vt 0.960315 0.755119
vt 0.959660 0.751446
vt 0.950246 0.749622
vt 0.462797 0.303983
vt 0.435436 0.303983
vt 0.436420 0.307671
vt 0.462788 0.307671
vt 0.966631 0.512286
vt 0.957300 0.514105
vt 0.956546 0.517715
vt 0.965873 0.515546
vt 0.967256 0.509007
vt 0.957921 0.510469
vt 0.967746 0.505712
vt 0.958407 0.506814
vt 0.968097 0.502406
vt 0.958756 0.503142
vt 0.968308 0.499091
vt 0.958966 0.499460
vt 0.968378 0.495773
vt 0.959036 0.495773
vt 0.968308 0.492454
vt 0.958966 0.492085
vt 0.968097 0.489139
vt 0.958756 0.488403
vt 0.967746 0.485833
vt 0.958407 0.484731
vt 0.967256 0.482538
vt 0.957921 0.481076
vt 0.966631 0.479259
vt 0.957300 0.477440
vt 0.965873 0.475999
vt 0.956546 0.473830
vt 0.614083 0.282236
vt 0.583753 0.282242
vt 0.595798 0.294287
vt 0.602032 0.294287
vt 0.950246 0.716537
vt 0.949637 0.719824
vt 0.959131 0.718366
vt 0.959660 0.714714
vt 0.809290 0.252736
vt 0.809169 0.256424
vt 0.835321 0.256424
vt 0.834513 0.252736
vt 0.809385 0.249048
vt 0.833882 0.249048
vt 0.809453 0.245360
vt 0.833431 0.245360
vt 0.809493 0.241672
vt 0.833159 0.241672
vt 0.809507 0.237984
vt 0.833069 0.237984
vt 0.809493 0.234296
vt 0.833159 0.234296
vt 0.809453 0.230608
vt 0.833431 0.230608
vt 0.809385 0.226920
vt 0.833882 0.226920
vt 0.809290 0.223232
vt 0.834513 0.223231
vt 0.711607 0.492348
vt 0.699562 0.504393
vt 0.729892 0.504400
vt 0.717840 0.492348
vt 0.967763 0.899390
vt 0.967763 0.873178
vt 0.961585 0.873178
vt 0.961585 0.899390
vt 0.700386 0.511880
vt 0.694437 0.518228
vt 0.983994 0.472523
vt 0.976363 0.470084
vt 0.976534 0.477194
vt 0.983994 0.482099
vt 0.973819 0.120609
vt 0.968736 0.113268
vt 0.961624 0.113268
vt 0.964245 0.120839
vt 0.844618 0.320561
vt 0.823158 0.313980
vt 0.827727 0.320560
vt 0.437228 0.311359
vt 0.462781 0.311359
vt 0.437859 0.315047
vt 0.462776 0.315047
vt 0.438310 0.318735
vt 0.462772 0.318735
vt 0.438582 0.322423
vt 0.462769 0.322423
vt 0.438672 0.326111
vt 0.462768 0.326111
vt 0.438582 0.329799
vt 0.462769 0.329799
vt 0.438310 0.333487
vt 0.462772 0.333487
vt 0.462789 0.344551
vt 0.436420 0.344552
vt 0.435437 0.348240
vt 0.462797 0.348239
vt 0.462781 0.340863
vt 0.437228 0.340864
vt 0.437859 0.337175
vt 0.462776 0.337175
vt 0.912737 0.634303
vt 0.914228 0.626442
vt 0.906612 0.621550
vt 0.906612 0.630035
vt 0.989500 0.175886
vt 0.982361 0.171300
vt 0.982361 0.180351
vt 0.989780 0.183345
vt 0.813396 0.642287
vt 0.835508 0.648343
vt 0.830278 0.642288
vt 0.949161 0.723125
vt 0.958717 0.722032
vt 0.948820 0.726437
vt 0.958421 0.725708
vt 0.948615 0.729756
vt 0.958242 0.729392
vt 0.948546 0.733080
vt 0.958183 0.733080
vt 0.948615 0.736403
vt 0.958242 0.736767
vt 0.951417 0.712695
vt 0.960315 0.711040
vt 0.809019 0.260152
vt 0.836304 0.260112
vt 0.949637 0.746336
vt 0.959131 0.747794
vt 0.949161 0.743035
vt 0.958717 0.744128
vt 0.948820 0.739723
vt 0.958421 0.740451
vt 0.824142 0.310781
vt 0.824950 0.307542
vt 0.825580 0.304272
vt 0.826303 0.297667
vt 0.844618 0.294349
vt 0.826394 0.294349
vt 0.826032 0.300977
vt 0.844618 0.268137
vt 0.827727 0.268137
vt 0.823158 0.274718
vt 0.824142 0.277917
vt 0.824950 0.281156
vt 0.825580 0.284426
vt 0.826303 0.291031
vt 0.830278 0.694711
vt 0.835508 0.688656
vt 0.813395 0.694711
vt 0.833948 0.684954
vt 0.833140 0.681711
vt 0.832510 0.678436
vt 0.832058 0.675137
vt 0.813395 0.668499
vt 0.833948 0.652045
vt 0.833140 0.655288
vt 0.832510 0.658563
vt 0.831787 0.665177
vt 0.831696 0.668499
vt 0.832058 0.661862
vt 0.831787 0.671822
vt 0.967763 0.846967
vt 0.961585 0.846967
vt 0.826032 0.287720
s 1
usemtl DefaultMaterial
f 3611/2852/1632 3608/2853/1632 3609/2854/1633
f 3609/2854/1633 3610/2855/1632 3611/2852/1632
s 0
f 3615/2856/1634 3612/2857/1634 3613/2858/1634
f 3613/2858/1635 3614/2859/1635 3615/2856/1635
f 3619/2860/1636 3616/2861/1636 3617/2862/1636
f 3617/2862/1636 3618/2863/1636 3619/2860/1636
f 3623/2864/1637 3620/2865/1637 3621/2854/1637
f 3621/2854/1637 3622/2853/1637 3623/2864/1637
s 1
f 3627/2866/1638 3624/2867/1639 3625/2868/1640
f 3625/2868/1640 3626/2869/1641 3627/2866/1638
s 0
f 3631/2870/1642 3628/2871/1642 3629/2872/1642
f 3629/2872/1642 3630/2873/1642 3631/2870/1642
s 1
f 3635/2874/1643 3632/2875/1644 3633/2876/1645
f 3633/2876/1645 3634/2877/1646 3635/2874/1643
f 3637/2878/1647 3636/2879/1648 3632/2875/1644
f 3632/2875/1644 3635/2874/1643 3637/2878/1647
f 3639/2880/1649 3638/2881/1650 3636/2879/1648
f 3636/2879/1648 3637/2878/1647 3639/2880/1649
f 3641/2882/1651 3640/2883/1652 3638/2881/1650
f 3638/2881/1650 3639/2880/1649 3641/2882/1651
f 3643/2884/1653 3642/2885/1654 3640/2883/1652
f 3640/2883/1652 3641/2882/1651 3643/2884/1653
f 3645/2886/1655 3644/2887/1656 3642/2885/1654
f 3642/2885/1654 3643/2884/1653 3645/2886/1655
f 3647/2888/1657 3646/2889/1658 3644/2887/1656
f 3644/2887/1656 3645/2886/1655 3647/2888/1657
f 3649/2890/1659 3648/2891/1660 3646/2889/1658
f 3646/2889/1658 3647/2888/1657 3649/2890/1659
f 3651/2892/1661 3650/2893/1662 3648/2891/1660
f 3648/2891/1660 3649/2890/1659 3651/2892/1661
f 3653/2894/1663 3652/2895/1664 3650/2893/1662
f 3650/2893/1662 3651/2892/1661 3653/2894/1663
f 3655/2896/1665 3654/2897/1666 3652/2895/1664
f 3652/2895/1664 3653/2894/1663 3655/2896/1665
f 3657/2898/1667 3656/2899/1668 3654/2897/1666
f 3654/2897/1666 3655/2896/1665 3657/2898/1667
s 0
f 3661/2900/1669 3658/2901/1669 3659/2902/1669
f 3659/2902/1669 3660/2903/1669 3661/2900/1669
s 1
f 3665/2904/1670 3662/2905/1671 3663/2906/1672
f 3663/2906/1672 3664/2907/1673 3665/2904/1670
s 0
f 3669/2908/1674 3666/2909/1674 3667/2910/1674
f 3667/2910/1674 3668/2911/1674 3669/2908/1674
f 3673/2912/1675 3670/2908/1675 3671/2911/1675
f 3671/2911/1675 3672/2913/1675 3673/2912/1675
f 3677/2914/1676 3674/2912/1676 3675/2913/1676
f 3675/2913/1676 3676/2915/1676 3677/2914/1676
f 3681/2916/1677 3678/2914/1677 3679/2915/1677
f 3679/2915/1677 3680/2917/1677 3681/2916/1677
f 3685/2918/1678 3682/2916/1678 3683/2917/1678
f 3683/2917/1678 3684/2919/1678 3685/2918/1678
f 3689/2920/1679 3686/2918/1679 3687/2919/1679
f 3687/2919/1679 3688/2921/1679 3689/2920/1679
f 3693/2922/1680 3690/2920/1680 3691/2921/1680
f 3691/2921/1680 3692/2923/1680 3693/2922/1680
f 3697/2924/1681 3694/2922/1681 3695/2923/1681
s 1
f 3695/2923/1681 3696/2925/1681 3697/2924/1681
s 0
f 3701/2926/1682 3698/2924/1682 3699/2925/1682
f 3699/2925/1683 3700/2927/1683 3701/2926/1683
f 3705/2857/1684 3702/2926/1684 3703/2927/1684
f 3703/2927/1684 3704/2858/1684 3705/2857/1684
f 3709/2928/1685 3706/2929/1685 3707/2930/1685
f 3707/2930/1685 3708/2931/1685 3709/2928/1685
f 3713/2932/1686 3710/2933/1686 3711/2934/1686
f 3711/2934/1686 3712/2935/1686 3713/2932/1686
s 1
f 3717/2936/1687 3714/2937/1687 3715/2862/1688
f 3715/2862/1688 3716/2861/1689 3717/2936/1687
f 3721/2938/1690 3718/2939/1691 3719/2940/1690
f 3719/2940/1690 3720/2941/1692 3721/2938/1690
f 3725/2942/1693 3722/2943/1694 3723/2944/1695
f 3723/2944/1695 3724/2945/1696 3725/2942/1693
s 0
f 3726/2946/1697 3727/2947/1697 3728/2948/1697
f 3732/2873/1698 3729/2872/1698 3730/2949/1698
f 3730/2949/1698 3731/2950/1698 3732/2873/1698
f 3736/2950/1699 3733/2949/1699 3734/2951/1699
f 3734/2951/1699 3735/2952/1699 3736/2950/1699
f 3740/2952/1700 3737/2951/1700 3738/2953/1700
f 3738/2953/1700 3739/2954/1700 3740/2952/1700
f 3744/2954/1701 3741/2953/1701 3742/2955/1701
f 3742/2955/1701 3743/2956/1701 3744/2954/1701
f 3748/2956/1702 3745/2955/1702 3746/2957/1702
f 3746/2957/1702 3747/2958/1702 3748/2956/1702
f 3752/2958/1703 3749/2957/1703 3750/2959/1703
f 3750/2959/1703 3751/2960/1703 3752/2958/1703
f 3756/2960/1704 3753/2959/1704 3754/2961/1704
f 3754/2961/1704 3755/2962/1704 3756/2960/1704
f 3760/2963/1705 3757/2964/1705 3758/2965/1705
f 3758/2965/1705 3759/2966/1705 3760/2963/1705
f 3764/2967/1706 3761/2968/1706 3762/2964/1706
f 3762/2964/1706 3763/2963/1706 3764/2967/1706
f 3768/2962/1707 3765/2961/1707 3766/2969/1707
f 3766/2969/1707 3767/2970/1707 3768/2962/1707
f 3772/2970/1708 3769/2969/1708 3770/2968/1708
f 3770/2968/1709 3771/2967/1709 3772/2970/1709
s 1
f 3776/2971/1710 3773/2972/1710 3774/2973/1710
f 3774/2973/1710 3775/2974/1710 3776/2971/1710
f 3780/2975/1711 3777/2976/1711 3778/2977/1711
f 3778/2977/1711 3779/2978/1711 3780/2975/1711
s 0
f 3781/2979/1712 3782/2980/1712 3783/2981/1712
s 1
f 3662/2905/1671 3784/2982/1713 3785/2983/1714
f 3785/2983/1714 3663/2906/1672 3662/2905/1671
f 3784/2982/1713 3786/2984/1715 3787/2985/1716
f 3787/2985/1716 3785/2983/1714 3784/2982/1713
f 3786/2984/1715 3788/2986/1717 3789/2987/1718
f 3789/2987/1718 3787/2985/1716 3786/2984/1715
f 3788/2986/1717 3790/2988/1719 3791/2989/1720
f 3791/2989/1720 3789/2987/1718 3788/2986/1717
f 3790/2988/1719 3792/2990/1721 3793/2991/1722
f 3793/2991/1722 3791/2989/1720 3790/2988/1719
f 3795/2992/1723 3665/2904/1670 3664/2907/1673
f 3664/2907/1673 3794/2993/1724 3795/2992/1723
s 0
f 3799/2994/1725 3796/2995/1725 3797/2910/1725
f 3797/2910/1726 3798/2909/1726 3799/2994/1726
s 1
f 3801/2996/1727 3626/2869/1641 3625/2868/1640
f 3625/2868/1640 3800/2997/1728 3801/2996/1727
f 3803/2998/1729 3801/2996/1727 3800/2997/1728
f 3800/2997/1728 3802/2999/1730 3803/2998/1729
f 3792/2990/1721 3804/3000/1731 3805/3001/1732
f 3805/3001/1732 3793/2991/1722 3792/2990/1721
f 3804/3000/1731 3803/2998/1729 3802/2999/1730
f 3802/2999/1730 3805/3001/1732 3804/3000/1731
s 0
f 3661/2900/1669 3806/2864/1669 3807/2852/1669
f 3807/2852/1669 3658/2901/1669 3661/2900/1669
f 3808/2853/1669 3809/2852/1669 3810/2864/1669
f 3811/2861/1685 3812/2860/1685 3813/2936/1685
f 3706/2929/1685 3814/2936/1685 3815/2860/1685
f 3815/2860/1685 3707/2930/1685 3706/2929/1685
f 3726/2946/1697 3816/3002/1697 3727/2947/1697
f 3726/2946/1697 3817/3003/1697 3816/3002/1697
f 3726/2946/1697 3818/3004/1697 3817/3003/1697
f 3819/3005/1697 3820/3006/1697 3821/3007/1697
f 3822/3008/1697 3818/3004/1697 3726/2946/1697
f 3726/2946/1697 3820/3006/1697 3822/3008/1697
f 3826/3009/1697 3823/3010/1697 3824/3011/1697
f 3824/3011/1697 3825/3012/1697 3826/3009/1697
f 3825/3012/1697 3827/3013/1697 3826/3009/1697
f 3827/3013/1697 3828/3014/1697 3826/3009/1697
f 3821/3007/1697 3820/3006/1697 3829/3015/1697
f 3830/3016/1712 3831/3017/1712 3832/3018/1712
f 3831/3017/1712 3833/3019/1712 3832/3018/1712
f 3833/3019/1712 3834/3020/1712 3832/3018/1712
f 3834/3020/1712 3835/3021/1712 3832/3018/1712
f 3835/3021/1712 3836/3022/1712 3837/3023/1712
f 3837/3023/1712 3832/3018/1712 3835/3021/1712
f 3781/2979/1712 3838/3024/1712 3782/2980/1712
f 3781/2979/1712 3839/3025/1712 3838/3024/1712
f 3781/2979/1712 3840/3026/1712 3839/3025/1712
f 3841/3027/1712 3837/3023/1712 3842/3028/1712
f 3843/3029/1712 3837/3023/1712 3841/3027/1712
f 3844/3030/1712 3837/3023/1712 3836/3022/1712
f 3710/2933/1686 3845/3031/1686 3846/3032/1686
f 3846/3032/1686 3711/2934/1686 3710/2933/1686
f 3842/3028/1712 3837/3023/1712 3844/3030/1712
f 3822/3008/1697 3820/3006/1697 3819/3005/1697
f 3843/3029/1712 3840/3026/1712 3781/2979/1712
f 3781/2979/1712 3837/3023/1712 3843/3029/1712
f 3847/3033/1697 3829/3015/1697 3820/3006/1697
f 3826/3009/1697 3828/3014/1697 3847/3033/1697
f 3847/3033/1697 3820/3006/1697 3826/3009/1697
o defaultMaterial.015
v -0.680311 -0.676011 0.223813
v -0.613972 -0.613971 0.186247
v -0.846951 -0.613863 0.186573
v -0.846951 -0.676011 0.223813
v -0.845674 -0.622371 -0.155894
v -0.622371 -0.622370 -0.155896
v -0.613972 -0.613971 -0.186247
v -0.846951 -0.613864 -0.186572
v -0.680311 -0.676011 -0.223814
v -0.613972 -0.613971 -0.186247
v -0.613972 -0.847594 -0.186247
v -0.680311 -0.847601 -0.223814
v -0.613972 -0.847594 0.186246
v -0.613972 -0.613971 0.186247
v -0.680311 -0.676011 0.223813
v -0.680311 -0.847601 0.223813
v -0.846951 -0.613863 0.186573
v -0.845674 -0.622370 0.155897
v -0.896688 -0.684541 0.140505
v -0.896688 -0.671223 0.172112
v -0.613972 -0.613971 -0.186247
v -0.622371 -0.622370 -0.155896
v -0.622371 -0.847520 -0.155896
v -0.613972 -0.847594 -0.186247
v -0.622371 -0.847520 0.155895
v -0.613972 -0.847594 0.186246
v -0.676142 -0.897338 0.167621
v -0.684542 -0.897338 0.140306
v -0.629271 -0.847459 0.125169
v -0.691441 -0.897338 0.112652
v -0.634655 -0.847412 0.094142
v -0.696825 -0.897338 0.084728
v -0.638510 -0.847378 0.062887
v -0.700680 -0.897338 0.056599
v -0.640826 -0.847357 0.031481
v -0.702996 -0.897338 0.028333
v -0.641599 -0.847350 -0.000000
v -0.703769 -0.897338 -0.000000
v -0.640826 -0.847357 -0.031482
v -0.702996 -0.897338 -0.028334
v -0.638509 -0.847378 -0.062888
v -0.700680 -0.897338 -0.056599
v -0.634655 -0.847412 -0.094143
v -0.696825 -0.897338 -0.084728
v -0.629271 -0.847459 -0.125170
v -0.691441 -0.897338 -0.112653
v -0.622371 -0.847520 -0.155896
v -0.684541 -0.897338 -0.140307
v -0.613972 -0.847594 -0.186247
v -0.676142 -0.897338 -0.167622
v -0.896688 -0.715876 0.223813
v -0.896688 -0.860035 0.223813
v -0.859385 -0.897338 0.223813
v -0.715154 -0.897338 0.223813
v -0.896688 -0.691441 -0.112810
v -0.844637 -0.629270 -0.125168
v -0.845674 -0.622371 -0.155894
v -0.896688 -0.684541 -0.140502
v -0.845674 -0.622370 0.155897
v -0.622371 -0.622370 0.155895
v -0.629271 -0.629270 0.125171
v -0.844637 -0.629270 0.125171
v -0.844637 -0.629270 0.125171
v -0.629271 -0.629270 0.125171
v -0.634654 -0.634654 0.094143
v -0.843829 -0.634654 0.094143
v -0.843829 -0.634654 0.094143
v -0.634654 -0.634654 0.094143
v -0.638510 -0.638509 0.062887
v -0.843250 -0.638509 0.062889
v -0.843250 -0.638509 0.062889
v -0.638510 -0.638509 0.062887
v -0.640826 -0.640825 0.031481
v -0.842902 -0.640825 0.031483
v -0.842902 -0.640825 0.031483
v -0.640826 -0.640825 0.031481
v -0.641599 -0.641598 -0.000000
v -0.842786 -0.641598 0.000001
v -0.842786 -0.641598 0.000001
v -0.641599 -0.641598 -0.000000
v -0.640826 -0.640825 -0.031482
v -0.842902 -0.640826 -0.031481
v -0.842902 -0.640826 -0.031481
v -0.640826 -0.640825 -0.031482
v -0.638509 -0.638509 -0.062888
v -0.843250 -0.638509 -0.062886
v -0.843250 -0.638509 -0.062886
v -0.638509 -0.638509 -0.062888
v -0.634655 -0.634654 -0.094142
v -0.843829 -0.634654 -0.094141
v -0.843829 -0.634654 -0.094141
v -0.634655 -0.634654 -0.094142
v -0.629271 -0.629270 -0.125170
v -0.844637 -0.629270 -0.125168
v -0.844637 -0.629270 -0.125168
v -0.629271 -0.629270 -0.125170
v -0.622371 -0.622370 -0.155896
v -0.845674 -0.622371 -0.155894
v -0.896688 -0.715878 -0.223814
v -0.715154 -0.897338 -0.223814
v -0.859385 -0.897338 -0.223814
v -0.896688 -0.860035 -0.223814
v -0.896688 -0.860035 0.000000
v -0.859385 -0.897338 0.000000
v -0.859385 -0.897338 0.223813
v -0.896688 -0.860035 0.223813
v -0.846951 -0.613864 -0.186572
v -0.613972 -0.613971 -0.186247
v -0.680311 -0.676011 -0.223814
v -0.846951 -0.676011 -0.223814
v -0.715154 -0.897338 -0.223814
v -0.680311 -0.847601 -0.223814
v -0.613972 -0.847594 -0.186247
v -0.676142 -0.897338 -0.167622
v -0.680311 -0.847601 0.223813
v -0.715154 -0.897338 0.223813
v -0.676142 -0.897338 0.167621
v -0.613972 -0.847594 0.186246
v -0.859385 -0.897338 0.223813
v -0.676142 -0.897338 0.167621
v -0.715154 -0.897338 0.223813
v -0.622371 -0.622370 -0.155896
v -0.629271 -0.629270 -0.125170
v -0.629271 -0.847459 -0.125170
v -0.622371 -0.847520 -0.155896
v -0.629271 -0.629270 -0.125170
v -0.634655 -0.634654 -0.094142
v -0.634655 -0.847412 -0.094143
v -0.629271 -0.847459 -0.125170
v -0.634655 -0.634654 -0.094142
v -0.638509 -0.638509 -0.062888
v -0.638509 -0.847378 -0.062888
v -0.634655 -0.847412 -0.094143
v -0.638509 -0.638509 -0.062888
v -0.640826 -0.640825 -0.031482
v -0.640826 -0.847357 -0.031482
v -0.638509 -0.847378 -0.062888
v -0.640826 -0.640825 -0.031482
v -0.641599 -0.641598 -0.000000
v -0.641599 -0.847350 -0.000000
v -0.640826 -0.847357 -0.031482
v -0.641599 -0.641598 -0.000000
v -0.640826 -0.640825 0.031481
v -0.640826 -0.847357 0.031481
v -0.641599 -0.847350 -0.000000
v -0.640826 -0.640825 0.031481
v -0.638510 -0.638509 0.062887
v -0.638510 -0.847378 0.062887
v -0.640826 -0.847357 0.031481
v -0.622371 -0.622370 0.155895
v -0.613972 -0.613971 0.186247
v -0.613972 -0.847594 0.186246
v -0.622371 -0.847520 0.155895
v -0.629271 -0.629270 0.125171
v -0.622371 -0.622370 0.155895
v -0.622371 -0.847520 0.155895
v -0.629271 -0.847459 0.125169
v -0.638510 -0.638509 0.062887
v -0.634654 -0.634654 0.094143
v -0.634655 -0.847412 0.094142
v -0.638510 -0.847378 0.062887
v -0.634654 -0.634654 0.094143
v -0.629271 -0.629270 0.125171
v -0.629271 -0.847459 0.125169
v -0.634655 -0.847412 0.094142
v -0.896688 -0.671224 -0.172111
v -0.846951 -0.613864 -0.186572
v -0.846951 -0.676011 -0.223814
v -0.896688 -0.715878 -0.223814
v -0.846951 -0.613863 0.186573
v -0.896688 -0.671223 0.172112
v -0.896688 -0.715876 0.223813
v -0.846951 -0.676011 0.223813
v -0.896688 -0.860035 -0.223814
v -0.896688 -0.671224 -0.172111
v -0.896688 -0.715878 -0.223814
v -0.896688 -0.696825 -0.084846
v -0.843829 -0.634654 -0.094141
v -0.896688 -0.700679 -0.056677
v -0.843250 -0.638509 -0.062886
v -0.896688 -0.702996 -0.028372
v -0.842902 -0.640826 -0.031481
v -0.896688 -0.703769 0.000001
v -0.842786 -0.641598 0.000001
v -0.896688 -0.702996 0.028375
v -0.842902 -0.640825 0.031483
v -0.846951 -0.613864 -0.186572
v -0.896688 -0.671224 -0.172111
v -0.613972 -0.613971 0.186247
v -0.622371 -0.622370 0.155895
v -0.845674 -0.622370 0.155897
v -0.846951 -0.613863 0.186573
v -0.844637 -0.629270 0.125171
v -0.896688 -0.691440 0.112812
v -0.843829 -0.634654 0.094143
v -0.896688 -0.696824 0.084848
v -0.896688 -0.700679 0.056680
v -0.843250 -0.638509 0.062889
v -0.680311 -0.847601 0.223813
v -0.846951 -0.676011 0.223813
v -0.715154 -0.897338 0.223813
v -0.680311 -0.676011 0.223813
v -0.846951 -0.676011 0.223813
v -0.680311 -0.847601 0.223813
v -0.680311 -0.676011 -0.223814
v -0.680311 -0.847601 -0.223814
v -0.846951 -0.676011 -0.223814
v -0.846951 -0.676011 -0.223814
v -0.680311 -0.847601 -0.223814
v -0.684542 -0.897338 0.140306
v -0.691441 -0.897338 0.112652
v -0.696825 -0.897338 0.084728
v -0.702996 -0.897338 0.028333
v -0.859385 -0.897338 0.000000
v -0.703769 -0.897338 -0.000000
v -0.700680 -0.897338 0.056599
v -0.715154 -0.897338 -0.223814
v -0.676142 -0.897338 -0.167622
v -0.684541 -0.897338 -0.140307
v -0.859385 -0.897338 -0.223814
v -0.691441 -0.897338 -0.112653
v -0.696825 -0.897338 -0.084728
v -0.702996 -0.897338 -0.028334
v -0.896688 -0.715876 0.223813
v -0.896688 -0.671223 0.172112
v -0.896688 -0.860035 0.223813
v -0.896688 -0.684541 0.140505
v -0.896688 -0.691440 0.112812
v -0.896688 -0.696824 0.084848
v -0.896688 -0.700679 0.056680
v -0.896688 -0.860035 0.000000
v -0.896688 -0.684541 -0.140502
v -0.896688 -0.691441 -0.112810
v -0.896688 -0.684541 -0.140502
v -0.896688 -0.696825 -0.084846
v -0.896688 -0.691441 -0.112810
v -0.896688 -0.702996 -0.028372
v -0.896688 -0.703769 0.000001
v -0.896688 -0.700679 -0.056677
v -0.896688 -0.702996 0.028375
v -0.896688 -0.860035 -0.223814
v -0.859385 -0.897338 -0.223814
v -0.700680 -0.897338 -0.056599
vn 0.0008 0.5157 0.8568
vn 0.0008 0.5156 0.8568
vn -0.0000 0.9637 0.2669
vn -0.0000 0.9637 0.2670
vn 0.4928 -0.0000 -0.8702
vn 0.4928 -0.0000 0.8702
vn -0.8845 0.4478 0.1309
vn -0.3559 0.8821 0.3087
vn -0.3944 0.8844 -0.2496
vn -0.9361 0.3369 -0.1005
vn 0.9638 -0.0000 0.2667
vn 0.3377 -0.9372 -0.0872
vn 0.8825 -0.4110 -0.2287
vn 0.8746 -0.3597 0.3252
vn 0.4176 -0.8998 0.1266
vn 0.3339 -0.9401 -0.0685
vn 0.8890 -0.4197 -0.1829
vn 0.3309 -0.9423 -0.0506
vn 0.8941 -0.4264 -0.1371
vn 0.3289 -0.9438 -0.0334
vn 0.8977 -0.4309 -0.0914
vn 0.3276 -0.9447 -0.0166
vn 0.8999 -0.4337 -0.0457
vn 0.3272 -0.9450 -0.0000
vn 0.9006 -0.4346 -0.0000
vn 0.3276 -0.9447 0.0166
vn 0.8999 -0.4337 0.0456
vn 0.3289 -0.9438 0.0334
vn 0.8977 -0.4310 0.0914
vn 0.3309 -0.9423 0.0506
vn 0.8941 -0.4263 0.1371
vn 0.3339 -0.9401 0.0685
vn 0.8891 -0.4197 0.1828
vn 0.3377 -0.9372 0.0872
vn 0.8825 -0.4109 0.2287
vn 0.4176 -0.8998 -0.1266
vn 0.8746 -0.3597 -0.3252
vn -0.0000 -0.0000 1.0000
vn -0.9361 0.3370 0.1005
vn -0.9359 0.3438 0.0761
vn -0.4084 0.8929 0.1898
vn -0.3945 0.8844 0.2496
vn -0.0000 0.9757 -0.2191
vn -0.0000 0.9853 -0.1710
vn -0.0000 0.9925 -0.1224
vn -0.0000 0.9973 -0.0735
vn -0.0000 0.9997 -0.0245
vn -0.0000 0.9997 0.0245
vn -0.0000 0.9973 0.0736
vn -0.0000 0.9973 0.0735
vn -0.0000 0.9925 0.1224
vn -0.0000 0.9853 0.1710
vn -0.0000 0.9757 0.2191
vn -0.0000 -0.0000 -1.0000
vn -0.7071 -0.7071 -0.0000
vn 0.0008 0.5157 -0.8568
vn 0.0008 0.5156 -0.8568
vn 0.5222 -0.6190 -0.5866
vn 0.5221 -0.6190 -0.5867
vn 0.5221 -0.6191 -0.5867
vn 0.5221 -0.6190 0.5867
vn 0.5222 -0.6190 0.5867
vn 0.5221 -0.6191 0.5866
vn -0.0000 -1.0000 -0.0000
vn 0.9757 -0.0000 0.2191
vn 0.9853 -0.0000 0.1710
vn 0.9925 -0.0000 0.1224
vn 0.9973 -0.0000 0.0736
vn 0.9997 -0.0000 0.0245
vn 0.9997 -0.0000 -0.0245
vn 0.9973 -0.0000 -0.0735
vn 0.9638 -0.0000 -0.2667
vn 0.9757 -0.0000 -0.2191
vn 0.9925 -0.0000 -0.1224
vn 0.9853 -0.0000 -0.1709
vn 0.9853 -0.0000 -0.1710
vn -0.5934 0.5151 -0.6185
vn -0.5934 0.5151 0.6185
vn -1.0000 -0.0000 -0.0000
vn -0.9373 0.3440 0.0568
vn -0.4122 0.8998 0.1426
vn -0.9382 0.3441 0.0378
vn -0.4149 0.9049 0.0952
vn -0.9387 0.3441 0.0188
vn -0.4165 0.9079 0.0477
vn -0.9389 0.3442 -0.0000
vn -0.4170 0.9089 -0.0000
vn -0.9387 0.3442 -0.0188
vn -0.4165 0.9079 -0.0476
vn -0.8845 0.4478 -0.1309
vn -0.3559 0.8821 -0.3087
vn 0.0001 0.9638 -0.2667
vn -0.0000 0.9636 -0.2672
vn -0.9359 0.3439 -0.0761
vn -0.4084 0.8928 -0.1898
vn -0.9373 0.3440 -0.0568
vn -0.4122 0.8998 -0.1426
vn -0.9382 0.3441 -0.0378
vn -0.4149 0.9049 -0.0952
vt 0.115454 0.246195
vt 0.128779 0.260132
vt 0.140292 0.260453
vt 0.121802 0.240246
vt 0.622965 0.156502
vt 0.619237 0.156652
vt 0.619237 0.182804
vt 0.622925 0.183788
vt 0.430369 0.273835
vt 0.416630 0.259510
vt 0.405117 0.259831
vt 0.423697 0.280102
vt 0.115040 0.274457
vt 0.121712 0.280724
vt 0.938873 0.537960
vt 0.937219 0.546858
vt 0.940892 0.546203
vt 0.942715 0.536789
vt 0.670485 0.484363
vt 0.670485 0.457003
vt 0.666797 0.457987
vt 0.666797 0.484355
vt 0.836329 0.017294
vt 0.834510 0.007963
vt 0.830900 0.007209
vt 0.833069 0.016536
vt 0.839608 0.017919
vt 0.838145 0.008584
vt 0.842902 0.018408
vt 0.841801 0.009070
vt 0.846209 0.018760
vt 0.845472 0.009419
vt 0.849523 0.018971
vt 0.849155 0.009629
vt 0.852842 0.019041
vt 0.852842 0.009699
vt 0.856161 0.018971
vt 0.856529 0.009629
vt 0.859475 0.018760
vt 0.860211 0.009419
vt 0.862782 0.018408
vt 0.863883 0.009070
vt 0.866076 0.017919
vt 0.867539 0.008584
vt 0.869355 0.017294
vt 0.871174 0.007963
vt 0.872615 0.016536
vt 0.874784 0.007209
vt 0.107973 0.275701
vt 0.107967 0.245371
vt 0.095922 0.257416
vt 0.095922 0.263650
vt 0.975801 0.536789
vt 0.972514 0.536180
vt 0.973972 0.545674
vt 0.977624 0.546203
vt 0.586044 0.156773
vt 0.582356 0.156652
vt 0.582356 0.182804
vt 0.586044 0.181996
vt 0.589732 0.156868
vt 0.589732 0.181365
vt 0.593421 0.156936
vt 0.593421 0.180914
vt 0.597109 0.156977
vt 0.597109 0.180643
vt 0.600797 0.156990
vt 0.600797 0.180552
vt 0.604485 0.156977
vt 0.604485 0.180643
vt 0.608173 0.156936
vt 0.608173 0.180914
vt 0.611861 0.156868
vt 0.611861 0.181365
vt 0.615549 0.156773
vt 0.615549 0.181996
vt 0.449487 0.256794
vt 0.437442 0.244749
vt 0.437436 0.275079
vt 0.449487 0.263028
vt 0.845745 0.150718
vt 0.871956 0.150718
vt 0.871956 0.144540
vt 0.845745 0.144540
vt 0.429955 0.245574
vt 0.423607 0.239624
vt 0.978802 0.510084
vt 0.976363 0.517715
vt 0.983473 0.517544
vt 0.988378 0.510084
vt 0.011333 0.038791
vt 0.003992 0.043874
vt 0.003992 0.050986
vt 0.011563 0.048365
vt 0.819271 0.935600
vt 0.825852 0.914139
vt 0.819271 0.918708
vt 0.663109 0.458795
vt 0.663109 0.484348
vt 0.659421 0.459425
vt 0.659421 0.484342
vt 0.655733 0.459876
vt 0.655733 0.484338
vt 0.652045 0.460148
vt 0.652044 0.484335
vt 0.648357 0.460238
vt 0.648356 0.484335
vt 0.644669 0.460148
vt 0.644668 0.484335
vt 0.640981 0.459876
vt 0.640980 0.484338
vt 0.629916 0.484354
vt 0.629916 0.457986
vt 0.626228 0.457003
vt 0.626228 0.484363
vt 0.633604 0.484347
vt 0.633604 0.458794
vt 0.637292 0.459425
vt 0.637292 0.484342
vt 0.961624 0.212859
vt 0.969484 0.214349
vt 0.974376 0.206734
vt 0.965891 0.206734
vt 0.989820 0.214069
vt 0.994406 0.206930
vt 0.985355 0.206930
vt 0.982361 0.214349
vt 0.865818 0.612190
vt 0.859763 0.634303
vt 0.865819 0.629073
vt 0.969213 0.535704
vt 0.970306 0.545260
vt 0.965901 0.535363
vt 0.966630 0.544964
vt 0.962582 0.535158
vt 0.962946 0.544785
vt 0.959258 0.535089
vt 0.959258 0.544726
vt 0.955935 0.535158
vt 0.955571 0.544785
vt 0.979643 0.537960
vt 0.981298 0.546858
vt 0.578628 0.156502
vt 0.578668 0.183788
vt 0.946002 0.536180
vt 0.944544 0.545674
vt 0.949303 0.535704
vt 0.948210 0.545260
vt 0.952615 0.535363
vt 0.951887 0.544964
vt 0.829051 0.915123
vt 0.832290 0.915931
vt 0.835560 0.916561
vt 0.842165 0.917284
vt 0.845483 0.935600
vt 0.845483 0.917375
vt 0.838854 0.917013
vt 0.871695 0.935600
vt 0.871695 0.918708
vt 0.865114 0.914139
vt 0.861915 0.915123
vt 0.858676 0.915931
vt 0.855406 0.916561
vt 0.848801 0.917284
vt 0.813395 0.629073
vt 0.819450 0.634303
vt 0.813395 0.612190
vt 0.823152 0.632743
vt 0.826395 0.631935
vt 0.829670 0.631305
vt 0.832969 0.630853
vt 0.839607 0.612190
vt 0.856062 0.632743
vt 0.852818 0.631935
vt 0.849543 0.631304
vt 0.842930 0.630582
vt 0.839607 0.630491
vt 0.846244 0.630853
vt 0.836284 0.630582
vt 0.898168 0.150718
vt 0.898168 0.144540
vt 0.852111 0.917013
s 1
usemtl DefaultMaterial
f 3851/3034/1733 3848/3035/1733 3849/3036/1733
f 3849/3036/1733 3850/3037/1734 3851/3034/1733
s 0
f 3855/3038/1735 3852/3039/1735 3853/3040/1735
f 3853/3040/1736 3854/3041/1736 3855/3038/1736
f 3859/3042/1737 3856/3043/1737 3857/3044/1737
f 3857/3044/1737 3858/3045/1737 3859/3042/1737
f 3863/3046/1738 3860/3047/1738 3861/3036/1738
f 3861/3036/1738 3862/3035/1738 3863/3046/1738
s 1
f 3867/3048/1739 3864/3049/1740 3865/3050/1741
f 3865/3050/1741 3866/3051/1742 3867/3048/1739
s 0
f 3871/3052/1743 3868/3053/1743 3869/3054/1743
s 1
f 3869/3054/1743 3870/3055/1743 3871/3052/1743
f 3875/3056/1744 3872/3057/1745 3873/3058/1746
f 3873/3058/1746 3874/3059/1747 3875/3056/1744
f 3877/3060/1748 3876/3061/1749 3872/3057/1745
f 3872/3057/1745 3875/3056/1744 3877/3060/1748
f 3879/3062/1750 3878/3063/1751 3876/3061/1749
f 3876/3061/1749 3877/3060/1748 3879/3062/1750
f 3881/3064/1752 3880/3065/1753 3878/3063/1751
f 3878/3063/1751 3879/3062/1750 3881/3064/1752
f 3883/3066/1754 3882/3067/1755 3880/3065/1753
f 3880/3065/1753 3881/3064/1752 3883/3066/1754
f 3885/3068/1756 3884/3069/1757 3882/3067/1755
f 3882/3067/1755 3883/3066/1754 3885/3068/1756
f 3887/3070/1758 3886/3071/1759 3884/3069/1757
f 3884/3069/1757 3885/3068/1756 3887/3070/1758
f 3889/3072/1760 3888/3073/1761 3886/3071/1759
f 3886/3071/1759 3887/3070/1758 3889/3072/1760
f 3891/3074/1762 3890/3075/1763 3888/3073/1761
f 3888/3073/1761 3889/3072/1760 3891/3074/1762
f 3893/3076/1764 3892/3077/1765 3890/3075/1763
f 3890/3075/1763 3891/3074/1762 3893/3076/1764
f 3895/3078/1766 3894/3079/1767 3892/3077/1765
f 3892/3077/1765 3893/3076/1764 3895/3078/1766
f 3897/3080/1768 3896/3081/1769 3894/3079/1767
f 3894/3079/1767 3895/3078/1766 3897/3080/1768
s 0
f 3901/3082/1770 3898/3083/1770 3899/3084/1770
f 3899/3084/1770 3900/3085/1770 3901/3082/1770
s 1
f 3905/3086/1771 3902/3087/1772 3903/3088/1773
f 3903/3088/1773 3904/3089/1774 3905/3086/1771
s 0
f 3909/3090/1775 3906/3091/1775 3907/3092/1775
f 3907/3092/1775 3908/3093/1775 3909/3090/1775
f 3913/3094/1776 3910/3090/1776 3911/3093/1776
f 3911/3093/1776 3912/3095/1776 3913/3094/1776
f 3917/3096/1777 3914/3094/1777 3915/3095/1777
f 3915/3095/1777 3916/3097/1777 3917/3096/1777
f 3921/3098/1778 3918/3096/1778 3919/3097/1778
f 3919/3097/1778 3920/3099/1778 3921/3098/1778
f 3925/3100/1779 3922/3098/1779 3923/3099/1779
f 3923/3099/1779 3924/3101/1779 3925/3100/1779
f 3929/3102/1780 3926/3100/1780 3927/3101/1780
f 3927/3101/1780 3928/3103/1780 3929/3102/1780
f 3933/3104/1781 3930/3102/1781 3931/3103/1781
f 3931/3103/1782 3932/3105/1782 3933/3104/1782
f 3937/3106/1783 3934/3104/1783 3935/3105/1783
f 3935/3105/1783 3936/3107/1783 3937/3106/1783
f 3941/3108/1784 3938/3106/1784 3939/3107/1784
f 3939/3107/1784 3940/3109/1784 3941/3108/1784
f 3945/3039/1785 3942/3108/1785 3943/3109/1785
f 3943/3109/1785 3944/3040/1785 3945/3039/1785
f 3949/3110/1786 3946/3111/1786 3947/3112/1786
f 3947/3112/1786 3948/3113/1786 3949/3110/1786
f 3953/3114/1787 3950/3115/1787 3951/3116/1787
f 3951/3116/1787 3952/3117/1787 3953/3114/1787
s 1
f 3957/3118/1788 3954/3119/1789 3955/3044/1788
f 3955/3044/1788 3956/3043/1788 3957/3118/1788
f 3961/3120/1790 3958/3121/1790 3959/3122/1791
f 3959/3122/1791 3960/3123/1792 3961/3120/1790
f 3965/3124/1793 3962/3125/1794 3963/3126/1793
f 3963/3126/1793 3964/3127/1795 3965/3124/1793
s 0
f 3966/3128/1796 3967/3129/1796 3968/3130/1796
f 3972/3055/1797 3969/3054/1797 3970/3131/1797
f 3970/3131/1797 3971/3132/1797 3972/3055/1797
f 3976/3132/1798 3973/3131/1798 3974/3133/1798
f 3974/3133/1798 3975/3134/1798 3976/3132/1798
f 3980/3134/1799 3977/3133/1799 3978/3135/1799
f 3978/3135/1799 3979/3136/1799 3980/3134/1799
f 3984/3136/1800 3981/3135/1800 3982/3137/1800
f 3982/3137/1800 3983/3138/1800 3984/3136/1800
f 3988/3138/1801 3985/3137/1801 3986/3139/1801
f 3986/3139/1801 3987/3140/1801 3988/3138/1801
f 3992/3140/1802 3989/3139/1802 3990/3141/1802
f 3990/3141/1802 3991/3142/1802 3992/3140/1802
f 3996/3142/1803 3993/3141/1803 3994/3143/1803
f 3994/3143/1803 3995/3144/1803 3996/3142/1803
f 4000/3145/1804 3997/3146/1804 3998/3147/1804
f 3998/3147/1804 3999/3148/1804 4000/3145/1804
f 4004/3149/1805 4001/3150/1805 4002/3146/1805
f 4002/3146/1805 4003/3145/1805 4004/3149/1805
f 4008/3144/1806 4005/3143/1806 4006/3151/1806
f 4006/3151/1806 4007/3152/1806 4008/3144/1806
f 4012/3152/1807 4009/3151/1807 4010/3150/1807
f 4010/3150/1808 4011/3149/1808 4012/3152/1808
s 1
f 4016/3153/1809 4013/3154/1809 4014/3155/1809
f 4014/3155/1809 4015/3156/1809 4016/3153/1809
f 4020/3157/1810 4017/3158/1810 4018/3159/1810
f 4018/3159/1810 4019/3160/1810 4020/3157/1810
s 0
f 4021/3161/1811 4022/3162/1811 4023/3163/1811
s 1
f 3902/3087/1772 4024/3164/1812 4025/3165/1813
f 4025/3165/1813 3903/3088/1773 3902/3087/1772
f 4024/3164/1812 4026/3166/1814 4027/3167/1815
f 4027/3167/1815 4025/3165/1813 4024/3164/1812
f 4026/3166/1814 4028/3168/1816 4029/3169/1817
f 4029/3169/1817 4027/3167/1815 4026/3166/1814
f 4028/3168/1816 4030/3170/1818 4031/3171/1819
f 4031/3171/1819 4029/3169/1817 4028/3168/1816
f 4030/3170/1818 4032/3172/1820 4033/3173/1821
f 4033/3173/1821 4031/3171/1819 4030/3170/1818
f 4035/3174/1822 3905/3086/1771 3904/3089/1774
f 3904/3089/1774 4034/3175/1823 4035/3174/1822
s 0
f 4039/3176/1824 4036/3177/1824 4037/3092/1824
f 4037/3092/1825 4038/3091/1825 4039/3176/1825
s 1
f 4041/3178/1826 3866/3051/1742 3865/3050/1741
f 3865/3050/1741 4040/3179/1827 4041/3178/1826
f 4043/3180/1828 4041/3178/1826 4040/3179/1827
f 4040/3179/1827 4042/3181/1829 4043/3180/1828
f 4032/3172/1820 4044/3182/1830 4045/3183/1831
f 4045/3183/1831 4033/3173/1821 4032/3172/1820
f 4044/3182/1830 4043/3180/1828 4042/3181/1829
f 4042/3181/1829 4045/3183/1831 4044/3182/1830
s 0
f 4048/3082/1770 4046/3046/1770 4047/3034/1770
f 4047/3034/1770 3898/3083/1770 4048/3082/1770
f 4049/3035/1770 4050/3034/1770 4051/3046/1770
f 4052/3043/1786 4053/3042/1786 4054/3118/1786
f 3946/3111/1786 4055/3118/1786 4056/3042/1786
f 4056/3042/1786 3947/3112/1786 3946/3111/1786
f 3966/3128/1796 4057/3184/1796 3967/3129/1796
f 3966/3128/1796 4058/3185/1796 4057/3184/1796
f 3966/3128/1796 4059/3186/1796 4058/3185/1796
f 4060/3187/1796 4061/3188/1796 4062/3189/1796
f 4063/3190/1796 4059/3186/1796 3966/3128/1796
f 3966/3128/1796 4061/3188/1796 4063/3190/1796
f 4067/3191/1796 4064/3192/1796 4065/3193/1796
f 4065/3193/1796 4066/3194/1796 4067/3191/1796
f 4066/3194/1796 4068/3195/1796 4067/3191/1796
f 4068/3195/1796 4069/3196/1796 4067/3191/1796
f 4062/3189/1796 4061/3188/1796 4070/3197/1796
f 4071/3198/1811 4072/3199/1811 4073/3200/1811
f 4072/3199/1811 4074/3201/1811 4073/3200/1811
f 4074/3201/1811 4075/3202/1811 4073/3200/1811
f 4075/3202/1811 4076/3203/1811 4073/3200/1811
f 4076/3203/1811 4077/3204/1811 4078/3205/1811
f 4078/3205/1811 4073/3200/1811 4076/3203/1811
f 4021/3161/1811 4079/3206/1811 4022/3162/1811
f 4021/3161/1811 4080/3207/1811 4081/3206/1811
f 4021/3161/1811 4082/3208/1811 4083/3207/1811
f 4084/3209/1811 4078/3205/1811 4085/3210/1811
f 4086/3211/1811 4078/3205/1811 4084/3209/1811
f 4087/3212/1811 4078/3205/1811 4077/3204/1811
f 3950/3115/1787 4088/3213/1787 4089/3214/1787
f 4089/3214/1787 3951/3116/1787 3950/3115/1787
f 4085/3210/1811 4078/3205/1811 4087/3212/1811
f 4063/3190/1796 4061/3188/1796 4060/3187/1796
f 4086/3211/1811 4082/3208/1811 4021/3161/1811
f 4021/3161/1811 4078/3205/1811 4086/3211/1811
f 4090/3215/1796 4070/3197/1796 4061/3188/1796
f 4067/3191/1796 4069/3196/1796 4090/3215/1796
f 4090/3215/1796 4061/3188/1796 4067/3191/1796
o defaultMaterial.016
v -0.680311 0.223814 0.676011
v -0.613972 0.186247 0.613971
v -0.846951 0.186573 0.613864
v -0.846951 0.223814 0.676011
v -0.845674 -0.155894 0.622371
v -0.622371 -0.155896 0.622370
v -0.613972 -0.186246 0.613971
v -0.846951 -0.186572 0.613864
v -0.680311 -0.223813 0.676011
v -0.613972 -0.186246 0.613971
v -0.613972 -0.186246 0.847595
v -0.680311 -0.223813 0.847602
v -0.613972 0.186246 0.847595
v -0.613972 0.186247 0.613971
v -0.680311 0.223814 0.676011
v -0.680311 0.223814 0.847601
v -0.846951 0.186573 0.613864
v -0.845674 0.155897 0.622370
v -0.896688 0.140505 0.684541
v -0.896688 0.172113 0.671223
v -0.613972 -0.186246 0.613971
v -0.622371 -0.155896 0.622370
v -0.622371 -0.155896 0.847520
v -0.613972 -0.186246 0.847595
v -0.622371 0.155896 0.847520
v -0.613972 0.186246 0.847595
v -0.676142 0.167622 0.897338
v -0.684542 0.140306 0.897338
v -0.629271 0.125170 0.847459
v -0.691441 0.112653 0.897338
v -0.634655 0.094142 0.847412
v -0.696825 0.084728 0.897338
v -0.638510 0.062888 0.847378
v -0.700680 0.056599 0.897338
v -0.640826 0.031482 0.847357
v -0.702996 0.028334 0.897338
v -0.641599 -0.000000 0.847351
v -0.703769 -0.000000 0.897338
v -0.640826 -0.031482 0.847357
v -0.702996 -0.028334 0.897338
v -0.638509 -0.062888 0.847378
v -0.700680 -0.056599 0.897338
v -0.634655 -0.094142 0.847412
v -0.696825 -0.084728 0.897338
v -0.629271 -0.125170 0.847459
v -0.691441 -0.112653 0.897338
v -0.622371 -0.155896 0.847520
v -0.684541 -0.140306 0.897338
v -0.613972 -0.186246 0.847595
v -0.676142 -0.167622 0.897338
v -0.896688 0.223814 0.715876
v -0.896688 0.223814 0.860036
v -0.859385 0.223814 0.897338
v -0.715154 0.223814 0.897338
v -0.896688 -0.112810 0.691441
v -0.844637 -0.125168 0.629271
v -0.845674 -0.155894 0.622371
v -0.896688 -0.140502 0.684541
v -0.845674 0.155897 0.622370
v -0.622371 0.155896 0.622371
v -0.629271 0.125171 0.629270
v -0.844637 0.125171 0.629270
v -0.844637 0.125171 0.629270
v -0.629271 0.125171 0.629270
v -0.634654 0.094143 0.634654
v -0.843829 0.094143 0.634654
v -0.843829 0.094143 0.634654
v -0.634654 0.094143 0.634654
v -0.638510 0.062888 0.638509
v -0.843250 0.062889 0.638509
v -0.843250 0.062889 0.638509
v -0.638510 0.062888 0.638509
v -0.640826 0.031482 0.640826
v -0.842902 0.031483 0.640826
v -0.842902 0.031483 0.640826
v -0.640826 0.031482 0.640826
v -0.641599 -0.000000 0.641599
v -0.842786 0.000001 0.641599
v -0.842786 0.000001 0.641599
v -0.641599 -0.000000 0.641599
v -0.640826 -0.031482 0.640826
v -0.842902 -0.031480 0.640826
v -0.842902 -0.031480 0.640826
v -0.640826 -0.031482 0.640826
v -0.638509 -0.062888 0.638509
v -0.843250 -0.062886 0.638509
v -0.843250 -0.062886 0.638509
v -0.638509 -0.062888 0.638509
v -0.634655 -0.094142 0.634654
v -0.843829 -0.094141 0.634654
v -0.843829 -0.094141 0.634654
v -0.634655 -0.094142 0.634654
v -0.629271 -0.125170 0.629270
v -0.844637 -0.125168 0.629271
v -0.844637 -0.125168 0.629271
v -0.629271 -0.125170 0.629270
v -0.622371 -0.155896 0.622370
v -0.845674 -0.155894 0.622371
v -0.896688 -0.223813 0.715878
v -0.715154 -0.223813 0.897338
v -0.859385 -0.223813 0.897338
v -0.896688 -0.223813 0.860036
v -0.896688 0.000001 0.860036
v -0.859385 0.000000 0.897338
v -0.859385 0.223814 0.897338
v -0.896688 0.223814 0.860036
v -0.846951 -0.186572 0.613864
v -0.613972 -0.186246 0.613971
v -0.680311 -0.223813 0.676011
v -0.846951 -0.223813 0.676011
v -0.715154 -0.223813 0.897338
v -0.680311 -0.223813 0.847602
v -0.613972 -0.186246 0.847595
v -0.676142 -0.167622 0.897338
v -0.680311 0.223814 0.847601
v -0.715154 0.223814 0.897338
v -0.676142 0.167622 0.897338
v -0.613972 0.186246 0.847595
v -0.859385 0.223814 0.897338
v -0.676142 0.167622 0.897338
v -0.715154 0.223814 0.897338
v -0.622371 -0.155896 0.622370
v -0.629271 -0.125170 0.629270
v -0.629271 -0.125170 0.847459
v -0.622371 -0.155896 0.847520
v -0.629271 -0.125170 0.629270
v -0.634655 -0.094142 0.634654
v -0.634655 -0.094142 0.847412
v -0.629271 -0.125170 0.847459
v -0.634655 -0.094142 0.634654
v -0.638509 -0.062888 0.638509
v -0.638509 -0.062888 0.847378
v -0.634655 -0.094142 0.847412
v -0.638509 -0.062888 0.638509
v -0.640826 -0.031482 0.640826
v -0.640826 -0.031482 0.847357
v -0.638509 -0.062888 0.847378
v -0.640826 -0.031482 0.640826
v -0.641599 -0.000000 0.641599
v -0.641599 -0.000000 0.847351
v -0.640826 -0.031482 0.847357
v -0.641599 -0.000000 0.641599
v -0.640826 0.031482 0.640826
v -0.640826 0.031482 0.847357
v -0.641599 -0.000000 0.847351
v -0.640826 0.031482 0.640826
v -0.638510 0.062888 0.638509
v -0.638510 0.062888 0.847378
v -0.640826 0.031482 0.847357
v -0.622371 0.155896 0.622371
v -0.613972 0.186247 0.613971
v -0.613972 0.186246 0.847595
v -0.622371 0.155896 0.847520
v -0.629271 0.125171 0.629270
v -0.622371 0.155896 0.622371
v -0.622371 0.155896 0.847520
v -0.629271 0.125170 0.847459
v -0.638510 0.062888 0.638509
v -0.634654 0.094143 0.634654
v -0.634655 0.094142 0.847412
v -0.638510 0.062888 0.847378
v -0.634654 0.094143 0.634654
v -0.629271 0.125171 0.629270
v -0.629271 0.125170 0.847459
v -0.634655 0.094142 0.847412
v -0.896688 -0.172111 0.671225
v -0.846951 -0.186572 0.613864
v -0.846951 -0.223813 0.676011
v -0.896688 -0.223813 0.715878
v -0.846951 0.186573 0.613864
v -0.896688 0.172113 0.671223
v -0.896688 0.223814 0.715876
v -0.846951 0.223814 0.676011
v -0.896688 -0.223813 0.860036
v -0.896688 -0.172111 0.671225
v -0.896688 -0.223813 0.715878
v -0.896688 -0.084846 0.696825
v -0.843829 -0.094141 0.634654
v -0.896688 -0.056677 0.700680
v -0.843250 -0.062886 0.638509
v -0.896688 -0.028372 0.702996
v -0.842902 -0.031480 0.640826
v -0.896688 0.000001 0.703769
v -0.842786 0.000001 0.641599
v -0.896688 0.028375 0.702996
v -0.842902 0.031483 0.640826
v -0.846951 -0.186572 0.613864
v -0.896688 -0.172111 0.671225
v -0.613972 0.186247 0.613971
v -0.622371 0.155896 0.622371
v -0.845674 0.155897 0.622370
v -0.846951 0.186573 0.613864
v -0.844637 0.125171 0.629270
v -0.896688 0.112812 0.691441
v -0.843829 0.094143 0.634654
v -0.896688 0.084848 0.696824
v -0.896688 0.056680 0.700679
v -0.843250 0.062889 0.638509
v -0.680311 0.223814 0.847601
v -0.846951 0.223814 0.676011
v -0.680311 0.223814 0.676011
v -0.680311 -0.223813 0.676011
v -0.680311 -0.223813 0.847602
v -0.846951 -0.223813 0.676011
v -0.684542 0.140306 0.897338
v -0.691441 0.112653 0.897338
v -0.696825 0.084728 0.897338
v -0.702996 0.028334 0.897338
v -0.859385 0.000000 0.897338
v -0.703769 -0.000000 0.897338
v -0.700680 0.056599 0.897338
v -0.715154 -0.223813 0.897338
v -0.676142 -0.167622 0.897338
v -0.684541 -0.140306 0.897338
v -0.859385 -0.223813 0.897338
v -0.691441 -0.112653 0.897338
v -0.696825 -0.084728 0.897338
v -0.702996 -0.028334 0.897338
v -0.896688 0.223814 0.715876
v -0.896688 0.172113 0.671223
v -0.896688 0.223814 0.860036
v -0.896688 0.140505 0.684541
v -0.896688 0.112812 0.691441
v -0.896688 0.084848 0.696824
v -0.896688 0.056680 0.700679
v -0.896688 0.000001 0.860036
v -0.896688 -0.140502 0.684541
v -0.896688 -0.112810 0.691441
v -0.896688 -0.084846 0.696825
v -0.896688 -0.028372 0.702996
v -0.896688 0.000001 0.703769
v -0.896688 -0.056677 0.700680
v -0.896688 0.028375 0.702996
v -0.896688 -0.223813 0.860036
v -0.859385 -0.223813 0.897338
v -0.700680 -0.056599 0.897338
vn 0.0008 0.8568 -0.5157
vn -0.0000 0.2669 -0.9637
vn -0.0000 0.2672 -0.9636
vn 0.4928 -0.8702 -0.0000
vn 0.4928 0.8702 -0.0000
vn -0.8845 0.1309 -0.4478
vn -0.3558 0.3086 -0.8821
vn -0.3944 -0.2496 -0.8844
vn -0.9361 -0.1004 -0.3370
vn 0.9638 0.2667 -0.0000
vn 0.3377 -0.0872 0.9372
vn 0.8825 -0.2286 0.4110
vn 0.8746 0.3252 0.3596
vn 0.4176 0.1266 0.8998
vn 0.3339 -0.0685 0.9401
vn 0.8891 -0.1829 0.4197
vn 0.3309 -0.0506 0.9423
vn 0.8941 -0.1371 0.4264
vn 0.3289 -0.0334 0.9438
vn 0.8977 -0.0914 0.4309
vn 0.3276 -0.0166 0.9447
vn 0.8999 -0.0457 0.4337
vn 0.3272 -0.0000 0.9450
vn 0.9006 -0.0000 0.4346
vn 0.3276 0.0166 0.9447
vn 0.8999 0.0456 0.4337
vn 0.3289 0.0334 0.9438
vn 0.8977 0.0914 0.4310
vn 0.3309 0.0506 0.9423
vn 0.8941 0.1371 0.4263
vn 0.3339 0.0685 0.9401
vn 0.8891 0.1828 0.4197
vn 0.3377 0.0872 0.9372
vn 0.8825 0.2286 0.4109
vn 0.4176 -0.1266 0.8998
vn 0.8746 -0.3252 0.3596
vn -0.0000 1.0000 -0.0000
vn -0.9361 0.1005 -0.3370
vn -0.9359 0.0761 -0.3438
vn -0.4084 0.1898 -0.8929
vn -0.3945 0.2496 -0.8844
vn -0.0000 -0.2191 -0.9757
vn -0.0000 -0.1710 -0.9853
vn -0.0000 -0.1224 -0.9925
vn -0.0000 -0.0736 -0.9973
vn -0.0000 -0.0245 -0.9997
vn -0.0000 0.0245 -0.9997
vn -0.0000 0.0736 -0.9973
vn -0.0000 0.1224 -0.9925
vn -0.0000 0.1709 -0.9853
vn -0.0000 0.1710 -0.9853
vn -0.0000 0.2191 -0.9757
vn -0.0000 -1.0000 -0.0000
vn -0.7071 -0.0000 0.7071
vn 0.0008 -0.8568 -0.5157
vn 0.0008 -0.8567 -0.5158
vn 0.5222 -0.5866 0.6190
vn 0.5221 -0.5867 0.6190
vn 0.5221 -0.5867 0.6191
vn 0.5221 0.5867 0.6190
vn 0.5222 0.5867 0.6190
vn 0.5221 0.5866 0.6191
vn -0.0000 -0.0000 1.0000
vn 0.9757 0.2191 -0.0000
vn 0.9853 0.1710 -0.0000
vn 0.9925 0.1224 -0.0000
vn 0.9973 0.0736 -0.0000
vn 0.9997 0.0245 -0.0000
vn 0.9997 -0.0245 -0.0000
vn 0.9973 -0.0735 -0.0000
vn 0.9638 -0.2667 -0.0000
vn 0.9757 -0.2191 -0.0000
vn 0.9925 -0.1224 -0.0000
vn 0.9853 -0.1709 -0.0000
vn 0.9853 -0.1710 -0.0000
vn -0.5934 -0.6185 -0.5151
vn -0.5934 0.6185 -0.5151
vn -1.0000 -0.0000 -0.0000
vn -0.9373 0.0568 -0.3440
vn -0.4122 0.1426 -0.8998
vn -0.9382 0.0378 -0.3441
vn -0.4149 0.0952 -0.9049
vn -0.9387 0.0188 -0.3441
vn -0.4165 0.0477 -0.9079
vn -0.9389 -0.0000 -0.3442
vn -0.4170 -0.0000 -0.9089
vn -0.9387 -0.0188 -0.3442
vn -0.4165 -0.0476 -0.9079
vn -0.8845 -0.1309 -0.4478
vn -0.3559 -0.3087 -0.8821
vn 0.0001 -0.2668 -0.9638
vn -0.0000 -0.2669 -0.9637
vn -0.9359 -0.0761 -0.3439
vn -0.4084 -0.1898 -0.8928
vn -0.9373 -0.0568 -0.3440
vn -0.4122 -0.1426 -0.8998
vn -0.9382 -0.0378 -0.3441
vn -0.4149 -0.0952 -0.9049
vt 0.710994 0.235314
vt 0.697058 0.248640
vt 0.696737 0.260152
vt 0.716944 0.241662
vt 0.815118 0.891298
vt 0.814968 0.887569
vt 0.788816 0.887579
vt 0.787833 0.891267
vt 0.493037 0.260077
vt 0.506776 0.274402
vt 0.518288 0.274081
vt 0.499709 0.253809
vt 0.682733 0.234901
vt 0.676466 0.241572
vt 0.196750 0.401574
vt 0.187851 0.399922
vt 0.188507 0.403596
vt 0.197922 0.405416
vt 0.783926 0.943766
vt 0.811286 0.943766
vt 0.810303 0.940078
vt 0.783935 0.940078
vt 0.024190 0.043068
vt 0.033521 0.041249
vt 0.034275 0.037638
vt 0.024948 0.039808
vt 0.023565 0.046346
vt 0.032900 0.044884
vt 0.023076 0.049641
vt 0.032414 0.048540
vt 0.022724 0.052947
vt 0.032065 0.052211
vt 0.022513 0.056262
vt 0.031855 0.055893
vt 0.022443 0.059581
vt 0.031785 0.059581
vt 0.022513 0.062899
vt 0.031855 0.063268
vt 0.022725 0.066214
vt 0.032065 0.066950
vt 0.023076 0.069521
vt 0.032414 0.070622
vt 0.023565 0.072815
vt 0.032900 0.074278
vt 0.024190 0.076094
vt 0.033521 0.077913
vt 0.024948 0.079354
vt 0.034275 0.081523
vt 0.681489 0.227834
vt 0.711819 0.227827
vt 0.699774 0.215782
vt 0.693540 0.215782
vt 0.197934 0.438501
vt 0.198542 0.435215
vt 0.189048 0.436676
vt 0.188520 0.440328
vt 0.814835 0.854377
vt 0.814955 0.850689
vt 0.788803 0.850698
vt 0.789612 0.854386
vt 0.814741 0.858065
vt 0.790244 0.858074
vt 0.814675 0.861753
vt 0.790697 0.861762
vt 0.814635 0.865441
vt 0.790969 0.865450
vt 0.814623 0.869129
vt 0.791061 0.869138
vt 0.814638 0.872817
vt 0.790972 0.872826
vt 0.814680 0.876505
vt 0.790702 0.876514
vt 0.814749 0.880193
vt 0.790252 0.880202
vt 0.814845 0.883881
vt 0.789622 0.883890
vt 0.473918 0.277117
vt 0.485963 0.289162
vt 0.485970 0.258832
vt 0.473918 0.270884
vt 0.459755 0.241864
vt 0.459755 0.268075
vt 0.465934 0.268075
vt 0.465934 0.241864
vt 0.493450 0.288338
vt 0.499798 0.294287
vt 0.978186 0.856143
vt 0.975747 0.863774
vt 0.982857 0.863603
vt 0.987763 0.856143
vt 0.011333 0.058971
vt 0.003992 0.064054
vt 0.003992 0.071166
vt 0.011563 0.068545
vt 0.823103 0.846967
vt 0.844566 0.853540
vt 0.839995 0.846961
vt 0.809495 0.936390
vt 0.783942 0.936390
vt 0.808864 0.932702
vt 0.783947 0.932702
vt 0.808413 0.929014
vt 0.783951 0.929014
vt 0.808141 0.925326
vt 0.783954 0.925326
vt 0.808051 0.921638
vt 0.783954 0.921638
vt 0.808141 0.917949
vt 0.783954 0.917949
vt 0.808413 0.914262
vt 0.783951 0.914262
vt 0.783935 0.903197
vt 0.810303 0.903197
vt 0.811286 0.899509
vt 0.783926 0.899509
vt 0.783942 0.906885
vt 0.809495 0.906885
vt 0.808864 0.910573
vt 0.783947 0.910573
vt 0.948546 0.649695
vt 0.956407 0.651186
vt 0.961299 0.643570
vt 0.952814 0.643570
vt 0.989820 0.198469
vt 0.994406 0.191330
vt 0.985355 0.191330
vt 0.982361 0.198749
vt 0.835507 0.755119
vt 0.813395 0.749064
vt 0.818625 0.755119
vt 0.199017 0.431913
vt 0.189461 0.433010
vt 0.199357 0.428601
vt 0.189756 0.429333
vt 0.199561 0.425281
vt 0.189933 0.425649
vt 0.199628 0.421958
vt 0.189991 0.421961
vt 0.199558 0.418634
vt 0.189931 0.418274
vt 0.196765 0.442344
vt 0.187866 0.444002
vt 0.815103 0.846961
vt 0.787818 0.847010
vt 0.198533 0.408702
vt 0.189038 0.407247
vt 0.199010 0.412003
vt 0.189453 0.410913
vt 0.199352 0.415315
vt 0.189751 0.414590
vt 0.843583 0.856739
vt 0.842776 0.859978
vt 0.842147 0.863249
vt 0.841426 0.869854
vt 0.823112 0.873178
vt 0.841337 0.873172
vt 0.841697 0.866543
vt 0.823121 0.899390
vt 0.840013 0.899384
vt 0.844579 0.892802
vt 0.843595 0.889603
vt 0.842785 0.886365
vt 0.842154 0.883094
vt 0.841429 0.876490
vt 0.818625 0.702696
vt 0.813395 0.708751
vt 0.835508 0.702696
vt 0.814955 0.712452
vt 0.815763 0.715696
vt 0.816393 0.718971
vt 0.816845 0.722269
vt 0.835508 0.728908
vt 0.814955 0.745362
vt 0.815763 0.742119
vt 0.816393 0.738844
vt 0.817116 0.732230
vt 0.817207 0.728907
vt 0.816845 0.735545
vt 0.817116 0.725584
vt 0.459755 0.294287
vt 0.465933 0.294287
vt 0.841701 0.879800
s 1
usemtl DefaultMaterial
f 4094/3216/1832 4091/3217/1832 4092/3218/1832
f 4092/3218/1832 4093/3219/1832 4094/3216/1832
s 0
f 4098/3220/1833 4095/3221/1833 4096/3222/1833
f 4096/3222/1834 4097/3223/1834 4098/3220/1834
f 4102/3224/1835 4099/3225/1835 4100/3226/1835
f 4100/3226/1835 4101/3227/1835 4102/3224/1835
f 4106/3228/1836 4103/3229/1836 4104/3218/1836
f 4104/3218/1836 4105/3217/1836 4106/3228/1836
s 1
f 4110/3230/1837 4107/3231/1838 4108/3232/1839
f 4108/3232/1839 4109/3233/1840 4110/3230/1837
s 0
f 4114/3234/1841 4111/3235/1841 4112/3236/1841
f 4112/3236/1841 4113/3237/1841 4114/3234/1841
s 1
f 4118/3238/1842 4115/3239/1843 4116/3240/1844
f 4116/3240/1844 4117/3241/1845 4118/3238/1842
f 4120/3242/1846 4119/3243/1847 4115/3239/1843
f 4115/3239/1843 4118/3238/1842 4120/3242/1846
f 4122/3244/1848 4121/3245/1849 4119/3243/1847
f 4119/3243/1847 4120/3242/1846 4122/3244/1848
f 4124/3246/1850 4123/3247/1851 4121/3245/1849
f 4121/3245/1849 4122/3244/1848 4124/3246/1850
f 4126/3248/1852 4125/3249/1853 4123/3247/1851
f 4123/3247/1851 4124/3246/1850 4126/3248/1852
f 4128/3250/1854 4127/3251/1855 4125/3249/1853
f 4125/3249/1853 4126/3248/1852 4128/3250/1854
f 4130/3252/1856 4129/3253/1857 4127/3251/1855
f 4127/3251/1855 4128/3250/1854 4130/3252/1856
f 4132/3254/1858 4131/3255/1859 4129/3253/1857
f 4129/3253/1857 4130/3252/1856 4132/3254/1858
f 4134/3256/1860 4133/3257/1861 4131/3255/1859
f 4131/3255/1859 4132/3254/1858 4134/3256/1860
f 4136/3258/1862 4135/3259/1863 4133/3257/1861
f 4133/3257/1861 4134/3256/1860 4136/3258/1862
f 4138/3260/1864 4137/3261/1865 4135/3259/1863
f 4135/3259/1863 4136/3258/1862 4138/3260/1864
f 4140/3262/1866 4139/3263/1867 4137/3261/1865
f 4137/3261/1865 4138/3260/1864 4140/3262/1866
s 0
f 4144/3264/1868 4141/3265/1868 4142/3266/1868
f 4142/3266/1868 4143/3267/1868 4144/3264/1868
s 1
f 4148/3268/1869 4145/3269/1870 4146/3270/1871
f 4146/3270/1871 4147/3271/1872 4148/3268/1869
s 0
f 4152/3272/1873 4149/3273/1873 4150/3274/1873
s 1
f 4150/3274/1873 4151/3275/1873 4152/3272/1873
s 0
f 4156/3276/1874 4153/3272/1874 4154/3275/1874
f 4154/3275/1874 4155/3277/1874 4156/3276/1874
f 4160/3278/1875 4157/3276/1875 4158/3277/1875
f 4158/3277/1875 4159/3279/1875 4160/3278/1875
f 4164/3280/1876 4161/3278/1876 4162/3279/1876
f 4162/3279/1876 4163/3281/1876 4164/3280/1876
f 4168/3282/1877 4165/3280/1877 4166/3281/1877
f 4166/3281/1877 4167/3283/1877 4168/3282/1877
f 4172/3284/1878 4169/3282/1878 4170/3283/1878
f 4170/3283/1878 4171/3285/1878 4172/3284/1878
f 4176/3286/1879 4173/3284/1879 4174/3285/1879
f 4174/3285/1879 4175/3287/1879 4176/3286/1879
f 4180/3288/1880 4177/3286/1880 4178/3287/1880
f 4178/3287/1880 4179/3289/1880 4180/3288/1880
f 4184/3290/1881 4181/3288/1881 4182/3289/1881
f 4182/3289/1882 4183/3291/1882 4184/3290/1882
f 4188/3221/1883 4185/3290/1883 4186/3291/1883
f 4186/3291/1883 4187/3222/1883 4188/3221/1883
f 4192/3292/1884 4189/3293/1884 4190/3294/1884
f 4190/3294/1884 4191/3295/1884 4192/3292/1884
f 4196/3296/1885 4193/3297/1885 4194/3298/1885
f 4194/3298/1885 4195/3299/1885 4196/3296/1885
s 1
f 4200/3300/1886 4197/3301/1886 4198/3226/1887
f 4198/3226/1887 4199/3225/1886 4200/3300/1886
f 4204/3302/1888 4201/3303/1888 4202/3304/1889
f 4202/3304/1889 4203/3305/1890 4204/3302/1888
f 4208/3306/1891 4205/3307/1892 4206/3308/1891
f 4206/3308/1891 4207/3309/1893 4208/3306/1891
s 0
f 4209/3310/1894 4210/3311/1894 4211/3312/1894
f 4215/3237/1895 4212/3236/1895 4213/3313/1895
f 4213/3313/1895 4214/3314/1895 4215/3237/1895
f 4219/3314/1896 4216/3313/1896 4217/3315/1896
f 4217/3315/1896 4218/3316/1896 4219/3314/1896
f 4223/3316/1897 4220/3315/1897 4221/3317/1897
f 4221/3317/1897 4222/3318/1897 4223/3316/1897
f 4227/3318/1898 4224/3317/1898 4225/3319/1898
f 4225/3319/1898 4226/3320/1898 4227/3318/1898
f 4231/3320/1899 4228/3319/1899 4229/3321/1899
f 4229/3321/1899 4230/3322/1899 4231/3320/1899
f 4235/3322/1900 4232/3321/1900 4233/3323/1900
f 4233/3323/1900 4234/3324/1900 4235/3322/1900
f 4239/3324/1901 4236/3323/1901 4237/3325/1901
s 1
f 4237/3325/1901 4238/3326/1901 4239/3324/1901
s 0
f 4243/3327/1902 4240/3328/1902 4241/3329/1902
f 4241/3329/1902 4242/3330/1902 4243/3327/1902
f 4247/3331/1903 4244/3332/1903 4245/3328/1903
f 4245/3328/1903 4246/3327/1903 4247/3331/1903
f 4251/3326/1904 4248/3325/1904 4249/3333/1904
f 4249/3333/1904 4250/3334/1904 4251/3326/1904
f 4255/3334/1905 4252/3333/1905 4253/3332/1905
f 4253/3332/1906 4254/3331/1906 4255/3334/1906
s 1
f 4259/3335/1907 4256/3336/1907 4257/3337/1907
f 4257/3337/1907 4258/3338/1907 4259/3335/1907
f 4263/3339/1908 4260/3340/1908 4261/3341/1908
f 4261/3341/1908 4262/3342/1908 4263/3339/1908
s 0
f 4264/3343/1909 4265/3344/1909 4266/3345/1909
s 1
f 4145/3269/1870 4267/3346/1910 4268/3347/1911
f 4268/3347/1911 4146/3270/1871 4145/3269/1870
f 4267/3346/1910 4269/3348/1912 4270/3349/1913
f 4270/3349/1913 4268/3347/1911 4267/3346/1910
f 4269/3348/1912 4271/3350/1914 4272/3351/1915
f 4272/3351/1915 4270/3349/1913 4269/3348/1912
f 4271/3350/1914 4273/3352/1916 4274/3353/1917
f 4274/3353/1917 4272/3351/1915 4271/3350/1914
f 4273/3352/1916 4275/3354/1918 4276/3355/1919
f 4276/3355/1919 4274/3353/1917 4273/3352/1916
f 4278/3356/1920 4148/3268/1869 4147/3271/1872
f 4147/3271/1872 4277/3357/1921 4278/3356/1920
s 0
f 4282/3358/1922 4279/3359/1922 4280/3274/1922
f 4280/3274/1923 4281/3273/1923 4282/3358/1923
s 1
f 4284/3360/1924 4109/3233/1840 4108/3232/1839
f 4108/3232/1839 4283/3361/1925 4284/3360/1924
f 4286/3362/1926 4284/3360/1924 4283/3361/1925
f 4283/3361/1925 4285/3363/1927 4286/3362/1926
f 4275/3354/1918 4287/3364/1928 4288/3365/1929
f 4288/3365/1929 4276/3355/1919 4275/3354/1918
f 4287/3364/1928 4286/3362/1926 4285/3363/1927
f 4285/3363/1927 4288/3365/1929 4287/3364/1928
s 0
f 4144/3264/1868 4289/3228/1868 4290/3216/1868
f 4290/3216/1868 4141/3265/1868 4144/3264/1868
f 4291/3217/1868 4290/3216/1868 4289/3228/1868
f 4292/3225/1884 4293/3224/1884 4294/3300/1884
f 4189/3293/1884 4294/3300/1884 4293/3224/1884
f 4293/3224/1884 4190/3294/1884 4189/3293/1884
f 4209/3310/1894 4295/3366/1894 4210/3311/1894
f 4209/3310/1894 4296/3367/1894 4295/3366/1894
f 4209/3310/1894 4297/3368/1894 4296/3367/1894
f 4298/3369/1894 4299/3370/1894 4300/3371/1894
f 4301/3372/1894 4297/3368/1894 4209/3310/1894
f 4209/3310/1894 4299/3370/1894 4301/3372/1894
f 4305/3373/1894 4302/3374/1894 4303/3375/1894
f 4303/3375/1894 4304/3376/1894 4305/3373/1894
f 4304/3376/1894 4306/3377/1894 4305/3373/1894
f 4306/3377/1894 4307/3378/1894 4305/3373/1894
f 4300/3371/1894 4299/3370/1894 4308/3379/1894
f 4309/3380/1909 4310/3381/1909 4311/3382/1909
f 4310/3381/1909 4312/3383/1909 4311/3382/1909
f 4312/3383/1909 4313/3384/1909 4311/3382/1909
f 4313/3384/1909 4314/3385/1909 4311/3382/1909
f 4314/3385/1909 4315/3386/1909 4316/3387/1909
f 4316/3387/1909 4311/3382/1909 4314/3385/1909
f 4264/3343/1909 4317/3388/1909 4265/3344/1909
f 4264/3343/1909 4318/3389/1909 4317/3388/1909
f 4264/3343/1909 4319/3390/1909 4318/3389/1909
f 4320/3391/1909 4316/3387/1909 4321/3392/1909
f 4322/3393/1909 4316/3387/1909 4320/3391/1909
f 4323/3394/1909 4316/3387/1909 4315/3386/1909
f 4193/3297/1885 4324/3395/1885 4325/3396/1885
f 4325/3396/1885 4194/3298/1885 4193/3297/1885
f 4321/3392/1909 4316/3387/1909 4323/3394/1909
f 4301/3372/1894 4299/3370/1894 4298/3369/1894
f 4322/3393/1909 4319/3390/1909 4264/3343/1909
f 4264/3343/1909 4316/3387/1909 4322/3393/1909
f 4326/3397/1894 4308/3379/1894 4299/3370/1894
f 4305/3373/1894 4307/3378/1894 4326/3397/1894
f 4326/3397/1894 4299/3370/1894 4305/3373/1894
o defaultMaterial.017
v -0.680311 0.676011 -0.223813
v -0.613972 0.613972 -0.186247
v -0.846951 0.613864 -0.186573
v -0.846951 0.676011 -0.223813
v -0.845674 0.622371 0.155894
v -0.622371 0.622371 0.155896
v -0.613972 0.613972 0.186247
v -0.846951 0.613864 0.186572
v -0.680311 0.676011 0.223813
v -0.613972 0.613972 0.186247
v -0.613972 0.847595 0.186247
v -0.680311 0.847602 0.223813
v -0.613972 0.847595 -0.186246
v -0.613972 0.613972 -0.186247
v -0.680311 0.676011 -0.223813
v -0.680311 0.847602 -0.223813
v -0.846951 0.613864 -0.186573
v -0.845674 0.622371 -0.155897
v -0.896688 0.684541 -0.140505
v -0.896688 0.671224 -0.172113
v -0.613972 0.613972 0.186247
v -0.622371 0.622371 0.155896
v -0.622371 0.847521 0.155896
v -0.613972 0.847595 0.186247
v -0.622371 0.847521 -0.155896
v -0.613972 0.847595 -0.186246
v -0.676142 0.897338 -0.167621
v -0.684542 0.897338 -0.140306
v -0.629271 0.847460 -0.125169
v -0.691441 0.897338 -0.112653
v -0.634655 0.847412 -0.094142
v -0.696825 0.897338 -0.084728
v -0.638510 0.847378 -0.062887
v -0.700680 0.897338 -0.056599
v -0.640826 0.847358 -0.031482
v -0.702997 0.897338 -0.028333
v -0.641599 0.847351 0.000000
v -0.703769 0.897338 0.000000
v -0.640826 0.847358 0.031482
v -0.702997 0.897338 0.028334
v -0.638510 0.847378 0.062888
v -0.700680 0.897338 0.056599
v -0.634655 0.847412 0.094142
v -0.696825 0.897338 0.084728
v -0.629271 0.847460 0.125170
v -0.691441 0.897338 0.112653
v -0.622371 0.847521 0.155896
v -0.684541 0.897338 0.140306
v -0.613972 0.847595 0.186247
v -0.676142 0.897338 0.167622
v -0.896688 0.715876 -0.223813
v -0.896688 0.860036 -0.223813
v -0.859385 0.897338 -0.223813
v -0.715154 0.897338 -0.223813
v -0.896688 0.691441 0.112810
v -0.844637 0.629271 0.125168
v -0.845674 0.622371 0.155894
v -0.896688 0.684542 0.140502
v -0.845674 0.622371 -0.155897
v -0.622371 0.622371 -0.155896
v -0.629271 0.629271 -0.125171
v -0.844638 0.629271 -0.125171
v -0.844638 0.629271 -0.125171
v -0.629271 0.629271 -0.125171
v -0.634655 0.634654 -0.094143
v -0.843829 0.634654 -0.094143
v -0.843829 0.634654 -0.094143
v -0.634655 0.634654 -0.094143
v -0.638510 0.638509 -0.062887
v -0.843250 0.638509 -0.062889
v -0.843250 0.638509 -0.062889
v -0.638510 0.638509 -0.062887
v -0.640826 0.640826 -0.031482
v -0.842902 0.640826 -0.031483
v -0.842902 0.640826 -0.031483
v -0.640826 0.640826 -0.031482
v -0.641599 0.641599 0.000000
v -0.842786 0.641599 -0.000001
v -0.842786 0.641599 -0.000001
v -0.641599 0.641599 0.000000
v -0.640826 0.640826 0.031482
v -0.842902 0.640826 0.031481
v -0.842902 0.640826 0.031481
v -0.640826 0.640826 0.031482
v -0.638510 0.638509 0.062888
v -0.843250 0.638510 0.062886
v -0.843250 0.638510 0.062886
v -0.638510 0.638509 0.062888
v -0.634655 0.634654 0.094142
v -0.843829 0.634655 0.094141
v -0.843829 0.634655 0.094141
v -0.634655 0.634654 0.094142
v -0.629271 0.629271 0.125170
v -0.844637 0.629271 0.125168
v -0.844637 0.629271 0.125168
v -0.629271 0.629271 0.125170
v -0.622371 0.622371 0.155896
v -0.845674 0.622371 0.155894
v -0.896688 0.715878 0.223813
v -0.715154 0.897338 0.223813
v -0.859385 0.897338 0.223813
v -0.896688 0.860036 0.223813
v -0.896688 0.860036 -0.000001
v -0.859385 0.897338 -0.000000
v -0.859385 0.897338 -0.223813
v -0.896688 0.860036 -0.223813
v -0.846951 0.613864 0.186572
v -0.613972 0.613972 0.186247
v -0.680311 0.676011 0.223813
v -0.846951 0.676011 0.223813
v -0.715154 0.897338 0.223813
v -0.680311 0.847602 0.223813
v -0.613972 0.847595 0.186247
v -0.676142 0.897338 0.167622
v -0.680311 0.847602 -0.223813
v -0.715154 0.897338 -0.223813
v -0.676142 0.897338 -0.167621
v -0.613972 0.847595 -0.186246
v -0.859385 0.897338 -0.223813
v -0.676142 0.897338 -0.167621
v -0.715154 0.897338 -0.223813
v -0.622371 0.622371 0.155896
v -0.629271 0.629271 0.125170
v -0.629271 0.847460 0.125170
v -0.622371 0.847521 0.155896
v -0.629271 0.629271 0.125170
v -0.634655 0.634654 0.094142
v -0.634655 0.847412 0.094142
v -0.629271 0.847460 0.125170
v -0.634655 0.634654 0.094142
v -0.638510 0.638509 0.062888
v -0.638510 0.847378 0.062888
v -0.634655 0.847412 0.094142
v -0.638510 0.638509 0.062888
v -0.640826 0.640826 0.031482
v -0.640826 0.847358 0.031482
v -0.638510 0.847378 0.062888
v -0.640826 0.640826 0.031482
v -0.641599 0.641599 0.000000
v -0.641599 0.847351 0.000000
v -0.640826 0.847358 0.031482
v -0.641599 0.641599 0.000000
v -0.640826 0.640826 -0.031482
v -0.640826 0.847358 -0.031482
v -0.641599 0.847351 0.000000
v -0.640826 0.640826 -0.031482
v -0.638510 0.638509 -0.062887
v -0.638510 0.847378 -0.062887
v -0.640826 0.847358 -0.031482
v -0.622371 0.622371 -0.155896
v -0.613972 0.613972 -0.186247
v -0.613972 0.847595 -0.186246
v -0.622371 0.847521 -0.155896
v -0.629271 0.629271 -0.125171
v -0.622371 0.622371 -0.155896
v -0.622371 0.847521 -0.155896
v -0.629271 0.847460 -0.125169
v -0.638510 0.638509 -0.062887
v -0.634655 0.634654 -0.094143
v -0.634655 0.847412 -0.094142
v -0.638510 0.847378 -0.062887
v -0.634655 0.634654 -0.094143
v -0.629271 0.629271 -0.125171
v -0.629271 0.847460 -0.125169
v -0.634655 0.847412 -0.094142
v -0.896688 0.671225 0.172111
v -0.846951 0.613864 0.186572
v -0.846951 0.676011 0.223813
v -0.896688 0.715878 0.223813
v -0.846951 0.613864 -0.186573
v -0.896688 0.671224 -0.172113
v -0.896688 0.715876 -0.223813
v -0.846951 0.676011 -0.223813
v -0.896688 0.860036 0.223813
v -0.896688 0.671225 0.172111
v -0.896688 0.715878 0.223813
v -0.896688 0.696825 0.084846
v -0.843829 0.634655 0.094141
v -0.896688 0.700680 0.056677
v -0.843250 0.638510 0.062886
v -0.896688 0.702996 0.028372
v -0.842902 0.640826 0.031481
v -0.896688 0.703769 -0.000001
v -0.842786 0.641599 -0.000001
v -0.896688 0.702996 -0.028375
v -0.842902 0.640826 -0.031483
v -0.846951 0.613864 0.186572
v -0.896688 0.671225 0.172111
v -0.613972 0.613972 -0.186247
v -0.622371 0.622371 -0.155896
v -0.845674 0.622371 -0.155897
v -0.846951 0.613864 -0.186573
v -0.844638 0.629271 -0.125171
v -0.896688 0.691441 -0.112812
v -0.843829 0.634654 -0.094143
v -0.896688 0.696825 -0.084848
v -0.896688 0.700680 -0.056680
v -0.843250 0.638509 -0.062889
v -0.680311 0.847602 -0.223813
v -0.846951 0.676011 -0.223813
v -0.680311 0.676011 -0.223813
v -0.680311 0.676011 0.223813
v -0.680311 0.847602 0.223813
v -0.846951 0.676011 0.223813
v -0.846951 0.676011 0.223813
v -0.680311 0.847602 0.223813
v -0.859385 0.897338 -0.223813
v -0.684542 0.897338 -0.140306
v -0.676142 0.897338 -0.167621
v -0.859385 0.897338 -0.223813
v -0.691441 0.897338 -0.112653
v -0.684542 0.897338 -0.140306
v -0.696825 0.897338 -0.084728
v -0.691441 0.897338 -0.112653
v -0.702997 0.897338 -0.028333
v -0.859385 0.897338 -0.000000
v -0.703769 0.897338 0.000000
v -0.696825 0.897338 -0.084728
v -0.700680 0.897338 -0.056599
v -0.715154 0.897338 0.223813
v -0.676142 0.897338 0.167622
v -0.684541 0.897338 0.140306
v -0.859385 0.897338 0.223813
v -0.691441 0.897338 0.112653
v -0.696825 0.897338 0.084728
v -0.703769 0.897338 0.000000
v -0.859385 0.897338 -0.000000
v -0.702997 0.897338 0.028334
v -0.896688 0.715876 -0.223813
v -0.896688 0.671224 -0.172113
v -0.896688 0.860036 -0.223813
v -0.896688 0.671224 -0.172113
v -0.896688 0.684541 -0.140505
v -0.896688 0.860036 -0.223813
v -0.896688 0.691441 -0.112812
v -0.896688 0.691441 -0.112812
v -0.896688 0.696825 -0.084848
v -0.896688 0.700680 -0.056680
v -0.896688 0.860036 -0.000001
v -0.896688 0.860036 0.223813
v -0.896688 0.684542 0.140502
v -0.896688 0.671225 0.172111
v -0.896688 0.860036 0.223813
v -0.896688 0.691441 0.112810
v -0.896688 0.684542 0.140502
v -0.896688 0.696825 0.084846
v -0.896688 0.691441 0.112810
v -0.896688 0.702996 0.028372
v -0.896688 0.703769 -0.000001
v -0.896688 0.700680 0.056677
v -0.896688 0.702996 -0.028375
v -0.896688 0.860036 0.223813
v -0.859385 0.897338 0.223813
v -0.700680 0.897338 -0.056599
v -0.702997 0.897338 -0.028333
v -0.896688 0.696825 0.084846
v -0.700680 0.897338 0.056599
v -0.702997 0.897338 0.028334
vn 0.0008 -0.5156 -0.8568
vn 0.0008 -0.5157 -0.8568
vn 0.0008 -0.5157 -0.8567
vn 0.0001 -0.9638 -0.2668
vn -0.0000 -0.9637 -0.2670
vn 0.4928 -0.0000 0.8702
vn 0.4928 -0.0000 -0.8702
vn -0.8845 -0.4478 -0.1309
vn -0.3559 -0.8821 -0.3087
vn -0.3945 -0.8844 0.2496
vn -0.9361 -0.3369 0.1005
vn 0.9638 -0.0000 -0.2667
vn 0.3377 0.9372 0.0872
vn 0.8825 0.4110 0.2287
vn 0.8746 0.3596 -0.3252
vn 0.4176 0.8998 -0.1266
vn 0.3339 0.9401 0.0685
vn 0.8891 0.4197 0.1829
vn 0.3309 0.9423 0.0506
vn 0.8941 0.4264 0.1371
vn 0.3289 0.9438 0.0334
vn 0.8977 0.4309 0.0914
vn 0.3276 0.9447 0.0166
vn 0.8999 0.4337 0.0457
vn 0.3272 0.9450 -0.0000
vn 0.9007 0.4345 -0.0000
vn 0.3276 0.9447 -0.0166
vn 0.8999 0.4337 -0.0456
vn 0.3289 0.9438 -0.0334
vn 0.8977 0.4309 -0.0914
vn 0.3309 0.9423 -0.0506
vn 0.8941 0.4263 -0.1371
vn 0.3339 0.9401 -0.0684
vn 0.8890 0.4197 -0.1828
vn 0.3377 0.9372 -0.0871
vn 0.8825 0.4110 -0.2287
vn 0.4176 0.8998 0.1266
vn 0.8746 0.3597 0.3252
vn -0.0000 -0.0000 -1.0000
vn -0.9361 -0.3370 -0.1005
vn -0.9359 -0.3438 -0.0761
vn -0.4084 -0.8928 -0.1898
vn -0.3945 -0.8844 -0.2496
vn -0.0000 -0.9757 0.2191
vn -0.0000 -0.9853 0.1709
vn -0.0000 -0.9925 0.1224
vn -0.0000 -0.9973 0.0736
vn -0.0000 -0.9997 0.0245
vn -0.0000 -0.9997 -0.0245
vn -0.0000 -0.9973 -0.0735
vn -0.0000 -0.9973 -0.0736
vn -0.0000 -0.9925 -0.1224
vn -0.0000 -0.9853 -0.1710
vn -0.0000 -0.9853 -0.1709
vn -0.0000 -0.9757 -0.2191
vn -0.0000 -0.0000 1.0000
vn -0.7071 0.7071 -0.0000
vn 0.0008 -0.5157 0.8568
vn 0.0009 -0.5156 0.8568
vn 0.5222 0.6190 0.5866
vn 0.5221 0.6190 0.5867
vn 0.5221 0.6191 0.5867
vn 0.5221 0.6190 -0.5866
vn 0.5221 0.6190 -0.5867
vn 0.5221 0.6191 -0.5866
vn -0.0000 1.0000 -0.0000
vn 0.9757 -0.0000 -0.2191
vn 0.9853 -0.0000 -0.1710
vn 0.9925 -0.0000 -0.1224
vn 0.9973 -0.0000 -0.0735
vn 0.9997 -0.0000 -0.0245
vn 0.9997 -0.0000 0.0245
vn 0.9973 -0.0000 0.0735
vn 0.9638 -0.0000 0.2667
vn 0.9757 -0.0000 0.2191
vn 0.9925 -0.0000 0.1224
vn 0.9853 -0.0000 0.1710
vn -0.5934 -0.5151 0.6185
vn -0.5934 -0.5151 -0.6185
vn -1.0000 -0.0000 -0.0000
vn -0.9373 -0.3440 -0.0568
vn -0.4122 -0.8998 -0.1426
vn -0.9382 -0.3441 -0.0378
vn -0.4149 -0.9049 -0.0952
vn -0.9387 -0.3441 -0.0188
vn -0.4165 -0.9079 -0.0476
vn -0.9389 -0.3442 -0.0000
vn -0.4170 -0.9089 -0.0000
vn -0.9387 -0.3442 0.0188
vn -0.4165 -0.9079 0.0476
vn -0.8845 -0.4478 0.1309
vn -0.3559 -0.8821 0.3087
vn -0.0000 -0.9636 0.2672
vn 0.0001 -0.9638 0.2668
vn -0.9359 -0.3439 0.0761
vn -0.4084 -0.8929 0.1898
vn -0.9373 -0.3440 0.0568
vn -0.4122 -0.8998 0.1426
vn -0.9382 -0.3441 0.0377
vn -0.4149 -0.9049 0.0952
vt 0.701304 0.302666
vt 0.687978 0.288730
vt 0.676466 0.288409
vt 0.694956 0.308615
vt 0.300407 0.189669
vt 0.304135 0.189519
vt 0.304135 0.163368
vt 0.300447 0.162384
vt 0.754581 0.808625
vt 0.768320 0.822949
vt 0.779833 0.822628
vt 0.761253 0.802357
vt 0.701717 0.274405
vt 0.695046 0.268137
vt 0.972629 0.932729
vt 0.974283 0.923831
vt 0.970610 0.924486
vt 0.968786 0.933900
vt 0.416705 0.204279
vt 0.416705 0.231640
vt 0.420394 0.230656
vt 0.420394 0.204288
vt 0.564049 0.011372
vt 0.565868 0.020703
vt 0.569478 0.021457
vt 0.567309 0.012130
vt 0.560770 0.010747
vt 0.562233 0.020082
vt 0.557476 0.010258
vt 0.558577 0.019596
vt 0.554169 0.009906
vt 0.554905 0.019247
vt 0.550855 0.009695
vt 0.551223 0.019037
vt 0.547536 0.009625
vt 0.547536 0.018967
vt 0.544217 0.009695
vt 0.543848 0.019037
vt 0.540902 0.009906
vt 0.540166 0.019247
vt 0.537596 0.010258
vt 0.536495 0.019596
vt 0.534302 0.010747
vt 0.532839 0.020082
vt 0.531023 0.011372
vt 0.529204 0.020703
vt 0.527763 0.012130
vt 0.525593 0.021457
vt 0.708784 0.273160
vt 0.708790 0.303491
vt 0.720836 0.291445
vt 0.720836 0.285212
vt 0.935701 0.933900
vt 0.938987 0.934509
vt 0.937529 0.925015
vt 0.933877 0.924486
vt 0.337328 0.189398
vt 0.341016 0.189519
vt 0.341016 0.163368
vt 0.337328 0.164176
vt 0.333640 0.189303
vt 0.333640 0.164806
vt 0.329952 0.189236
vt 0.329952 0.165258
vt 0.326264 0.189195
vt 0.326264 0.165529
vt 0.322576 0.189181
vt 0.322576 0.165619
vt 0.318888 0.189195
vt 0.318888 0.165529
vt 0.315200 0.189236
vt 0.315199 0.165258
vt 0.311512 0.189303
vt 0.311511 0.164806
vt 0.307823 0.189398
vt 0.307823 0.164176
vt 0.735463 0.825665
vt 0.747508 0.837710
vt 0.747514 0.807380
vt 0.735463 0.819431
vt 0.699259 0.010669
vt 0.673048 0.010669
vt 0.673048 0.016847
vt 0.699259 0.016847
vt 0.754995 0.836885
vt 0.761343 0.842835
vt 0.983994 0.492523
vt 0.976363 0.490084
vt 0.976534 0.497194
vt 0.983994 0.502099
vt 0.973819 0.136164
vt 0.968736 0.128823
vt 0.961624 0.128823
vt 0.964245 0.136394
vt 0.216555 0.133560
vt 0.209974 0.155020
vt 0.216554 0.150452
vt 0.424082 0.229848
vt 0.424082 0.204295
vt 0.427770 0.229217
vt 0.427770 0.204300
vt 0.431458 0.228766
vt 0.431458 0.204304
vt 0.435146 0.228495
vt 0.435146 0.204307
vt 0.438834 0.228404
vt 0.438834 0.204308
vt 0.442522 0.228495
vt 0.442522 0.204307
vt 0.446210 0.228766
vt 0.446210 0.204304
vt 0.457274 0.204288
vt 0.457274 0.230656
vt 0.460962 0.231640
vt 0.460962 0.204279
vt 0.453586 0.204295
vt 0.453586 0.229848
vt 0.449898 0.229217
vt 0.449898 0.204300
vt 0.147622 0.101822
vt 0.146131 0.109682
vt 0.153747 0.114574
vt 0.153747 0.106089
vt 0.983717 0.971391
vt 0.990856 0.975977
vt 0.990856 0.966926
vt 0.983437 0.963932
vt 0.095922 0.174116
vt 0.101977 0.152004
vt 0.095922 0.157233
vt 0.942288 0.934985
vt 0.941195 0.925429
vt 0.945600 0.935326
vt 0.944872 0.925725
vt 0.948920 0.935531
vt 0.948556 0.925903
vt 0.952244 0.935600
vt 0.952244 0.925963
vt 0.955567 0.935531
vt 0.955931 0.925903
vt 0.931858 0.932729
vt 0.930204 0.923831
vt 0.344744 0.189669
vt 0.344704 0.162384
vt 0.965500 0.934509
vt 0.966958 0.925015
vt 0.962199 0.934985
vt 0.963292 0.925429
vt 0.958887 0.935326
vt 0.959615 0.925725
vt 0.206775 0.154037
vt 0.203536 0.153229
vt 0.200266 0.152598
vt 0.193661 0.151875
vt 0.190343 0.133560
vt 0.190343 0.151785
vt 0.196971 0.152147
vt 0.164131 0.133560
vt 0.164131 0.150452
vt 0.170712 0.155020
vt 0.173911 0.154037
vt 0.177150 0.153229
vt 0.180420 0.152598
vt 0.187025 0.151875
vt 0.148346 0.157234
vt 0.142291 0.152004
vt 0.148345 0.174117
vt 0.138589 0.153564
vt 0.135346 0.154372
vt 0.132071 0.155002
vt 0.128772 0.155454
vt 0.122134 0.174116
vt 0.105679 0.153563
vt 0.108922 0.154372
vt 0.112197 0.155002
vt 0.118811 0.155725
vt 0.122134 0.155816
vt 0.115496 0.155454
vt 0.125457 0.155725
vt 0.646836 0.010669
vt 0.646836 0.016847
vt 0.183714 0.152147
s 1
usemtl DefaultMaterial
f 4330/3398/1930 4327/3399/1931 4328/3400/1932
f 4328/3400/1932 4329/3401/1931 4330/3398/1930
s 0
f 4334/3402/1933 4331/3403/1933 4332/3404/1933
f 4332/3404/1934 4333/3405/1934 4334/3402/1934
f 4338/3406/1935 4335/3407/1935 4336/3408/1935
f 4336/3408/1935 4337/3409/1935 4338/3406/1935
f 4342/3410/1936 4339/3411/1936 4340/3400/1936
f 4340/3400/1936 4341/3399/1936 4342/3410/1936
s 1
f 4346/3412/1937 4343/3413/1938 4344/3414/1939
f 4344/3414/1939 4345/3415/1940 4346/3412/1937
f 4350/3416/1941 4347/3417/1941 4348/3418/1941
s 0
f 4348/3418/1941 4349/3419/1941 4350/3416/1941
s 1
f 4354/3420/1942 4351/3421/1943 4352/3422/1944
f 4352/3422/1944 4353/3423/1945 4354/3420/1942
f 4356/3424/1946 4355/3425/1947 4351/3421/1943
f 4351/3421/1943 4354/3420/1942 4356/3424/1946
f 4358/3426/1948 4357/3427/1949 4355/3425/1947
f 4355/3425/1947 4356/3424/1946 4358/3426/1948
f 4360/3428/1950 4359/3429/1951 4357/3427/1949
f 4357/3427/1949 4358/3426/1948 4360/3428/1950
f 4362/3430/1952 4361/3431/1953 4359/3429/1951
f 4359/3429/1951 4360/3428/1950 4362/3430/1952
f 4364/3432/1954 4363/3433/1955 4361/3431/1953
f 4361/3431/1953 4362/3430/1952 4364/3432/1954
f 4366/3434/1956 4365/3435/1957 4363/3433/1955
f 4363/3433/1955 4364/3432/1954 4366/3434/1956
f 4368/3436/1958 4367/3437/1959 4365/3435/1957
f 4365/3435/1957 4366/3434/1956 4368/3436/1958
f 4370/3438/1960 4369/3439/1961 4367/3437/1959
f 4367/3437/1959 4368/3436/1958 4370/3438/1960
f 4372/3440/1962 4371/3441/1963 4369/3439/1961
f 4369/3439/1961 4370/3438/1960 4372/3440/1962
f 4374/3442/1964 4373/3443/1965 4371/3441/1963
f 4371/3441/1963 4372/3440/1962 4374/3442/1964
f 4376/3444/1966 4375/3445/1967 4373/3443/1965
f 4373/3443/1965 4374/3442/1964 4376/3444/1966
s 0
f 4380/3446/1968 4377/3447/1968 4378/3448/1968
f 4378/3448/1968 4379/3449/1968 4380/3446/1968
s 1
f 4384/3450/1969 4381/3451/1970 4382/3452/1971
f 4382/3452/1971 4383/3453/1972 4384/3450/1969
s 0
f 4388/3454/1973 4385/3455/1973 4386/3456/1973
f 4386/3456/1973 4387/3457/1973 4388/3454/1973
f 4392/3458/1974 4389/3454/1974 4390/3457/1974
f 4390/3457/1974 4391/3459/1974 4392/3458/1974
f 4396/3460/1975 4393/3458/1975 4394/3459/1975
f 4394/3459/1975 4395/3461/1975 4396/3460/1975
f 4400/3462/1976 4397/3460/1976 4398/3461/1976
f 4398/3461/1976 4399/3463/1976 4400/3462/1976
f 4404/3464/1977 4401/3462/1977 4402/3463/1977
f 4402/3463/1977 4403/3465/1977 4404/3464/1977
f 4408/3466/1978 4405/3464/1978 4406/3465/1978
f 4406/3465/1978 4407/3467/1978 4408/3466/1978
f 4412/3468/1979 4409/3466/1979 4410/3467/1979
f 4410/3467/1980 4411/3469/1980 4412/3468/1980
f 4416/3470/1981 4413/3468/1981 4414/3469/1981
f 4414/3469/1981 4415/3471/1981 4416/3470/1981
f 4420/3472/1982 4417/3470/1982 4418/3471/1982
f 4418/3471/1983 4419/3473/1983 4420/3472/1983
f 4424/3403/1984 4421/3472/1984 4422/3473/1984
f 4422/3473/1984 4423/3404/1984 4424/3403/1984
f 4428/3474/1985 4425/3475/1985 4426/3476/1985
f 4426/3476/1985 4427/3477/1985 4428/3474/1985
f 4432/3478/1986 4429/3479/1986 4430/3480/1986
f 4430/3480/1986 4431/3481/1986 4432/3478/1986
s 1
f 4436/3482/1987 4433/3483/1987 4434/3408/1988
f 4434/3408/1988 4435/3407/1987 4436/3482/1987
f 4440/3484/1989 4437/3485/1989 4438/3486/1990
f 4438/3486/1990 4439/3487/1991 4440/3484/1989
f 4444/3488/1992 4441/3489/1993 4442/3490/1993
f 4442/3490/1993 4443/3491/1994 4444/3488/1992
s 0
f 4445/3492/1995 4446/3493/1995 4447/3494/1995
f 4451/3419/1996 4448/3418/1996 4449/3495/1996
f 4449/3495/1996 4450/3496/1996 4451/3419/1996
f 4455/3496/1997 4452/3495/1997 4453/3497/1997
f 4453/3497/1997 4454/3498/1997 4455/3496/1997
f 4459/3498/1998 4456/3497/1998 4457/3499/1998
f 4457/3499/1998 4458/3500/1998 4459/3498/1998
f 4463/3500/1999 4460/3499/1999 4461/3501/1999
f 4461/3501/1999 4462/3502/1999 4463/3500/1999
f 4467/3502/2000 4464/3501/2000 4465/3503/2000
f 4465/3503/2000 4466/3504/2000 4467/3502/2000
f 4471/3504/2001 4468/3503/2001 4469/3505/2001
f 4469/3505/2001 4470/3506/2001 4471/3504/2001
f 4475/3506/2002 4472/3505/2002 4473/3507/2002
f 4473/3507/2002 4474/3508/2002 4475/3506/2002
f 4479/3509/2003 4476/3510/2003 4477/3511/2003
f 4477/3511/2003 4478/3512/2003 4479/3509/2003
f 4483/3513/2004 4480/3514/2004 4481/3510/2004
f 4481/3510/2004 4482/3509/2004 4483/3513/2004
f 4487/3508/2005 4484/3507/2005 4485/3515/2005
f 4485/3515/2005 4486/3516/2005 4487/3508/2005
f 4491/3516/2006 4488/3515/2006 4489/3514/2006
f 4489/3514/2006 4490/3513/2006 4491/3516/2006
s 1
f 4495/3517/2007 4492/3518/2007 4493/3519/2007
f 4493/3519/2007 4494/3520/2007 4495/3517/2007
f 4499/3521/2008 4496/3522/2008 4497/3523/2008
f 4497/3523/2008 4498/3524/2008 4499/3521/2008
s 0
f 4500/3525/2009 4501/3526/2009 4502/3527/2009
s 1
f 4381/3451/1970 4503/3528/2010 4504/3529/2011
f 4504/3529/2011 4382/3452/1971 4381/3451/1970
f 4503/3528/2010 4505/3530/2012 4506/3531/2013
f 4506/3531/2013 4504/3529/2011 4503/3528/2010
f 4505/3530/2012 4507/3532/2014 4508/3533/2015
f 4508/3533/2015 4506/3531/2013 4505/3530/2012
f 4507/3532/2014 4509/3534/2016 4510/3535/2017
f 4510/3535/2017 4508/3533/2015 4507/3532/2014
f 4509/3534/2016 4511/3536/2018 4512/3537/2019
f 4512/3537/2019 4510/3535/2017 4509/3534/2016
f 4514/3538/2020 4384/3450/1969 4383/3453/1972
f 4383/3453/1972 4513/3539/2021 4514/3538/2020
s 0
f 4518/3540/2022 4515/3541/2022 4516/3456/2022
f 4516/3456/2023 4517/3455/2023 4518/3540/2023
s 1
f 4520/3542/2024 4345/3415/1940 4344/3414/1939
f 4344/3414/1939 4519/3543/2025 4520/3542/2024
f 4522/3544/2026 4520/3542/2024 4519/3543/2025
f 4519/3543/2025 4521/3545/2027 4522/3544/2026
f 4511/3536/2018 4523/3546/2028 4524/3547/2029
f 4524/3547/2029 4512/3537/2019 4511/3536/2018
f 4523/3546/2028 4522/3544/2026 4521/3545/2027
f 4521/3545/2027 4524/3547/2029 4523/3546/2028
s 0
f 4380/3446/1968 4525/3410/1968 4526/3398/1968
f 4526/3398/1968 4377/3447/1968 4380/3446/1968
f 4527/3399/1968 4526/3398/1968 4525/3410/1968
f 4528/3407/1985 4529/3406/1985 4530/3482/1985
f 4425/3475/1985 4531/3482/1985 4532/3406/1985
f 4532/3406/1985 4426/3476/1985 4425/3475/1985
f 4533/3492/1995 4534/3548/1995 4535/3493/1995
f 4536/3492/1995 4537/3549/1995 4538/3548/1995
f 4533/3492/1995 4539/3550/1995 4540/3549/1995
f 4541/3551/1995 4542/3552/1995 4543/3553/1995
f 4545/3554/1995 4544/3550/1995 4533/3492/1995
f 4533/3492/1995 4542/3552/1995 4545/3554/1995
f 4549/3555/1995 4546/3556/1995 4547/3557/1995
f 4547/3557/1995 4548/3558/1995 4549/3555/1995
f 4548/3558/1995 4550/3559/1995 4549/3555/1995
f 4550/3559/1995 4551/3560/1995 4549/3555/1995
f 4552/3553/1995 4553/3552/1995 4554/3561/1995
f 4555/3562/2009 4556/3563/2009 4557/3564/2009
f 4558/3563/2009 4559/3565/2009 4560/3564/2009
f 4559/3565/2009 4561/3566/2009 4560/3564/2009
f 4562/3566/2009 4563/3567/2009 4560/3564/2009
f 4563/3567/2009 4564/3568/2009 4565/3569/2009
f 4565/3569/2009 4560/3564/2009 4563/3567/2009
f 4566/3525/2009 4567/3570/2009 4568/3526/2009
f 4569/3525/2009 4570/3571/2009 4571/3570/2009
f 4566/3525/2009 4572/3572/2009 4573/3571/2009
f 4574/3573/2009 4565/3569/2009 4575/3574/2009
f 4576/3575/2009 4565/3569/2009 4574/3573/2009
f 4577/3576/2009 4565/3569/2009 4564/3568/2009
f 4429/3479/1986 4578/3577/1986 4579/3578/1986
f 4579/3578/1986 4430/3480/1986 4429/3479/1986
f 4575/3574/2009 4565/3569/2009 4577/3576/2009
f 4580/3554/1995 4553/3552/1995 4581/3551/1995
f 4576/3575/2009 4582/3572/2009 4569/3525/2009
f 4569/3525/2009 4565/3569/2009 4576/3575/2009
f 4583/3579/1995 4584/3561/1995 4542/3552/1995
f 4549/3555/1995 4551/3560/1995 4583/3579/1995
f 4583/3579/1995 4542/3552/1995 4549/3555/1995
o defaultMaterial.018
v 0.223813 -0.676011 0.680310
v 0.186247 -0.613971 0.613971
v 0.186572 -0.613863 0.846951
v 0.223813 -0.676011 0.846951
v -0.155895 -0.622371 0.845673
v -0.155896 -0.622370 0.622370
v -0.186247 -0.613971 0.613971
v -0.186573 -0.613863 0.846951
v -0.223814 -0.676011 0.680310
v -0.186247 -0.613971 0.613971
v -0.186247 -0.847594 0.613971
v -0.223814 -0.847601 0.680310
v 0.186245 -0.847594 0.613971
v 0.186247 -0.613971 0.613971
v 0.223813 -0.676011 0.680310
v 0.223813 -0.847601 0.680310
v 0.186572 -0.613863 0.846951
v 0.155896 -0.622370 0.845673
v 0.140504 -0.684541 0.896687
v 0.172112 -0.671223 0.896687
v -0.186247 -0.613971 0.613971
v -0.155896 -0.622370 0.622370
v -0.155897 -0.847520 0.622370
v -0.186247 -0.847594 0.613971
v 0.155895 -0.847520 0.622371
v 0.186245 -0.847594 0.613971
v 0.167621 -0.897338 0.676142
v 0.140305 -0.897338 0.684541
v 0.125169 -0.847459 0.629270
v 0.112652 -0.897338 0.691441
v 0.094141 -0.847412 0.634654
v 0.084727 -0.897338 0.696825
v 0.062887 -0.847378 0.638509
v 0.056598 -0.897338 0.700679
v 0.031481 -0.847357 0.640826
v 0.028333 -0.897338 0.702996
v -0.000001 -0.847350 0.641598
v -0.000001 -0.897338 0.703769
v -0.031483 -0.847357 0.640826
v -0.028334 -0.897337 0.702996
v -0.062889 -0.847377 0.638509
v -0.056600 -0.897337 0.700679
v -0.094143 -0.847412 0.634654
v -0.084729 -0.897337 0.696825
v -0.125171 -0.847459 0.629270
v -0.112654 -0.897337 0.691441
v -0.155897 -0.847520 0.622370
v -0.140307 -0.897337 0.684541
v -0.186247 -0.847594 0.613971
v -0.167623 -0.897337 0.676142
v 0.223813 -0.715876 0.896687
v 0.223813 -0.860035 0.896687
v 0.223813 -0.897338 0.859385
v 0.223813 -0.897338 0.715154
v -0.112810 -0.691441 0.896687
v -0.125169 -0.629270 0.844637
v -0.155895 -0.622371 0.845673
v -0.140503 -0.684541 0.896687
v 0.155896 -0.622370 0.845673
v 0.155895 -0.622370 0.622371
v 0.125170 -0.629270 0.629270
v 0.125170 -0.629270 0.844637
v 0.125170 -0.629270 0.844637
v 0.125170 -0.629270 0.629270
v 0.094143 -0.634654 0.634654
v 0.094143 -0.634654 0.843828
v 0.094143 -0.634654 0.843828
v 0.094143 -0.634654 0.634654
v 0.062887 -0.638509 0.638509
v 0.062888 -0.638509 0.843249
v 0.062888 -0.638509 0.843249
v 0.062887 -0.638509 0.638509
v 0.031481 -0.640825 0.640826
v 0.031482 -0.640825 0.842902
v 0.031482 -0.640825 0.842902
v 0.031481 -0.640825 0.640826
v -0.000001 -0.641598 0.641598
v 0.000001 -0.641598 0.842785
v 0.000001 -0.641598 0.842785
v -0.000001 -0.641598 0.641598
v -0.031482 -0.640825 0.640826
v -0.031481 -0.640825 0.842902
v -0.031481 -0.640825 0.842902
v -0.031482 -0.640825 0.640826
v -0.062888 -0.638509 0.638509
v -0.062887 -0.638509 0.843249
v -0.062887 -0.638509 0.843249
v -0.062888 -0.638509 0.638509
v -0.094143 -0.634654 0.634654
v -0.094141 -0.634654 0.843828
v -0.094141 -0.634654 0.843828
v -0.094143 -0.634654 0.634654
v -0.125170 -0.629270 0.629270
v -0.125169 -0.629270 0.844637
v -0.125169 -0.629270 0.844637
v -0.125170 -0.629270 0.629270
v -0.155896 -0.622370 0.622370
v -0.155895 -0.622371 0.845673
v -0.223814 -0.715878 0.896687
v -0.223814 -0.897337 0.715153
v -0.223814 -0.897337 0.859385
v -0.223814 -0.860035 0.896687
v -0.000000 -0.860035 0.896687
v -0.000000 -0.897337 0.859385
v 0.223813 -0.897338 0.859385
v 0.223813 -0.860035 0.896687
v -0.186573 -0.613863 0.846951
v -0.186247 -0.613971 0.613971
v -0.223814 -0.676011 0.680310
v -0.223814 -0.676011 0.846951
v -0.223814 -0.897337 0.715153
v -0.223814 -0.847601 0.680310
v -0.186247 -0.847594 0.613971
v -0.167623 -0.897337 0.676142
v 0.223813 -0.847601 0.680310
v 0.223813 -0.897338 0.715154
v 0.167621 -0.897338 0.676142
v 0.186245 -0.847594 0.613971
v 0.223813 -0.897338 0.859385
v 0.167621 -0.897338 0.676142
v 0.223813 -0.897338 0.715154
v -0.155896 -0.622370 0.622370
v -0.125170 -0.629270 0.629270
v -0.125171 -0.847459 0.629270
v -0.155897 -0.847520 0.622370
v -0.125170 -0.629270 0.629270
v -0.094143 -0.634654 0.634654
v -0.094143 -0.847412 0.634654
v -0.125171 -0.847459 0.629270
v -0.094143 -0.634654 0.634654
v -0.062888 -0.638509 0.638509
v -0.062889 -0.847377 0.638509
v -0.094143 -0.847412 0.634654
v -0.062888 -0.638509 0.638509
v -0.031482 -0.640825 0.640826
v -0.031483 -0.847357 0.640826
v -0.062889 -0.847377 0.638509
v -0.031482 -0.640825 0.640826
v -0.000001 -0.641598 0.641598
v -0.000001 -0.847350 0.641598
v -0.031483 -0.847357 0.640826
v -0.000001 -0.641598 0.641598
v 0.031481 -0.640825 0.640826
v 0.031481 -0.847357 0.640826
v -0.000001 -0.847350 0.641598
v 0.031481 -0.640825 0.640826
v 0.062887 -0.638509 0.638509
v 0.062887 -0.847378 0.638509
v 0.031481 -0.847357 0.640826
v 0.155895 -0.622370 0.622371
v 0.186247 -0.613971 0.613971
v 0.186245 -0.847594 0.613971
v 0.155895 -0.847520 0.622371
v 0.125170 -0.629270 0.629270
v 0.155895 -0.622370 0.622371
v 0.155895 -0.847520 0.622371
v 0.125169 -0.847459 0.629270
v 0.062887 -0.638509 0.638509
v 0.094143 -0.634654 0.634654
v 0.094141 -0.847412 0.634654
v 0.062887 -0.847378 0.638509
v 0.094143 -0.634654 0.634654
v 0.125170 -0.629270 0.629270
v 0.125169 -0.847459 0.629270
v 0.094141 -0.847412 0.634654
v -0.172112 -0.671224 0.896687
v -0.186573 -0.613863 0.846951
v -0.223814 -0.676011 0.846951
v -0.223814 -0.715878 0.896687
v 0.186572 -0.613863 0.846951
v 0.172112 -0.671223 0.896687
v 0.223813 -0.715876 0.896687
v 0.223813 -0.676011 0.846951
v -0.223814 -0.860035 0.896687
v -0.172112 -0.671224 0.896687
v -0.223814 -0.715878 0.896687
v -0.084846 -0.696824 0.896687
v -0.094141 -0.634654 0.843828
v -0.056678 -0.700679 0.896687
v -0.062887 -0.638509 0.843249
v -0.028373 -0.702996 0.896687
v -0.031481 -0.640825 0.842902
v 0.000001 -0.703769 0.896687
v 0.000001 -0.641598 0.842785
v 0.028374 -0.702996 0.896687
v 0.031482 -0.640825 0.842902
v -0.186573 -0.613863 0.846951
v -0.172112 -0.671224 0.896687
v 0.186247 -0.613971 0.613971
v 0.155895 -0.622370 0.622371
v 0.155896 -0.622370 0.845673
v 0.186572 -0.613863 0.846951
v 0.125170 -0.629270 0.844637
v 0.112812 -0.691440 0.896687
v 0.094143 -0.634654 0.843828
v 0.084848 -0.696824 0.896687
v 0.056679 -0.700679 0.896687
v 0.062888 -0.638509 0.843249
v 0.223813 -0.847601 0.680310
v 0.223813 -0.676011 0.846951
v 0.223813 -0.676011 0.680310
v 0.223813 -0.676011 0.846951
v 0.223813 -0.847601 0.680310
v -0.223814 -0.676011 0.680310
v -0.223814 -0.847601 0.680310
v -0.223814 -0.676011 0.846951
v -0.223814 -0.676011 0.846951
v -0.223814 -0.847601 0.680310
v 0.223813 -0.897338 0.859385
v 0.140305 -0.897338 0.684541
v 0.167621 -0.897338 0.676142
v 0.223813 -0.897338 0.859385
v 0.112652 -0.897338 0.691441
v 0.140305 -0.897338 0.684541
v 0.084727 -0.897338 0.696825
v 0.112652 -0.897338 0.691441
v 0.028333 -0.897338 0.702996
v -0.000000 -0.897337 0.859385
v -0.000001 -0.897338 0.703769
v 0.084727 -0.897338 0.696825
v 0.056598 -0.897338 0.700679
v -0.223814 -0.897337 0.715153
v -0.167623 -0.897337 0.676142
v -0.140307 -0.897337 0.684541
v -0.223814 -0.897337 0.859385
v -0.140307 -0.897337 0.684541
v -0.112654 -0.897337 0.691441
v -0.223814 -0.897337 0.859385
v -0.112654 -0.897337 0.691441
v -0.084729 -0.897337 0.696825
v -0.028334 -0.897337 0.702996
v 0.223813 -0.715876 0.896687
v 0.172112 -0.671223 0.896687
v 0.223813 -0.860035 0.896687
v 0.140504 -0.684541 0.896687
v 0.112812 -0.691440 0.896687
v 0.084848 -0.696824 0.896687
v 0.056679 -0.700679 0.896687
v -0.000000 -0.860035 0.896687
v -0.140503 -0.684541 0.896687
v -0.112810 -0.691441 0.896687
v -0.084846 -0.696824 0.896687
v -0.028373 -0.702996 0.896687
v -0.000000 -0.860035 0.896687
v 0.000001 -0.703769 0.896687
v -0.056678 -0.700679 0.896687
v -0.000000 -0.860035 0.896687
v -0.028373 -0.702996 0.896687
v 0.028374 -0.702996 0.896687
v -0.000000 -0.860035 0.896687
v 0.056679 -0.700679 0.896687
v -0.223814 -0.860035 0.896687
v -0.223814 -0.897337 0.859385
v 0.000001 -0.703769 0.896687
v -0.000000 -0.860035 0.896687
v 0.028374 -0.702996 0.896687
v 0.056598 -0.897338 0.700679
v -0.000000 -0.897337 0.859385
v 0.028333 -0.897338 0.702996
v -0.056678 -0.700679 0.896687
v -0.056600 -0.897337 0.700679
v -0.028334 -0.897337 0.702996
v -0.000000 -0.897337 0.859385
v -0.056600 -0.897337 0.700679
vn 0.8568 0.5157 -0.0008
vn 0.8568 0.5156 -0.0009
vn 0.2672 0.9636 -0.0000
vn 0.2667 0.9638 -0.0001
vn -0.8702 -0.0000 -0.4928
vn 0.8702 -0.0000 -0.4928
vn 0.1309 0.4478 0.8845
vn 0.3087 0.8821 0.3558
vn -0.2496 0.8844 0.3945
vn -0.1005 0.3369 0.9361
vn 0.2667 -0.0000 -0.9638
vn -0.0872 -0.9372 -0.3377
vn -0.2286 -0.4110 -0.8825
vn 0.3251 -0.3597 -0.8746
vn 0.1266 -0.8998 -0.4176
vn -0.0685 -0.9401 -0.3339
vn -0.1828 -0.4197 -0.8891
vn -0.0506 -0.9423 -0.3309
vn -0.1371 -0.4263 -0.8941
vn -0.0334 -0.9438 -0.3288
vn -0.0914 -0.4309 -0.8977
vn -0.0166 -0.9447 -0.3276
vn -0.0457 -0.4337 -0.8999
vn -0.0000 -0.9450 -0.3272
vn -0.0000 -0.4346 -0.9006
vn 0.0166 -0.9447 -0.3276
vn 0.0456 -0.4337 -0.8999
vn 0.0334 -0.9438 -0.3289
vn 0.0914 -0.4309 -0.8977
vn 0.0506 -0.9423 -0.3309
vn 0.1371 -0.4264 -0.8941
vn 0.0685 -0.9401 -0.3339
vn 0.1828 -0.4197 -0.8890
vn 0.0871 -0.9372 -0.3377
vn 0.2286 -0.4110 -0.8825
vn -0.1266 -0.8998 -0.4176
vn -0.3252 -0.3597 -0.8746
vn 1.0000 -0.0000 -0.0000
vn 0.1005 0.3369 0.9361
vn 0.0761 0.3438 0.9359
vn 0.1898 0.8929 0.4084
vn 0.2496 0.8844 0.3945
vn -0.2191 0.9757 -0.0000
vn -0.1710 0.9853 -0.0000
vn -0.1224 0.9925 -0.0000
vn -0.0735 0.9973 -0.0000
vn -0.0245 0.9997 -0.0000
vn 0.0245 0.9997 -0.0000
vn 0.0735 0.9973 -0.0000
vn 0.1224 0.9925 -0.0000
vn 0.1710 0.9853 -0.0000
vn 0.2191 0.9757 -0.0000
vn -1.0000 -0.0000 -0.0000
vn -0.0000 -0.7071 0.7071
vn -0.8568 0.5157 -0.0008
vn -0.5866 -0.6190 -0.5222
vn -0.5867 -0.6190 -0.5222
vn -0.5867 -0.6190 -0.5221
vn -0.5867 -0.6191 -0.5221
vn 0.5866 -0.6190 -0.5221
vn 0.5867 -0.6190 -0.5222
vn 0.5867 -0.6190 -0.5221
vn 0.5866 -0.6191 -0.5222
vn -0.0000 -1.0000 -0.0000
vn 0.2191 -0.0000 -0.9757
vn 0.1710 -0.0000 -0.9853
vn 0.1224 -0.0000 -0.9925
vn 0.0736 -0.0000 -0.9973
vn 0.0245 -0.0000 -0.9997
vn -0.0245 -0.0000 -0.9997
vn -0.0736 -0.0000 -0.9973
vn -0.2667 -0.0000 -0.9638
vn -0.2191 -0.0000 -0.9757
vn -0.1224 -0.0000 -0.9925
vn -0.1710 -0.0000 -0.9853
vn -0.6185 0.5151 0.5934
vn 0.6185 0.5151 0.5934
vn -0.0000 -0.0000 1.0000
vn 0.0568 0.3440 0.9373
vn 0.1427 0.8998 0.4122
vn 0.0378 0.3441 0.9382
vn 0.0952 0.9049 0.4149
vn 0.0188 0.3442 0.9387
vn 0.0477 0.9079 0.4165
vn -0.0000 0.3442 0.9389
vn -0.0000 0.9089 0.4170
vn -0.0188 0.3442 0.9387
vn -0.0476 0.9079 0.4165
vn -0.1309 0.4478 0.8845
vn -0.3087 0.8821 0.3558
vn -0.2672 0.9636 -0.0000
vn -0.2669 0.9637 -0.0000
vn -0.0761 0.3439 0.9359
vn -0.1898 0.8928 0.4084
vn -0.0568 0.3440 0.9373
vn -0.1427 0.8998 0.4122
vn -0.0378 0.3441 0.9382
vn -0.0952 0.9049 0.4149
vt 0.728899 0.683232
vt 0.742835 0.669907
vt 0.743156 0.658394
vt 0.722950 0.676885
vt 0.515964 0.187680
vt 0.519692 0.187530
vt 0.519692 0.161378
vt 0.516004 0.160394
vt 0.729217 0.631291
vt 0.743542 0.617552
vt 0.743221 0.606039
vt 0.722950 0.624619
vt 0.757160 0.683646
vt 0.763428 0.676974
vt 0.979643 0.563742
vt 0.981298 0.554843
vt 0.977625 0.555498
vt 0.975801 0.564913
vt 0.783926 0.996008
vt 0.811286 0.996008
vt 0.810303 0.992320
vt 0.783935 0.992320
vt 0.977132 0.420392
vt 0.978951 0.429724
vt 0.982561 0.430478
vt 0.980391 0.421150
vt 0.973853 0.419767
vt 0.975315 0.429102
vt 0.970558 0.419278
vt 0.971659 0.428616
vt 0.967252 0.418927
vt 0.967988 0.428267
vt 0.963937 0.418715
vt 0.964306 0.428058
vt 0.960618 0.418645
vt 0.960618 0.427987
vt 0.957300 0.418715
vt 0.956931 0.428058
vt 0.953985 0.418927
vt 0.953249 0.428267
vt 0.950678 0.419278
vt 0.949577 0.428616
vt 0.947384 0.419767
vt 0.945921 0.429102
vt 0.944105 0.420392
vt 0.942286 0.429724
vt 0.940845 0.421150
vt 0.938676 0.430478
vt 0.758404 0.690713
vt 0.728074 0.690719
vt 0.740119 0.702764
vt 0.746353 0.702764
vt 0.942716 0.564913
vt 0.946002 0.565522
vt 0.944544 0.556028
vt 0.940892 0.555498
vt 0.552885 0.187409
vt 0.556573 0.187530
vt 0.556573 0.161378
vt 0.552885 0.162186
vt 0.549197 0.187314
vt 0.549197 0.162817
vt 0.545509 0.187246
vt 0.545508 0.163268
vt 0.541820 0.187205
vt 0.541820 0.163539
vt 0.538132 0.187192
vt 0.538132 0.163630
vt 0.534444 0.187205
vt 0.534444 0.163539
vt 0.530756 0.187246
vt 0.530756 0.163268
vt 0.527068 0.187314
vt 0.527068 0.162817
vt 0.523380 0.187409
vt 0.523380 0.162186
vt 0.746258 0.650409
vt 0.758303 0.638364
vt 0.727973 0.638358
vt 0.740024 0.650409
vt 0.987194 0.005357
vt 0.960983 0.005357
vt 0.960983 0.011535
vt 0.987194 0.011535
vt 0.757478 0.630877
vt 0.763428 0.624530
vt 0.978186 0.871759
vt 0.975747 0.879390
vt 0.982857 0.879219
vt 0.987763 0.871759
vt 0.636805 0.040282
vt 0.629465 0.045365
vt 0.629465 0.052477
vt 0.637035 0.049856
vt 0.276963 0.133560
vt 0.270382 0.155020
vt 0.276963 0.150452
vt 0.809495 0.988631
vt 0.783942 0.988631
vt 0.808864 0.984943
vt 0.783947 0.984943
vt 0.808413 0.981255
vt 0.783951 0.981255
vt 0.808141 0.977567
vt 0.783954 0.977567
vt 0.808051 0.973879
vt 0.783954 0.973879
vt 0.808141 0.970191
vt 0.783954 0.970191
vt 0.808413 0.966503
vt 0.783951 0.966503
vt 0.783935 0.955439
vt 0.810303 0.955439
vt 0.811286 0.951751
vt 0.783926 0.951751
vt 0.783942 0.959127
vt 0.809495 0.959127
vt 0.808864 0.962815
vt 0.783947 0.962815
vt 0.435436 0.294507
vt 0.443297 0.295998
vt 0.448189 0.288382
vt 0.439704 0.288382
vt 0.990257 0.408906
vt 0.994843 0.401766
vt 0.985792 0.401766
vt 0.982797 0.409185
vt 0.664520 0.165827
vt 0.670575 0.143714
vt 0.664520 0.148944
vt 0.949303 0.565998
vt 0.948210 0.556441
vt 0.952615 0.566339
vt 0.951887 0.556738
vt 0.955935 0.566544
vt 0.955571 0.556916
vt 0.959258 0.566612
vt 0.959258 0.556976
vt 0.962582 0.566544
vt 0.962946 0.556916
vt 0.938873 0.563742
vt 0.937219 0.554843
vt 0.560301 0.187680
vt 0.560261 0.160394
vt 0.972515 0.565522
vt 0.973973 0.556028
vt 0.969214 0.565998
vt 0.970307 0.556441
vt 0.965901 0.566339
vt 0.966630 0.556738
vt 0.267183 0.154037
vt 0.263944 0.153229
vt 0.260674 0.152598
vt 0.254069 0.151875
vt 0.250751 0.133560
vt 0.250751 0.151785
vt 0.257379 0.152147
vt 0.224539 0.133560
vt 0.224539 0.150452
vt 0.231120 0.155020
vt 0.234319 0.154037
vt 0.237558 0.153229
vt 0.240828 0.152598
vt 0.247433 0.151875
vt 0.716944 0.148944
vt 0.710889 0.143714
vt 0.716944 0.165827
vt 0.707187 0.145274
vt 0.703944 0.146082
vt 0.700669 0.146713
vt 0.697370 0.147164
vt 0.690732 0.165827
vt 0.674277 0.145274
vt 0.677520 0.146082
vt 0.680795 0.146713
vt 0.687409 0.147435
vt 0.690732 0.147526
vt 0.684094 0.147164
vt 0.694055 0.147435
vt 0.934771 0.005357
vt 0.934771 0.011535
vt 0.244122 0.152147
s 1
usemtl DefaultMaterial
f 4588/3580/2030 4585/3581/2030 4586/3582/2031
f 4586/3582/2031 4587/3583/2030 4588/3580/2030
s 0
f 4592/3584/2032 4589/3585/2032 4590/3586/2032
f 4590/3586/2033 4591/3587/2033 4592/3584/2033
f 4596/3588/2034 4593/3589/2034 4594/3590/2034
f 4594/3590/2034 4595/3591/2034 4596/3588/2034
f 4600/3592/2035 4597/3593/2035 4598/3582/2035
f 4598/3582/2035 4599/3581/2035 4600/3592/2035
s 1
f 4604/3594/2036 4601/3595/2037 4602/3596/2038
f 4602/3596/2038 4603/3597/2039 4604/3594/2036
s 0
f 4608/3598/2040 4605/3599/2040 4606/3600/2040
f 4606/3600/2040 4607/3601/2040 4608/3598/2040
s 1
f 4612/3602/2041 4609/3603/2042 4610/3604/2043
f 4610/3604/2043 4611/3605/2044 4612/3602/2041
f 4614/3606/2045 4613/3607/2046 4609/3603/2042
f 4609/3603/2042 4612/3602/2041 4614/3606/2045
f 4616/3608/2047 4615/3609/2048 4613/3607/2046
f 4613/3607/2046 4614/3606/2045 4616/3608/2047
f 4618/3610/2049 4617/3611/2050 4615/3609/2048
f 4615/3609/2048 4616/3608/2047 4618/3610/2049
f 4620/3612/2051 4619/3613/2052 4617/3611/2050
f 4617/3611/2050 4618/3610/2049 4620/3612/2051
f 4622/3614/2053 4621/3615/2054 4619/3613/2052
f 4619/3613/2052 4620/3612/2051 4622/3614/2053
f 4624/3616/2055 4623/3617/2056 4621/3615/2054
f 4621/3615/2054 4622/3614/2053 4624/3616/2055
f 4626/3618/2057 4625/3619/2058 4623/3617/2056
f 4623/3617/2056 4624/3616/2055 4626/3618/2057
f 4628/3620/2059 4627/3621/2060 4625/3619/2058
f 4625/3619/2058 4626/3618/2057 4628/3620/2059
f 4630/3622/2061 4629/3623/2062 4627/3621/2060
f 4627/3621/2060 4628/3620/2059 4630/3622/2061
f 4632/3624/2063 4631/3625/2064 4629/3623/2062
f 4629/3623/2062 4630/3622/2061 4632/3624/2063
f 4634/3626/2065 4633/3627/2066 4631/3625/2064
f 4631/3625/2064 4632/3624/2063 4634/3626/2065
s 0
f 4638/3628/2067 4635/3629/2067 4636/3630/2067
f 4636/3630/2067 4637/3631/2067 4638/3628/2067
s 1
f 4642/3632/2068 4639/3633/2069 4640/3634/2070
f 4640/3634/2070 4641/3635/2071 4642/3632/2068
s 0
f 4646/3636/2072 4643/3637/2072 4644/3638/2072
f 4644/3638/2072 4645/3639/2072 4646/3636/2072
f 4650/3640/2073 4647/3636/2073 4648/3639/2073
f 4648/3639/2073 4649/3641/2073 4650/3640/2073
f 4654/3642/2074 4651/3640/2074 4652/3641/2074
f 4652/3641/2074 4653/3643/2074 4654/3642/2074
f 4658/3644/2075 4655/3642/2075 4656/3643/2075
f 4656/3643/2075 4657/3645/2075 4658/3644/2075
f 4662/3646/2076 4659/3644/2076 4660/3645/2076
f 4660/3645/2076 4661/3647/2076 4662/3646/2076
f 4666/3648/2077 4663/3646/2077 4664/3647/2077
f 4664/3647/2077 4665/3649/2077 4666/3648/2077
f 4670/3650/2078 4667/3648/2078 4668/3649/2078
f 4668/3649/2078 4669/3651/2078 4670/3650/2078
f 4674/3652/2079 4671/3650/2079 4672/3651/2079
f 4672/3651/2079 4673/3653/2079 4674/3652/2079
f 4678/3654/2080 4675/3652/2080 4676/3653/2080
f 4676/3653/2080 4677/3655/2080 4678/3654/2080
f 4682/3585/2081 4679/3654/2081 4680/3655/2081
f 4680/3655/2081 4681/3586/2081 4682/3585/2081
f 4686/3656/2082 4683/3657/2082 4684/3658/2082
f 4684/3658/2082 4685/3659/2082 4686/3656/2082
f 4690/3660/2083 4687/3661/2083 4688/3662/2083
f 4688/3662/2083 4689/3663/2083 4690/3660/2083
s 1
f 4694/3664/2084 4691/3665/2084 4692/3590/2084
f 4692/3590/2084 4693/3589/2084 4694/3664/2084
f 4698/3666/2085 4695/3667/2086 4696/3668/2087
f 4696/3668/2087 4697/3669/2088 4698/3666/2085
f 4702/3670/2089 4699/3671/2090 4700/3672/2091
f 4700/3672/2091 4701/3673/2092 4702/3670/2089
s 0
f 4703/3674/2093 4704/3675/2093 4705/3676/2093
f 4709/3601/2094 4706/3600/2094 4707/3677/2094
f 4707/3677/2094 4708/3678/2094 4709/3601/2094
f 4713/3678/2095 4710/3677/2095 4711/3679/2095
f 4711/3679/2095 4712/3680/2095 4713/3678/2095
f 4717/3680/2096 4714/3679/2096 4715/3681/2096
f 4715/3681/2096 4716/3682/2096 4717/3680/2096
f 4721/3682/2097 4718/3681/2097 4719/3683/2097
f 4719/3683/2097 4720/3684/2097 4721/3682/2097
f 4725/3684/2098 4722/3683/2098 4723/3685/2098
f 4723/3685/2098 4724/3686/2098 4725/3684/2098
f 4729/3686/2099 4726/3685/2099 4727/3687/2099
f 4727/3687/2099 4728/3688/2099 4729/3686/2099
f 4733/3688/2100 4730/3687/2100 4731/3689/2100
f 4731/3689/2100 4732/3690/2100 4733/3688/2100
f 4737/3691/2101 4734/3692/2101 4735/3693/2101
f 4735/3693/2101 4736/3694/2101 4737/3691/2101
f 4741/3695/2102 4738/3696/2102 4739/3692/2102
f 4739/3692/2102 4740/3691/2102 4741/3695/2102
f 4745/3690/2103 4742/3689/2103 4743/3697/2103
f 4743/3697/2103 4744/3698/2103 4745/3690/2103
f 4749/3698/2104 4746/3697/2104 4747/3696/2104
f 4747/3696/2104 4748/3695/2104 4749/3698/2104
s 1
f 4753/3699/2105 4750/3700/2105 4751/3701/2105
f 4751/3701/2105 4752/3702/2105 4753/3699/2105
f 4757/3703/2106 4754/3704/2106 4755/3705/2106
f 4755/3705/2106 4756/3706/2106 4757/3703/2106
s 0
f 4758/3707/2107 4759/3708/2107 4760/3709/2107
s 1
f 4639/3633/2069 4761/3710/2108 4762/3711/2109
f 4762/3711/2109 4640/3634/2070 4639/3633/2069
f 4761/3710/2108 4763/3712/2110 4764/3713/2111
f 4764/3713/2111 4762/3711/2109 4761/3710/2108
f 4763/3712/2110 4765/3714/2112 4766/3715/2113
f 4766/3715/2113 4764/3713/2111 4763/3712/2110
f 4765/3714/2112 4767/3716/2114 4768/3717/2115
f 4768/3717/2115 4766/3715/2113 4765/3714/2112
f 4767/3716/2114 4769/3718/2116 4770/3719/2117
f 4770/3719/2117 4768/3717/2115 4767/3716/2114
f 4772/3720/2118 4642/3632/2068 4641/3635/2071
f 4641/3635/2071 4771/3721/2119 4772/3720/2118
s 0
f 4776/3722/2120 4773/3723/2120 4774/3638/2120
f 4774/3638/2121 4775/3637/2121 4776/3722/2121
s 1
f 4778/3724/2122 4603/3597/2039 4602/3596/2038
f 4602/3596/2038 4777/3725/2123 4778/3724/2122
f 4780/3726/2124 4778/3724/2122 4777/3725/2123
f 4777/3725/2123 4779/3727/2125 4780/3726/2124
f 4769/3718/2116 4781/3728/2126 4782/3729/2127
f 4782/3729/2127 4770/3719/2117 4769/3718/2116
f 4781/3728/2126 4780/3726/2124 4779/3727/2125
f 4779/3727/2125 4782/3729/2127 4781/3728/2126
s 0
f 4638/3628/2067 4783/3592/2067 4784/3580/2067
f 4784/3580/2067 4635/3629/2067 4638/3628/2067
f 4785/3581/2067 4786/3580/2067 4787/3592/2067
f 4788/3589/2082 4789/3588/2082 4790/3664/2082
f 4683/3657/2082 4791/3664/2082 4792/3588/2082
f 4792/3588/2082 4684/3658/2082 4683/3657/2082
f 4793/3674/2093 4794/3730/2093 4795/3675/2093
f 4796/3674/2093 4797/3731/2093 4798/3730/2093
f 4793/3674/2093 4799/3732/2093 4800/3731/2093
f 4801/3733/2093 4802/3734/2093 4803/3735/2093
f 4805/3736/2093 4804/3732/2093 4703/3674/2093
f 4703/3674/2093 4802/3734/2093 4805/3736/2093
f 4809/3737/2093 4806/3738/2093 4807/3739/2093
f 4807/3739/2093 4808/3740/2093 4809/3737/2093
f 4810/3740/2093 4811/3741/2093 4812/3737/2093
f 4813/3741/2093 4814/3742/2093 4809/3737/2093
f 4803/3735/2093 4802/3734/2093 4815/3743/2093
f 4816/3744/2107 4817/3745/2107 4818/3746/2107
f 4817/3745/2107 4819/3747/2107 4818/3746/2107
f 4819/3747/2107 4820/3748/2107 4818/3746/2107
f 4820/3748/2107 4821/3749/2107 4818/3746/2107
f 4821/3749/2107 4822/3750/2107 4823/3751/2107
f 4823/3751/2107 4818/3746/2107 4821/3749/2107
f 4758/3707/2107 4824/3752/2107 4759/3708/2107
f 4758/3707/2107 4825/3753/2107 4824/3752/2107
f 4758/3707/2107 4826/3754/2107 4825/3753/2107
f 4827/3755/2107 4828/3751/2107 4829/3756/2107
f 4830/3757/2107 4831/3751/2107 4832/3755/2107
f 4833/3758/2107 4834/3751/2107 4835/3750/2107
f 4687/3661/2083 4836/3759/2083 4837/3760/2083
f 4837/3760/2083 4688/3662/2083 4687/3661/2083
f 4838/3756/2107 4839/3751/2107 4840/3758/2107
f 4841/3736/2093 4842/3734/2093 4843/3733/2093
f 4844/3757/2107 4826/3754/2107 4758/3707/2107
f 4758/3707/2107 4823/3751/2107 4844/3757/2107
f 4845/3761/2093 4846/3743/2093 4847/3734/2093
f 4809/3737/2093 4814/3742/2093 4848/3761/2093
f 4848/3761/2093 4802/3734/2093 4809/3737/2093
o defaultMaterial.019
v 0.223813 -0.676011 -0.680310
v 0.223813 -0.676011 -0.846951
v 0.186572 -0.613864 -0.846951
v 0.186246 -0.613971 -0.613971
v -0.155895 -0.622371 -0.845673
v -0.186573 -0.613863 -0.846951
v -0.186247 -0.613971 -0.613971
v -0.155897 -0.622370 -0.622370
v -0.223814 -0.676011 -0.680310
v -0.223814 -0.847601 -0.680310
v -0.186247 -0.847594 -0.613971
v -0.186247 -0.613971 -0.613971
v 0.186245 -0.847594 -0.613971
v 0.223813 -0.847601 -0.680310
v 0.223813 -0.676011 -0.680310
v 0.186246 -0.613971 -0.613971
v 0.186572 -0.613864 -0.846951
v 0.172112 -0.671223 -0.896687
v 0.140504 -0.684541 -0.896687
v 0.155896 -0.622370 -0.845673
v -0.186247 -0.613971 -0.613971
v -0.186247 -0.847594 -0.613971
v -0.155897 -0.847520 -0.622370
v -0.155897 -0.622370 -0.622370
v 0.155895 -0.847520 -0.622371
v 0.140305 -0.897338 -0.684541
v 0.167621 -0.897338 -0.676142
v 0.186245 -0.847594 -0.613971
v 0.125169 -0.847459 -0.629270
v 0.112652 -0.897338 -0.691441
v 0.094141 -0.847412 -0.634654
v 0.084727 -0.897338 -0.696825
v 0.062887 -0.847378 -0.638509
v 0.056598 -0.897338 -0.700679
v 0.031481 -0.847357 -0.640826
v 0.028333 -0.897337 -0.702996
v -0.000001 -0.847350 -0.641598
v -0.000001 -0.897337 -0.703769
v -0.031483 -0.847357 -0.640826
v -0.028335 -0.897337 -0.702996
v -0.062889 -0.847377 -0.638509
v -0.056600 -0.897337 -0.700679
v -0.094143 -0.847412 -0.634654
v -0.084729 -0.897337 -0.696824
v -0.125171 -0.847459 -0.629270
v -0.112654 -0.897337 -0.691441
v -0.155897 -0.847520 -0.622370
v -0.140307 -0.897337 -0.684541
v -0.186247 -0.847594 -0.613971
v -0.167623 -0.897337 -0.676142
v 0.223813 -0.715876 -0.896687
v 0.223813 -0.897338 -0.715154
v 0.223813 -0.897338 -0.859385
v 0.223813 -0.860035 -0.896687
v -0.112811 -0.691441 -0.896687
v -0.140503 -0.684541 -0.896687
v -0.155895 -0.622371 -0.845673
v -0.125169 -0.629270 -0.844637
v 0.155896 -0.622370 -0.845673
v 0.125170 -0.629270 -0.844637
v 0.125170 -0.629270 -0.629270
v 0.155895 -0.622370 -0.622371
v 0.125170 -0.629270 -0.844637
v 0.094142 -0.634654 -0.843828
v 0.094142 -0.634654 -0.634654
v 0.125170 -0.629270 -0.629270
v 0.094142 -0.634654 -0.843828
v 0.062888 -0.638509 -0.843250
v 0.062887 -0.638509 -0.638509
v 0.094142 -0.634654 -0.634654
v 0.062888 -0.638509 -0.843250
v 0.031482 -0.640825 -0.842902
v 0.031481 -0.640825 -0.640826
v 0.062887 -0.638509 -0.638509
v 0.031482 -0.640825 -0.842902
v 0.000001 -0.641598 -0.842786
v -0.000001 -0.641598 -0.641598
v 0.031481 -0.640825 -0.640826
v 0.000001 -0.641598 -0.842786
v -0.031481 -0.640826 -0.842902
v -0.031483 -0.640825 -0.640826
v -0.000001 -0.641598 -0.641598
v -0.031481 -0.640826 -0.842902
v -0.062887 -0.638509 -0.843249
v -0.062889 -0.638509 -0.638509
v -0.031483 -0.640825 -0.640826
v -0.062887 -0.638509 -0.843249
v -0.094141 -0.634654 -0.843828
v -0.094143 -0.634654 -0.634654
v -0.062889 -0.638509 -0.638509
v -0.094141 -0.634654 -0.843828
v -0.125169 -0.629270 -0.844637
v -0.125171 -0.629270 -0.629270
v -0.094143 -0.634654 -0.634654
v -0.125169 -0.629270 -0.844637
v -0.155895 -0.622371 -0.845673
v -0.155897 -0.622370 -0.622370
v -0.125171 -0.629270 -0.629270
v -0.223814 -0.715878 -0.896687
v -0.223814 -0.860035 -0.896687
v -0.223814 -0.897337 -0.859385
v -0.223814 -0.897337 -0.715153
v -0.000000 -0.860035 -0.896687
v 0.223813 -0.860035 -0.896687
v 0.223813 -0.897338 -0.859385
v -0.000000 -0.897338 -0.859385
v -0.186573 -0.613863 -0.846951
v -0.223814 -0.676011 -0.846951
v -0.223814 -0.676011 -0.680310
v -0.186247 -0.613971 -0.613971
v -0.223814 -0.897337 -0.715153
v -0.167623 -0.897337 -0.676142
v -0.186247 -0.847594 -0.613971
v -0.223814 -0.847601 -0.680310
v 0.223813 -0.847601 -0.680310
v 0.186245 -0.847594 -0.613971
v 0.167621 -0.897338 -0.676142
v 0.223813 -0.897338 -0.715154
v 0.223813 -0.897338 -0.859385
v 0.223813 -0.897338 -0.715154
v 0.167621 -0.897338 -0.676142
v -0.155897 -0.622370 -0.622370
v -0.155897 -0.847520 -0.622370
v -0.125171 -0.847459 -0.629270
v -0.125171 -0.629270 -0.629270
v -0.125171 -0.629270 -0.629270
v -0.125171 -0.847459 -0.629270
v -0.094143 -0.847412 -0.634654
v -0.094143 -0.634654 -0.634654
v -0.094143 -0.634654 -0.634654
v -0.094143 -0.847412 -0.634654
v -0.062889 -0.847377 -0.638509
v -0.062889 -0.638509 -0.638509
v -0.062889 -0.638509 -0.638509
v -0.062889 -0.847377 -0.638509
v -0.031483 -0.847357 -0.640826
v -0.031483 -0.640825 -0.640826
v -0.031483 -0.640825 -0.640826
v -0.031483 -0.847357 -0.640826
v -0.000001 -0.847350 -0.641598
v -0.000001 -0.641598 -0.641598
v -0.000001 -0.641598 -0.641598
v -0.000001 -0.847350 -0.641598
v 0.031481 -0.847357 -0.640826
v 0.031481 -0.640825 -0.640826
v 0.031481 -0.640825 -0.640826
v 0.031481 -0.847357 -0.640826
v 0.062887 -0.847378 -0.638509
v 0.062887 -0.638509 -0.638509
v 0.155895 -0.622370 -0.622371
v 0.155895 -0.847520 -0.622371
v 0.186245 -0.847594 -0.613971
v 0.186246 -0.613971 -0.613971
v 0.125170 -0.629270 -0.629270
v 0.125169 -0.847459 -0.629270
v 0.155895 -0.847520 -0.622371
v 0.155895 -0.622370 -0.622371
v 0.062887 -0.638509 -0.638509
v 0.062887 -0.847378 -0.638509
v 0.094141 -0.847412 -0.634654
v 0.094142 -0.634654 -0.634654
v 0.094142 -0.634654 -0.634654
v 0.094141 -0.847412 -0.634654
v 0.125169 -0.847459 -0.629270
v 0.125170 -0.629270 -0.629270
v -0.172112 -0.671224 -0.896687
v -0.223814 -0.715878 -0.896687
v -0.223814 -0.676011 -0.846951
v -0.186573 -0.613863 -0.846951
v 0.186572 -0.613864 -0.846951
v 0.223813 -0.676011 -0.846951
v 0.223813 -0.715876 -0.896687
v 0.172112 -0.671223 -0.896687
v -0.223814 -0.860035 -0.896687
v -0.223814 -0.715878 -0.896687
v -0.172112 -0.671224 -0.896687
v -0.084846 -0.696824 -0.896687
v -0.094141 -0.634654 -0.843828
v -0.056678 -0.700679 -0.896687
v -0.062887 -0.638509 -0.843249
v -0.028373 -0.702996 -0.896687
v -0.031481 -0.640826 -0.842902
v 0.000001 -0.703769 -0.896687
v 0.000001 -0.641598 -0.842786
v 0.028374 -0.702996 -0.896687
v 0.031482 -0.640825 -0.842902
v -0.172112 -0.671224 -0.896687
v -0.186573 -0.613863 -0.846951
v 0.186246 -0.613971 -0.613971
v 0.186572 -0.613864 -0.846951
v 0.155896 -0.622370 -0.845673
v 0.155895 -0.622370 -0.622371
v 0.112812 -0.691440 -0.896687
v 0.125170 -0.629270 -0.844637
v 0.084848 -0.696824 -0.896687
v 0.094142 -0.634654 -0.843828
v 0.056679 -0.700679 -0.896687
v 0.062888 -0.638509 -0.843250
v 0.223813 -0.847601 -0.680310
v 0.223813 -0.676011 -0.846951
v 0.223813 -0.676011 -0.680310
v 0.223813 -0.847601 -0.680310
v 0.223813 -0.676011 -0.846951
v -0.223814 -0.676011 -0.680310
v -0.223814 -0.676011 -0.846951
v -0.223814 -0.847601 -0.680310
v -0.223814 -0.676011 -0.846951
v -0.223814 -0.847601 -0.680310
v 0.140305 -0.897338 -0.684541
v 0.223813 -0.897338 -0.859385
v 0.140305 -0.897338 -0.684541
v 0.112652 -0.897338 -0.691441
v 0.112652 -0.897338 -0.691441
v 0.084727 -0.897338 -0.696825
v 0.028333 -0.897337 -0.702996
v -0.000001 -0.897337 -0.703769
v -0.000000 -0.897338 -0.859385
v 0.056598 -0.897338 -0.700679
v -0.223814 -0.897337 -0.715153
v -0.223814 -0.897337 -0.859385
v -0.140307 -0.897337 -0.684541
v -0.167623 -0.897337 -0.676142
v -0.140307 -0.897337 -0.684541
v -0.223814 -0.897337 -0.859385
v -0.112654 -0.897337 -0.691441
v -0.112654 -0.897337 -0.691441
v -0.223814 -0.897337 -0.859385
v -0.084729 -0.897337 -0.696824
v -0.028335 -0.897337 -0.702996
v 0.223813 -0.715876 -0.896687
v 0.223813 -0.860035 -0.896687
v 0.172112 -0.671223 -0.896687
v 0.140504 -0.684541 -0.896687
v 0.112812 -0.691440 -0.896687
v 0.112812 -0.691440 -0.896687
v 0.223813 -0.860035 -0.896687
v 0.084848 -0.696824 -0.896687
v 0.056679 -0.700679 -0.896687
v 0.084848 -0.696824 -0.896687
v -0.000000 -0.860035 -0.896687
v -0.223814 -0.860035 -0.896687
v -0.172112 -0.671224 -0.896687
v -0.140503 -0.684541 -0.896687
v -0.223814 -0.860035 -0.896687
v -0.140503 -0.684541 -0.896687
v -0.112811 -0.691441 -0.896687
v -0.112811 -0.691441 -0.896687
v -0.084846 -0.696824 -0.896687
v -0.028373 -0.702996 -0.896687
v 0.000001 -0.703769 -0.896687
v -0.056678 -0.700679 -0.896687
v -0.028373 -0.702996 -0.896687
v -0.000000 -0.860035 -0.896687
v 0.028374 -0.702996 -0.896687
v 0.056679 -0.700679 -0.896687
v -0.223814 -0.860035 -0.896687
v -0.223814 -0.897337 -0.859385
v -0.000000 -0.860035 -0.896687
v 0.028333 -0.897337 -0.702996
v -0.000000 -0.897338 -0.859385
v -0.084846 -0.696824 -0.896687
v -0.056678 -0.700679 -0.896687
v -0.056600 -0.897337 -0.700679
v -0.000000 -0.897338 -0.859385
v -0.028335 -0.897337 -0.702996
v -0.084729 -0.897337 -0.696824
v -0.056600 -0.897337 -0.700679
vn 0.8568 0.5156 0.0009
vn 0.8567 0.5158 0.0008
vn 0.8568 0.5157 0.0008
vn 0.2672 0.9636 -0.0000
vn 0.2667 0.9638 0.0001
vn -0.8702 -0.0000 0.4928
vn 0.8702 -0.0000 0.4928
vn -0.2496 0.8844 -0.3945
vn 0.3087 0.8821 -0.3559
vn 0.1309 0.4478 -0.8845
vn -0.1005 0.3369 -0.9361
vn 0.2667 -0.0000 0.9638
vn 0.3252 -0.3597 0.8746
vn -0.2286 -0.4110 0.8825
vn -0.0872 -0.9372 0.3377
vn 0.1266 -0.8997 0.4176
vn -0.1828 -0.4197 0.8891
vn -0.0685 -0.9401 0.3339
vn -0.1371 -0.4263 0.8941
vn -0.0506 -0.9423 0.3309
vn -0.0914 -0.4309 0.8977
vn -0.0334 -0.9438 0.3288
vn -0.0456 -0.4336 0.8999
vn -0.0166 -0.9447 0.3276
vn -0.0000 -0.4345 0.9007
vn -0.0000 -0.9450 0.3272
vn 0.0457 -0.4337 0.8999
vn 0.0166 -0.9447 0.3276
vn 0.0914 -0.4309 0.8977
vn 0.0334 -0.9438 0.3289
vn 0.1371 -0.4263 0.8941
vn 0.0506 -0.9423 0.3309
vn 0.1829 -0.4197 0.8890
vn 0.0685 -0.9401 0.3339
vn 0.2287 -0.4110 0.8825
vn 0.0872 -0.9372 0.3377
vn -0.3252 -0.3596 0.8746
vn -0.1266 -0.8997 0.4176
vn 1.0000 -0.0000 -0.0000
vn 0.1898 0.8929 -0.4084
vn 0.0761 0.3438 -0.9359
vn 0.1005 0.3370 -0.9361
vn 0.2496 0.8844 -0.3945
vn -0.2191 0.9757 -0.0000
vn -0.1710 0.9853 -0.0000
vn -0.1224 0.9925 -0.0000
vn -0.0735 0.9973 -0.0000
vn -0.0246 0.9997 -0.0000
vn -0.0245 0.9997 -0.0000
vn 0.0245 0.9997 -0.0000
vn 0.0736 0.9973 -0.0000
vn 0.0735 0.9973 -0.0000
vn 0.1224 0.9925 -0.0000
vn 0.1710 0.9853 -0.0000
vn 0.2191 0.9757 -0.0000
vn -1.0000 -0.0000 -0.0000
vn -0.0000 -0.7071 -0.7071
vn -0.8568 0.5156 0.0009
vn -0.8568 0.5157 0.0008
vn -0.8567 0.5158 0.0008
vn -0.5867 -0.6190 0.5221
vn -0.5866 -0.6190 0.5222
vn -0.5867 -0.6191 0.5221
vn 0.5867 -0.6190 0.5221
vn 0.5866 -0.6190 0.5221
vn 0.5866 -0.6190 0.5222
vn -0.0000 -1.0000 -0.0000
vn 0.2191 -0.0000 0.9757
vn 0.1710 -0.0000 0.9853
vn 0.1224 -0.0000 0.9925
vn 0.0736 -0.0000 0.9973
vn 0.0245 -0.0000 0.9997
vn -0.0245 -0.0000 0.9997
vn -0.0736 -0.0000 0.9973
vn -0.2667 -0.0000 0.9638
vn -0.2191 -0.0000 0.9757
vn -0.1224 -0.0000 0.9925
vn -0.1710 -0.0000 0.9853
vn -0.6185 0.5151 -0.5934
vn 0.6185 0.5151 -0.5934
vn -0.0000 -0.0000 -1.0000
vn 0.1426 0.8998 -0.4122
vn 0.0568 0.3440 -0.9373
vn 0.0952 0.9049 -0.4149
vn 0.0377 0.3441 -0.9382
vn 0.0476 0.9079 -0.4165
vn 0.0188 0.3442 -0.9387
vn -0.0000 0.9089 -0.4170
vn -0.0000 0.3442 -0.9389
vn -0.0477 0.9079 -0.4165
vn -0.0188 0.3442 -0.9387
vn -0.1309 0.4478 -0.8845
vn -0.3087 0.8821 -0.3559
vn -0.2670 0.9637 -0.0000
vn -0.2669 0.9637 0.0001
vn -0.0761 0.3438 -0.9359
vn -0.1898 0.8928 -0.4084
vn -0.0568 0.3440 -0.9373
vn -0.1427 0.8998 -0.4122
vn -0.0952 0.9049 -0.4149
vn -0.0378 0.3441 -0.9382
vt 0.763172 0.492348
vt 0.763493 0.503861
vt 0.777429 0.517186
vt 0.783378 0.510839
vt 0.220181 0.189307
vt 0.220181 0.163155
vt 0.216453 0.163005
vt 0.216493 0.190290
vt 0.208501 0.260452
vt 0.196988 0.260131
vt 0.183249 0.274456
vt 0.189921 0.280724
vt 0.742900 0.510928
vt 0.749168 0.517600
vt 0.975177 0.050387
vt 0.978850 0.051042
vt 0.977196 0.042143
vt 0.973353 0.040973
vt 0.728616 0.175620
vt 0.724928 0.174637
vt 0.724928 0.201997
vt 0.728616 0.201989
vt 0.153661 0.017933
vt 0.150050 0.018687
vt 0.148231 0.028019
vt 0.151491 0.027261
vt 0.146415 0.019309
vt 0.144953 0.028644
vt 0.142759 0.019795
vt 0.141658 0.029133
vt 0.139088 0.020144
vt 0.138352 0.029484
vt 0.135406 0.020354
vt 0.135037 0.029696
vt 0.131718 0.020424
vt 0.131718 0.029766
vt 0.128031 0.020354
vt 0.128399 0.029696
vt 0.124349 0.020144
vt 0.125085 0.029484
vt 0.120677 0.019795
vt 0.121778 0.029133
vt 0.117021 0.019309
vt 0.118484 0.028644
vt 0.113386 0.018687
vt 0.115205 0.028019
vt 0.109776 0.017933
vt 0.111945 0.027261
vt 0.766208 0.536718
vt 0.778253 0.524673
vt 0.747923 0.524667
vt 0.759974 0.536718
vt 0.942096 0.049858
vt 0.943554 0.040363
vt 0.940268 0.040973
vt 0.938444 0.050387
vt 0.257062 0.189307
vt 0.257062 0.163155
vt 0.253374 0.163276
vt 0.253374 0.188499
vt 0.249686 0.163371
vt 0.249686 0.187868
vt 0.245998 0.163439
vt 0.245998 0.187417
vt 0.242310 0.163479
vt 0.242310 0.187145
vt 0.238622 0.163493
vt 0.238622 0.187055
vt 0.234934 0.163479
vt 0.234933 0.187145
vt 0.231246 0.163439
vt 0.231245 0.187417
vt 0.227557 0.163371
vt 0.227557 0.187868
vt 0.223869 0.163276
vt 0.223869 0.188499
vt 0.176182 0.275701
vt 0.176176 0.245371
vt 0.164131 0.257416
vt 0.164131 0.263649
vt 0.190343 0.003992
vt 0.190343 0.010171
vt 0.216554 0.010171
vt 0.216554 0.003992
vt 0.190011 0.240246
vt 0.183663 0.246195
vt 0.973383 0.719384
vt 0.980495 0.719384
vt 0.977874 0.711814
vt 0.968300 0.712044
vt 0.637096 0.032297
vt 0.636925 0.025187
vt 0.629465 0.020282
vt 0.629465 0.029859
vt 0.352830 0.154399
vt 0.352830 0.137508
vt 0.346249 0.132939
vt 0.732305 0.176429
vt 0.732305 0.201982
vt 0.735993 0.177059
vt 0.735993 0.201976
vt 0.739681 0.177511
vt 0.739681 0.201972
vt 0.743369 0.177782
vt 0.743369 0.201970
vt 0.747057 0.177872
vt 0.747057 0.201969
vt 0.750745 0.177782
vt 0.750745 0.201970
vt 0.754433 0.177511
vt 0.754433 0.201972
vt 0.769185 0.174637
vt 0.765497 0.175621
vt 0.765497 0.201989
vt 0.769185 0.201997
vt 0.761809 0.176429
vt 0.761809 0.201982
vt 0.758121 0.177059
vt 0.758121 0.201976
vt 0.467230 0.086037
vt 0.467230 0.095089
vt 0.474649 0.098083
vt 0.474369 0.090623
vt 0.914227 0.605705
vt 0.906612 0.600813
vt 0.906612 0.609298
vt 0.912737 0.613565
vt 0.785337 0.144540
vt 0.785337 0.161422
vt 0.791392 0.166652
vt 0.945762 0.049444
vt 0.946855 0.039887
vt 0.949439 0.049147
vt 0.950167 0.039546
vt 0.953123 0.048969
vt 0.953487 0.039342
vt 0.956810 0.048910
vt 0.956810 0.039273
vt 0.960498 0.048969
vt 0.960134 0.039342
vt 0.936425 0.042143
vt 0.934771 0.051042
vt 0.260750 0.190290
vt 0.260790 0.163005
vt 0.970067 0.040363
vt 0.971525 0.049858
vt 0.966766 0.039887
vt 0.967859 0.049444
vt 0.964182 0.049147
vt 0.963454 0.039547
vt 0.343050 0.133922
vt 0.339812 0.134731
vt 0.336542 0.135361
vt 0.329937 0.136084
vt 0.326619 0.136174
vt 0.326619 0.154399
vt 0.333247 0.135813
vt 0.306988 0.132939
vt 0.300407 0.137508
vt 0.300407 0.154399
vt 0.310187 0.133922
vt 0.313425 0.134730
vt 0.316696 0.135361
vt 0.323300 0.136084
vt 0.837760 0.161423
vt 0.837760 0.144540
vt 0.831705 0.166652
vt 0.828003 0.165092
vt 0.824760 0.164284
vt 0.821485 0.163654
vt 0.811548 0.144540
vt 0.818186 0.163202
vt 0.795093 0.165092
vt 0.798337 0.164284
vt 0.801612 0.163654
vt 0.808225 0.162931
vt 0.811548 0.162841
vt 0.804911 0.163202
vt 0.814871 0.162931
vt 0.164131 0.003992
vt 0.164131 0.010171
vt 0.319990 0.135813
s 1
usemtl DefaultMaterial
f 4852/3762/2128 4849/3763/2128 4850/3764/2129
f 4850/3764/2129 4851/3765/2130 4852/3762/2128
s 0
f 4856/3766/2131 4853/3767/2131 4854/3768/2131
f 4854/3768/2132 4855/3769/2132 4856/3766/2132
f 4860/3770/2133 4857/3771/2133 4858/3772/2133
f 4858/3772/2133 4859/3773/2133 4860/3770/2133
f 4864/3762/2134 4861/3774/2134 4862/3775/2134
f 4862/3775/2134 4863/3763/2134 4864/3762/2134
s 1
f 4868/3776/2135 4865/3777/2136 4866/3778/2137
f 4866/3778/2137 4867/3779/2138 4868/3776/2135
s 0
f 4872/3780/2139 4869/3781/2139 4870/3782/2139
f 4870/3782/2139 4871/3783/2139 4872/3780/2139
s 1
f 4876/3784/2140 4873/3785/2141 4874/3786/2142
f 4874/3786/2142 4875/3787/2143 4876/3784/2140
f 4873/3785/2141 4877/3788/2144 4878/3789/2145
f 4878/3789/2145 4874/3786/2142 4873/3785/2141
f 4877/3788/2144 4879/3790/2146 4880/3791/2147
f 4880/3791/2147 4878/3789/2145 4877/3788/2144
f 4879/3790/2146 4881/3792/2148 4882/3793/2149
f 4882/3793/2149 4880/3791/2147 4879/3790/2146
f 4881/3792/2148 4883/3794/2150 4884/3795/2151
f 4884/3795/2151 4882/3793/2149 4881/3792/2148
f 4883/3794/2150 4885/3796/2152 4886/3797/2153
f 4886/3797/2153 4884/3795/2151 4883/3794/2150
f 4885/3796/2152 4887/3798/2154 4888/3799/2155
f 4888/3799/2155 4886/3797/2153 4885/3796/2152
f 4887/3798/2154 4889/3800/2156 4890/3801/2157
f 4890/3801/2157 4888/3799/2155 4887/3798/2154
f 4889/3800/2156 4891/3802/2158 4892/3803/2159
f 4892/3803/2159 4890/3801/2157 4889/3800/2156
f 4891/3802/2158 4893/3804/2160 4894/3805/2161
f 4894/3805/2161 4892/3803/2159 4891/3802/2158
f 4893/3804/2160 4895/3806/2162 4896/3807/2163
f 4896/3807/2163 4894/3805/2161 4893/3804/2160
f 4895/3806/2162 4897/3808/2164 4898/3809/2165
f 4898/3809/2165 4896/3807/2163 4895/3806/2162
s 0
f 4902/3810/2166 4899/3811/2166 4900/3812/2166
f 4900/3812/2166 4901/3813/2166 4902/3810/2166
s 1
f 4906/3814/2167 4903/3815/2168 4904/3816/2169
f 4904/3816/2169 4905/3817/2170 4906/3814/2167
s 0
f 4910/3818/2171 4907/3819/2171 4908/3820/2171
f 4908/3820/2171 4909/3821/2171 4910/3818/2171
f 4914/3821/2172 4911/3820/2172 4912/3822/2172
f 4912/3822/2172 4913/3823/2172 4914/3821/2172
f 4918/3823/2173 4915/3822/2173 4916/3824/2173
f 4916/3824/2173 4917/3825/2173 4918/3823/2173
f 4922/3825/2174 4919/3824/2174 4920/3826/2174
f 4920/3826/2174 4921/3827/2174 4922/3825/2174
f 4926/3827/2175 4923/3826/2175 4924/3828/2175
f 4924/3828/2176 4925/3829/2176 4926/3827/2176
f 4930/3829/2177 4927/3828/2177 4928/3830/2177
f 4928/3830/2177 4929/3831/2177 4930/3829/2177
f 4934/3831/2178 4931/3830/2178 4932/3832/2178
f 4932/3832/2179 4933/3833/2179 4934/3831/2179
f 4938/3833/2180 4935/3832/2180 4936/3834/2180
f 4936/3834/2180 4937/3835/2180 4938/3833/2180
f 4942/3835/2181 4939/3834/2181 4940/3836/2181
f 4940/3836/2181 4941/3837/2181 4942/3835/2181
f 4946/3837/2182 4943/3836/2182 4944/3767/2182
f 4944/3767/2182 4945/3766/2182 4946/3837/2182
f 4950/3838/2183 4947/3839/2183 4948/3840/2183
f 4948/3840/2183 4949/3841/2183 4950/3838/2183
f 4954/3842/2184 4951/3843/2184 4952/3844/2184
f 4952/3844/2184 4953/3845/2184 4954/3842/2184
s 1
f 4958/3770/2185 4955/3846/2186 4956/3847/2187
f 4956/3847/2187 4957/3771/2186 4958/3770/2185
f 4962/3848/2188 4959/3849/2189 4960/3850/2189
f 4960/3850/2189 4961/3851/2190 4962/3848/2188
f 4966/3852/2191 4963/3853/2191 4964/3854/2192
f 4964/3854/2192 4965/3855/2193 4966/3852/2191
s 0
f 4967/3856/2194 4968/3857/2194 4969/3858/2194
f 4973/3859/2195 4970/3780/2195 4971/3783/2195
f 4971/3783/2195 4972/3860/2195 4973/3859/2195
f 4977/3861/2196 4974/3859/2196 4975/3860/2196
f 4975/3860/2196 4976/3862/2196 4977/3861/2196
f 4981/3863/2197 4978/3861/2197 4979/3862/2197
f 4979/3862/2197 4980/3864/2197 4981/3863/2197
f 4985/3865/2198 4982/3863/2198 4983/3864/2198
f 4983/3864/2198 4984/3866/2198 4985/3865/2198
f 4989/3867/2199 4986/3865/2199 4987/3866/2199
f 4987/3866/2199 4988/3868/2199 4989/3867/2199
f 4993/3869/2200 4990/3867/2200 4991/3868/2200
f 4991/3868/2200 4992/3870/2200 4993/3869/2200
f 4997/3871/2201 4994/3869/2201 4995/3870/2201
f 4995/3870/2201 4996/3872/2201 4997/3871/2201
f 5001/3873/2202 4998/3874/2202 4999/3875/2202
f 4999/3875/2202 5000/3876/2202 5001/3873/2202
f 5005/3874/2203 5002/3877/2203 5003/3878/2203
f 5003/3878/2203 5004/3875/2203 5005/3874/2203
f 5009/3879/2204 5006/3871/2204 5007/3872/2204
f 5007/3872/2204 5008/3880/2204 5009/3879/2204
f 5013/3877/2205 5010/3879/2205 5011/3880/2205
f 5011/3880/2205 5012/3878/2205 5013/3877/2205
s 1
f 5017/3881/2206 5014/3882/2206 5015/3883/2206
f 5015/3883/2206 5016/3884/2206 5017/3881/2206
f 5021/3885/2207 5018/3886/2207 5019/3887/2207
f 5019/3887/2207 5020/3888/2207 5021/3885/2207
s 0
f 5022/3889/2208 5023/3890/2208 5024/3891/2208
s 1
f 5026/3892/2209 5025/3893/2210 4903/3815/2168
f 4903/3815/2168 4906/3814/2167 5026/3892/2209
f 5028/3894/2211 5027/3895/2212 5025/3893/2210
f 5025/3893/2210 5026/3892/2209 5028/3894/2211
f 5030/3896/2213 5029/3897/2214 5027/3895/2212
f 5027/3895/2212 5028/3894/2211 5030/3896/2213
f 5032/3898/2215 5031/3899/2216 5029/3897/2214
f 5029/3897/2214 5030/3896/2213 5032/3898/2215
f 5034/3900/2217 5033/3901/2218 5031/3899/2216
f 5031/3899/2216 5032/3898/2215 5034/3900/2217
f 4905/3817/2170 4904/3816/2169 5035/3902/2219
f 5035/3902/2219 5036/3903/2220 4905/3817/2170
s 0
f 5040/3818/2221 5037/3904/2221 5038/3905/2221
f 5038/3905/2222 5039/3819/2222 5040/3818/2222
s 1
f 4868/3776/2135 4867/3779/2138 5041/3906/2223
f 5041/3906/2223 5042/3907/2224 4868/3776/2135
f 5042/3907/2224 5041/3906/2223 5043/3908/2225
f 5043/3908/2225 5044/3909/2226 5042/3907/2224
f 5046/3910/2227 5045/3911/2228 5033/3901/2218
f 5033/3901/2218 5034/3900/2217 5046/3910/2227
f 5044/3909/2226 5043/3908/2225 5045/3911/2228
f 5045/3911/2228 5046/3910/2227 5044/3909/2226
s 0
f 5048/3764/2166 5047/3775/2166 4900/3812/2166
f 4900/3812/2166 4899/3811/2166 5048/3764/2166
f 5049/3763/2166 5050/3775/2166 5051/3764/2166
f 5052/3771/2183 5053/3847/2183 5054/3772/2183
f 5056/3772/2183 5055/3847/2183 4947/3839/2183
f 4947/3839/2183 4950/3838/2183 5056/3772/2183
f 4967/3856/2194 4969/3858/2194 5057/3912/2194
f 5058/3856/2194 5059/3912/2194 5060/3913/2194
f 4967/3856/2194 5061/3913/2194 5062/3914/2194
f 5063/3915/2194 5064/3916/2194 5065/3917/2194
f 4967/3856/2194 5062/3914/2194 5066/3918/2194
f 5066/3918/2194 5065/3917/2194 4967/3856/2194
f 5070/3919/2194 5067/3920/2194 5068/3921/2194
f 5068/3921/2194 5069/3922/2194 5070/3919/2194
f 5071/3922/2194 5072/3921/2194 5073/3923/2194
f 5074/3923/2194 5075/3921/2194 5076/3924/2194
f 5064/3916/2194 5077/3925/2194 5065/3917/2194
f 5078/3926/2208 5079/3927/2208 5080/3928/2208
f 5080/3928/2208 5079/3927/2208 5081/3929/2208
f 5081/3929/2208 5079/3927/2208 5082/3930/2208
f 5083/3930/2208 5084/3927/2208 5085/3931/2208
f 5088/3932/2208 5086/3933/2208 5087/3931/2208
f 5087/3931/2208 5079/3927/2208 5088/3932/2208
f 5089/3889/2208 5090/3891/2208 5091/3934/2208
f 5092/3889/2208 5093/3934/2208 5094/3935/2208
f 5022/3889/2208 5095/3935/2208 5096/3936/2208
f 5097/3937/2208 5098/3938/2208 5088/3932/2208
f 5099/3939/2208 5100/3937/2208 5101/3932/2208
f 5102/3940/2208 5103/3933/2208 5088/3932/2208
f 5105/3941/2184 5104/3942/2184 4951/3843/2184
f 4951/3843/2184 4954/3842/2184 5105/3941/2184
f 5098/3938/2208 5102/3940/2208 5106/3932/2208
f 5066/3918/2194 5107/3915/2194 5108/3917/2194
f 5089/3889/2208 5109/3936/2208 5110/3939/2208
f 5110/3939/2208 5088/3932/2208 5089/3889/2208
f 5111/3943/2194 5112/3917/2194 5113/3925/2194
f 5115/3943/2194 5114/3924/2194 5068/3921/2194
f 5068/3921/2194 5108/3917/2194 5115/3943/2194
o defaultMaterial.020
v -0.223814 0.676011 0.680310
v -0.186247 0.613971 0.613971
v -0.186573 0.613864 0.846951
v -0.223814 0.676011 0.846951
v 0.155894 0.622371 0.845673
v 0.155896 0.622370 0.622371
v 0.186246 0.613971 0.613971
v 0.186572 0.613864 0.846951
v 0.223813 0.676011 0.680310
v 0.186246 0.613971 0.613971
v 0.186246 0.847595 0.613971
v 0.223813 0.847602 0.680310
v -0.186246 0.847595 0.613972
v -0.186247 0.613971 0.613971
v -0.223814 0.676011 0.680310
v -0.223814 0.847602 0.680310
v -0.186573 0.613864 0.846951
v -0.155897 0.622370 0.845673
v -0.140505 0.684541 0.896687
v -0.172113 0.671223 0.896687
v 0.186246 0.613971 0.613971
v 0.155896 0.622370 0.622371
v 0.155896 0.847520 0.622370
v 0.186246 0.847595 0.613971
v -0.155896 0.847520 0.622371
v -0.186246 0.847595 0.613972
v -0.167622 0.897338 0.676142
v -0.140306 0.897338 0.684541
v -0.125170 0.847459 0.629270
v -0.112653 0.897338 0.691441
v -0.094142 0.847412 0.634654
v -0.084728 0.897338 0.696825
v -0.062888 0.847378 0.638509
v -0.056599 0.897338 0.700679
v -0.031482 0.847357 0.640826
v -0.028334 0.897338 0.702996
v -0.000000 0.847351 0.641599
v -0.000000 0.897338 0.703769
v 0.031482 0.847357 0.640826
v 0.028333 0.897338 0.702996
v 0.062887 0.847378 0.638509
v 0.056599 0.897338 0.700679
v 0.094142 0.847412 0.634654
v 0.084728 0.897338 0.696825
v 0.125170 0.847459 0.629270
v 0.112653 0.897338 0.691441
v 0.155896 0.847520 0.622370
v 0.140306 0.897338 0.684541
v 0.186246 0.847595 0.613971
v 0.167621 0.897338 0.676142
v -0.223814 0.715876 0.896687
v -0.223814 0.860036 0.896687
v -0.223814 0.897338 0.859385
v -0.223814 0.897338 0.715154
v 0.112810 0.691441 0.896687
v 0.125168 0.629271 0.844637
v 0.155894 0.622371 0.845673
v 0.140502 0.684541 0.896687
v -0.155897 0.622370 0.845673
v -0.155896 0.622371 0.622371
v -0.125171 0.629270 0.629270
v -0.125171 0.629270 0.844637
v -0.125171 0.629270 0.844637
v -0.125171 0.629270 0.629270
v -0.094144 0.634654 0.634654
v -0.094144 0.634654 0.843829
v -0.094144 0.634654 0.843829
v -0.094144 0.634654 0.634654
v -0.062888 0.638509 0.638509
v -0.062889 0.638509 0.843250
v -0.062889 0.638509 0.843250
v -0.062888 0.638509 0.638509
v -0.031482 0.640826 0.640826
v -0.031483 0.640826 0.842902
v -0.031483 0.640826 0.842902
v -0.031482 0.640826 0.640826
v -0.000000 0.641599 0.641599
v -0.000002 0.641599 0.842786
v -0.000002 0.641599 0.842786
v -0.000000 0.641599 0.641599
v 0.031482 0.640826 0.640826
v 0.031480 0.640826 0.842902
v 0.031480 0.640826 0.842902
v 0.031482 0.640826 0.640826
v 0.062887 0.638509 0.638509
v 0.062886 0.638509 0.843250
v 0.062886 0.638509 0.843250
v 0.062887 0.638509 0.638509
v 0.094142 0.634654 0.634654
v 0.094140 0.634655 0.843828
v 0.094140 0.634655 0.843828
v 0.094142 0.634654 0.634654
v 0.125170 0.629270 0.629270
v 0.125168 0.629271 0.844637
v 0.125168 0.629271 0.844637
v 0.125170 0.629270 0.629270
v 0.155896 0.622370 0.622371
v 0.155894 0.622371 0.845673
v 0.223813 0.715878 0.896687
v 0.223813 0.897338 0.715153
v 0.223813 0.897338 0.859385
v 0.223813 0.860036 0.896687
v -0.000001 0.860036 0.896687
v -0.000001 0.897338 0.859385
v -0.223814 0.897338 0.859385
v -0.223814 0.860036 0.896687
v 0.186572 0.613864 0.846951
v 0.186246 0.613971 0.613971
v 0.223813 0.676011 0.680310
v 0.223813 0.676011 0.846951
v 0.223813 0.897338 0.715153
v 0.223813 0.847602 0.680310
v 0.186246 0.847595 0.613971
v 0.167621 0.897338 0.676142
v -0.223814 0.847602 0.680310
v -0.223814 0.897338 0.715154
v -0.167622 0.897338 0.676142
v -0.186246 0.847595 0.613972
v -0.223814 0.897338 0.859385
v -0.167622 0.897338 0.676142
v -0.223814 0.897338 0.715154
v 0.155896 0.622370 0.622371
v 0.125170 0.629270 0.629270
v 0.125170 0.847459 0.629270
v 0.155896 0.847520 0.622370
v 0.125170 0.629270 0.629270
v 0.094142 0.634654 0.634654
v 0.094142 0.847412 0.634654
v 0.125170 0.847459 0.629270
v 0.094142 0.634654 0.634654
v 0.062887 0.638509 0.638509
v 0.062887 0.847378 0.638509
v 0.094142 0.847412 0.634654
v 0.062887 0.638509 0.638509
v 0.031482 0.640826 0.640826
v 0.031482 0.847357 0.640826
v 0.062887 0.847378 0.638509
v 0.031482 0.640826 0.640826
v -0.000000 0.641599 0.641599
v -0.000000 0.847351 0.641599
v 0.031482 0.847357 0.640826
v -0.000000 0.641599 0.641599
v -0.031482 0.640826 0.640826
v -0.031482 0.847357 0.640826
v -0.000000 0.847351 0.641599
v -0.031482 0.640826 0.640826
v -0.062888 0.638509 0.638509
v -0.062888 0.847378 0.638509
v -0.031482 0.847357 0.640826
v -0.155896 0.622371 0.622371
v -0.186247 0.613971 0.613971
v -0.186246 0.847595 0.613972
v -0.155896 0.847520 0.622371
v -0.125171 0.629270 0.629270
v -0.155896 0.622371 0.622371
v -0.155896 0.847520 0.622371
v -0.125170 0.847459 0.629270
v -0.062888 0.638509 0.638509
v -0.094144 0.634654 0.634654
v -0.094142 0.847412 0.634654
v -0.062888 0.847378 0.638509
v -0.094144 0.634654 0.634654
v -0.125171 0.629270 0.629270
v -0.125170 0.847459 0.629270
v -0.094142 0.847412 0.634654
v 0.172111 0.671225 0.896687
v 0.186572 0.613864 0.846951
v 0.223813 0.676011 0.846951
v 0.223813 0.715878 0.896687
v -0.186573 0.613864 0.846951
v -0.172113 0.671223 0.896687
v -0.223814 0.715876 0.896687
v -0.223814 0.676011 0.846951
v 0.223813 0.860036 0.896687
v 0.172111 0.671225 0.896687
v 0.223813 0.715878 0.896687
v 0.084845 0.696825 0.896687
v 0.094140 0.634655 0.843828
v 0.056677 0.700680 0.896687
v 0.062886 0.638509 0.843250
v 0.028372 0.702996 0.896687
v 0.031480 0.640826 0.842902
v -0.000002 0.703769 0.896687
v -0.000002 0.641599 0.842786
v -0.028375 0.702996 0.896687
v -0.031483 0.640826 0.842902
v 0.186572 0.613864 0.846951
v 0.172111 0.671225 0.896687
v -0.186247 0.613971 0.613971
v -0.155896 0.622371 0.622371
v -0.155897 0.622370 0.845673
v -0.186573 0.613864 0.846951
v -0.125171 0.629270 0.844637
v -0.112813 0.691441 0.896687
v -0.094144 0.634654 0.843829
v -0.084849 0.696825 0.896687
v -0.056680 0.700679 0.896687
v -0.062889 0.638509 0.843250
v -0.223814 0.847602 0.680310
v -0.223814 0.676011 0.846951
v -0.223814 0.676011 0.680310
v 0.223813 0.676011 0.680310
v 0.223813 0.847602 0.680310
v 0.223813 0.676011 0.846951
v -0.223814 0.897338 0.859385
v -0.140306 0.897338 0.684541
v -0.167622 0.897338 0.676142
v -0.223814 0.897338 0.859385
v -0.112653 0.897338 0.691441
v -0.140306 0.897338 0.684541
v -0.084728 0.897338 0.696825
v -0.112653 0.897338 0.691441
v -0.028334 0.897338 0.702996
v -0.000001 0.897338 0.859385
v -0.000000 0.897338 0.703769
v -0.056599 0.897338 0.700679
v 0.223813 0.897338 0.715153
v 0.167621 0.897338 0.676142
v 0.140306 0.897338 0.684541
v 0.223813 0.897338 0.859385
v 0.140306 0.897338 0.684541
v 0.112653 0.897338 0.691441
v 0.223813 0.897338 0.859385
v 0.084728 0.897338 0.696825
v 0.028333 0.897338 0.702996
v -0.223814 0.715876 0.896687
v -0.172113 0.671223 0.896687
v -0.223814 0.860036 0.896687
v -0.140505 0.684541 0.896687
v -0.112813 0.691441 0.896687
v -0.084849 0.696825 0.896687
v -0.056680 0.700679 0.896687
v -0.000001 0.860036 0.896687
v 0.140502 0.684541 0.896687
v 0.223813 0.860036 0.896687
v 0.112810 0.691441 0.896687
v 0.140502 0.684541 0.896687
v 0.084845 0.696825 0.896687
v 0.112810 0.691441 0.896687
v 0.028372 0.702996 0.896687
v -0.000001 0.860036 0.896687
v -0.000002 0.703769 0.896687
v 0.056677 0.700680 0.896687
v -0.028375 0.702996 0.896687
v 0.223813 0.860036 0.896687
v 0.223813 0.897338 0.859385
v -0.000002 0.703769 0.896687
v 0.084845 0.696825 0.896687
v 0.056677 0.700680 0.896687
v 0.056599 0.897338 0.700679
v 0.056599 0.897338 0.700679
vn -0.8568 -0.5157 -0.0008
vn -0.8568 -0.5156 -0.0008
vn -0.2672 -0.9636 -0.0000
vn -0.2671 -0.9637 -0.0000
vn 0.8702 -0.0000 -0.4928
vn -0.8702 -0.0000 -0.4928
vn -0.1309 -0.4478 0.8845
vn -0.3086 -0.8821 0.3558
vn 0.2496 -0.8844 0.3945
vn 0.1005 -0.3370 0.9361
vn -0.2667 -0.0000 -0.9638
vn 0.0872 0.9372 -0.3377
vn 0.2287 0.4110 -0.8825
vn -0.3252 0.3597 -0.8746
vn -0.1266 0.8998 -0.4176
vn 0.0685 0.9401 -0.3339
vn 0.1828 0.4197 -0.8891
vn 0.0506 0.9423 -0.3309
vn 0.1371 0.4263 -0.8941
vn 0.0334 0.9438 -0.3288
vn 0.0914 0.4309 -0.8977
vn 0.0166 0.9447 -0.3276
vn 0.0457 0.4337 -0.8999
vn -0.0000 0.9450 -0.3272
vn -0.0000 0.4346 -0.9006
vn -0.0166 0.9447 -0.3276
vn -0.0456 0.4337 -0.8999
vn -0.0334 0.9438 -0.3289
vn -0.0914 0.4310 -0.8977
vn -0.0506 0.9423 -0.3309
vn -0.1371 0.4263 -0.8941
vn -0.0685 0.9401 -0.3339
vn -0.1828 0.4197 -0.8890
vn -0.0871 0.9372 -0.3377
vn -0.2286 0.4110 -0.8825
vn 0.1266 0.8998 -0.4176
vn 0.3252 0.3597 -0.8746
vn -1.0000 -0.0000 -0.0000
vn -0.1005 -0.3369 0.9361
vn -0.0761 -0.3438 0.9359
vn -0.1898 -0.8928 0.4084
vn -0.2496 -0.8844 0.3945
vn 0.2191 -0.9757 -0.0000
vn 0.1710 -0.9853 -0.0000
vn 0.1224 -0.9925 -0.0000
vn 0.0736 -0.9973 -0.0000
vn 0.0245 -0.9997 -0.0000
vn -0.0245 -0.9997 -0.0000
vn -0.0736 -0.9973 -0.0000
vn -0.1224 -0.9925 -0.0000
vn -0.1710 -0.9853 -0.0000
vn -0.2191 -0.9757 -0.0000
vn 1.0000 -0.0000 -0.0000
vn -0.0000 0.7071 0.7071
vn 0.8568 -0.5157 -0.0008
vn 0.5866 0.6190 -0.5222
vn 0.5867 0.6190 -0.5222
vn 0.5867 0.6190 -0.5221
vn 0.5867 0.6191 -0.5221
vn -0.5866 0.6190 -0.5221
vn -0.5867 0.6190 -0.5222
vn -0.5866 0.6191 -0.5221
vn -0.0000 1.0000 -0.0000
vn -0.2191 -0.0000 -0.9757
vn -0.1710 -0.0000 -0.9853
vn -0.1224 -0.0000 -0.9925
vn -0.0736 -0.0000 -0.9973
vn -0.0245 -0.0000 -0.9997
vn 0.0245 -0.0000 -0.9997
vn 0.0736 -0.0000 -0.9973
vn 0.2667 -0.0000 -0.9638
vn 0.2191 -0.0000 -0.9757
vn 0.1224 -0.0000 -0.9925
vn 0.1710 -0.0000 -0.9853
vn 0.6185 -0.5151 0.5934
vn -0.6185 -0.5151 0.5934
vn -0.0000 -0.0000 1.0000
vn -0.0568 -0.3440 0.9373
vn -0.1426 -0.8998 0.4122
vn -0.0378 -0.3441 0.9382
vn -0.0952 -0.9049 0.4149
vn -0.0188 -0.3442 0.9387
vn -0.0477 -0.9079 0.4165
vn -0.0000 -0.3442 0.9389
vn -0.0000 -0.9089 0.4170
vn 0.0188 -0.3442 0.9387
vn 0.0476 -0.9079 0.4165
vn 0.1309 -0.4478 0.8845
vn 0.3086 -0.8821 0.3559
vn 0.2668 -0.9638 -0.0001
vn 0.2669 -0.9637 -0.0000
vn 0.0761 -0.3439 0.9359
vn 0.1898 -0.8929 0.4084
vn 0.0568 -0.3440 0.9373
vn 0.1426 -0.8998 0.4122
vn 0.0378 -0.3441 0.9382
vn 0.0952 -0.9049 0.4149
vt 0.760301 0.885348
vt 0.746976 0.871412
vt 0.735463 0.871091
vt 0.753953 0.891298
vt 0.397066 0.162384
vt 0.393338 0.162534
vt 0.393338 0.188685
vt 0.397026 0.189669
vt 0.038203 0.284252
vt 0.023878 0.297991
vt 0.024199 0.309504
vt 0.044471 0.290924
vt 0.760715 0.857087
vt 0.754043 0.850820
vt 0.712965 0.783439
vt 0.711311 0.792338
vt 0.714984 0.791683
vt 0.716808 0.782268
vt 0.795223 0.479597
vt 0.795223 0.452236
vt 0.791535 0.453220
vt 0.791535 0.479588
vt 0.888198 0.017294
vt 0.886379 0.007963
vt 0.882769 0.007209
vt 0.884939 0.016536
vt 0.891477 0.017919
vt 0.890015 0.008584
vt 0.894772 0.018408
vt 0.893671 0.009070
vt 0.898078 0.018760
vt 0.897342 0.009419
vt 0.901393 0.018971
vt 0.901024 0.009629
vt 0.904712 0.019041
vt 0.904712 0.009699
vt 0.908030 0.018971
vt 0.908399 0.009629
vt 0.911345 0.018760
vt 0.912081 0.009419
vt 0.914652 0.018408
vt 0.915753 0.009070
vt 0.917946 0.017919
vt 0.919409 0.008584
vt 0.921225 0.017294
vt 0.923044 0.007963
vt 0.924485 0.016536
vt 0.926654 0.007209
vt 0.767782 0.855843
vt 0.767788 0.886173
vt 0.779833 0.874128
vt 0.779833 0.867894
vt 0.749893 0.782268
vt 0.746607 0.781659
vt 0.748065 0.791153
vt 0.751717 0.791683
vt 0.360145 0.162655
vt 0.356457 0.162534
vt 0.356457 0.188685
vt 0.360145 0.187877
vt 0.363833 0.162750
vt 0.363833 0.187247
vt 0.367521 0.162817
vt 0.367521 0.186795
vt 0.371209 0.162858
vt 0.371209 0.186524
vt 0.374897 0.162872
vt 0.374898 0.186433
vt 0.378585 0.162858
vt 0.378586 0.186524
vt 0.382273 0.162817
vt 0.382274 0.186795
vt 0.385962 0.162750
vt 0.385962 0.187247
vt 0.389650 0.162655
vt 0.389650 0.187877
vt 0.021162 0.265134
vt 0.009117 0.277179
vt 0.039447 0.277185
vt 0.027396 0.265134
vt 0.881108 0.084959
vt 0.907320 0.084959
vt 0.907320 0.078781
vt 0.881108 0.078780
vt 0.009942 0.284666
vt 0.003992 0.291014
vt 0.983378 0.889813
vt 0.975747 0.887375
vt 0.975918 0.894485
vt 0.983378 0.899390
vt 0.973819 0.151719
vt 0.968736 0.144379
vt 0.961624 0.144379
vt 0.964245 0.151949
vt 0.095922 0.144019
vt 0.102503 0.122559
vt 0.095922 0.127128
vt 0.787847 0.454028
vt 0.787847 0.479581
vt 0.784158 0.454659
vt 0.784158 0.479576
vt 0.780470 0.455110
vt 0.780470 0.479572
vt 0.776782 0.455381
vt 0.776782 0.479569
vt 0.773094 0.455472
vt 0.773094 0.479568
vt 0.769406 0.455381
vt 0.769406 0.479569
vt 0.765718 0.455110
vt 0.765718 0.479572
vt 0.754654 0.479588
vt 0.754654 0.453220
vt 0.750966 0.452236
vt 0.750966 0.479597
vt 0.758342 0.479581
vt 0.758342 0.454028
vt 0.762030 0.454659
vt 0.762030 0.479576
vt 0.695927 0.544703
vt 0.694437 0.552564
vt 0.702052 0.557456
vt 0.702052 0.548971
vt 0.983717 0.991422
vt 0.990856 0.996008
vt 0.990856 0.986956
vt 0.983437 0.983962
vt 0.855631 0.457484
vt 0.849576 0.479597
vt 0.855631 0.474367
vt 0.743306 0.781183
vt 0.744399 0.790739
vt 0.739994 0.780842
vt 0.740722 0.790443
vt 0.736674 0.780637
vt 0.737038 0.790265
vt 0.733350 0.780569
vt 0.733350 0.790205
vt 0.730027 0.780637
vt 0.729663 0.790265
vt 0.753736 0.783439
vt 0.755390 0.792338
vt 0.352729 0.162384
vt 0.352769 0.189669
vt 0.720094 0.781659
vt 0.718636 0.791153
vt 0.723395 0.781183
vt 0.722302 0.790739
vt 0.726707 0.780842
vt 0.725979 0.790443
vt 0.105702 0.123542
vt 0.108941 0.124351
vt 0.112211 0.124981
vt 0.118816 0.125704
vt 0.122134 0.144019
vt 0.122134 0.125794
vt 0.115505 0.125432
vt 0.148345 0.144019
vt 0.148345 0.127128
vt 0.141765 0.122559
vt 0.138566 0.123542
vt 0.135327 0.124351
vt 0.132057 0.124981
vt 0.125452 0.125704
vt 0.803207 0.474368
vt 0.809262 0.479597
vt 0.803207 0.457484
vt 0.812964 0.478037
vt 0.816207 0.477229
vt 0.819482 0.476599
vt 0.822781 0.476147
vt 0.829419 0.457484
vt 0.845874 0.478037
vt 0.842631 0.477229
vt 0.839356 0.476599
vt 0.832742 0.475876
vt 0.829419 0.475785
vt 0.836057 0.476147
vt 0.826096 0.475876
vt 0.933532 0.084959
vt 0.933532 0.078781
vt 0.128762 0.125432
s 1
usemtl DefaultMaterial
f 5119/3944/2229 5116/3945/2229 5117/3946/2230
f 5117/3946/2230 5118/3947/2229 5119/3944/2229
s 0
f 5123/3948/2231 5120/3949/2231 5121/3950/2231
f 5121/3950/2232 5122/3951/2232 5123/3948/2232
f 5127/3952/2233 5124/3953/2233 5125/3954/2233
f 5125/3954/2233 5126/3955/2233 5127/3952/2233
f 5131/3956/2234 5128/3957/2234 5129/3946/2234
s 1
f 5129/3946/2234 5130/3945/2234 5131/3956/2234
f 5135/3958/2235 5132/3959/2236 5133/3960/2237
f 5133/3960/2237 5134/3961/2238 5135/3958/2235
s 0
f 5139/3962/2239 5136/3963/2239 5137/3964/2239
f 5137/3964/2239 5138/3965/2239 5139/3962/2239
s 1
f 5143/3966/2240 5140/3967/2241 5141/3968/2242
f 5141/3968/2242 5142/3969/2243 5143/3966/2240
f 5145/3970/2244 5144/3971/2245 5140/3967/2241
f 5140/3967/2241 5143/3966/2240 5145/3970/2244
f 5147/3972/2246 5146/3973/2247 5144/3971/2245
f 5144/3971/2245 5145/3970/2244 5147/3972/2246
f 5149/3974/2248 5148/3975/2249 5146/3973/2247
f 5146/3973/2247 5147/3972/2246 5149/3974/2248
f 5151/3976/2250 5150/3977/2251 5148/3975/2249
f 5148/3975/2249 5149/3974/2248 5151/3976/2250
f 5153/3978/2252 5152/3979/2253 5150/3977/2251
f 5150/3977/2251 5151/3976/2250 5153/3978/2252
f 5155/3980/2254 5154/3981/2255 5152/3979/2253
f 5152/3979/2253 5153/3978/2252 5155/3980/2254
f 5157/3982/2256 5156/3983/2257 5154/3981/2255
f 5154/3981/2255 5155/3980/2254 5157/3982/2256
f 5159/3984/2258 5158/3985/2259 5156/3983/2257
f 5156/3983/2257 5157/3982/2256 5159/3984/2258
f 5161/3986/2260 5160/3987/2261 5158/3985/2259
f 5158/3985/2259 5159/3984/2258 5161/3986/2260
f 5163/3988/2262 5162/3989/2263 5160/3987/2261
f 5160/3987/2261 5161/3986/2260 5163/3988/2262
f 5165/3990/2264 5164/3991/2265 5162/3989/2263
f 5162/3989/2263 5163/3988/2262 5165/3990/2264
s 0
f 5169/3992/2266 5166/3993/2266 5167/3994/2266
f 5167/3994/2266 5168/3995/2266 5169/3992/2266
s 1
f 5173/3996/2267 5170/3997/2268 5171/3998/2269
f 5171/3998/2269 5172/3999/2270 5173/3996/2267
s 0
f 5177/4000/2271 5174/4001/2271 5175/4002/2271
f 5175/4002/2271 5176/4003/2271 5177/4000/2271
f 5181/4004/2272 5178/4000/2272 5179/4003/2272
f 5179/4003/2272 5180/4005/2272 5181/4004/2272
f 5185/4006/2273 5182/4004/2273 5183/4005/2273
f 5183/4005/2273 5184/4007/2273 5185/4006/2273
f 5189/4008/2274 5186/4006/2274 5187/4007/2274
f 5187/4007/2274 5188/4009/2274 5189/4008/2274
f 5193/4010/2275 5190/4008/2275 5191/4009/2275
f 5191/4009/2275 5192/4011/2275 5193/4010/2275
f 5197/4012/2276 5194/4010/2276 5195/4011/2276
f 5195/4011/2276 5196/4013/2276 5197/4012/2276
f 5201/4014/2277 5198/4012/2277 5199/4013/2277
f 5199/4013/2277 5200/4015/2277 5201/4014/2277
f 5205/4016/2278 5202/4014/2278 5203/4015/2278
f 5203/4015/2278 5204/4017/2278 5205/4016/2278
f 5209/4018/2279 5206/4016/2279 5207/4017/2279
f 5207/4017/2279 5208/4019/2279 5209/4018/2279
f 5213/3949/2280 5210/4018/2280 5211/4019/2280
f 5211/4019/2280 5212/3950/2280 5213/3949/2280
f 5217/4020/2281 5214/4021/2281 5215/4022/2281
f 5215/4022/2281 5216/4023/2281 5217/4020/2281
f 5221/4024/2282 5218/4025/2282 5219/4026/2282
f 5219/4026/2282 5220/4027/2282 5221/4024/2282
s 1
f 5225/4028/2283 5222/4029/2283 5223/3954/2283
f 5223/3954/2283 5224/3953/2283 5225/4028/2283
f 5229/4030/2284 5226/4031/2285 5227/4032/2286
f 5227/4032/2286 5228/4033/2287 5229/4030/2284
f 5233/4034/2288 5230/4035/2289 5231/4036/2288
f 5231/4036/2288 5232/4037/2290 5233/4034/2288
s 0
f 5234/4038/2291 5235/4039/2291 5236/4040/2291
f 5240/3965/2292 5237/3964/2292 5238/4041/2292
f 5238/4041/2292 5239/4042/2292 5240/3965/2292
f 5244/4042/2293 5241/4041/2293 5242/4043/2293
f 5242/4043/2293 5243/4044/2293 5244/4042/2293
f 5248/4044/2294 5245/4043/2294 5246/4045/2294
f 5246/4045/2294 5247/4046/2294 5248/4044/2294
f 5252/4046/2295 5249/4045/2295 5250/4047/2295
f 5250/4047/2295 5251/4048/2295 5252/4046/2295
f 5256/4048/2296 5253/4047/2296 5254/4049/2296
f 5254/4049/2296 5255/4050/2296 5256/4048/2296
f 5260/4050/2297 5257/4049/2297 5258/4051/2297
f 5258/4051/2297 5259/4052/2297 5260/4050/2297
f 5264/4052/2298 5261/4051/2298 5262/4053/2298
f 5262/4053/2298 5263/4054/2298 5264/4052/2298
f 5268/4055/2299 5265/4056/2299 5266/4057/2299
f 5266/4057/2299 5267/4058/2299 5268/4055/2299
f 5272/4059/2300 5269/4060/2300 5270/4056/2300
f 5270/4056/2300 5271/4055/2300 5272/4059/2300
f 5276/4054/2301 5273/4053/2301 5274/4061/2301
f 5274/4061/2301 5275/4062/2301 5276/4054/2301
f 5280/4062/2302 5277/4061/2302 5278/4060/2302
f 5278/4060/2302 5279/4059/2302 5280/4062/2302
s 1
f 5284/4063/2303 5281/4064/2303 5282/4065/2303
f 5282/4065/2303 5283/4066/2303 5284/4063/2303
f 5288/4067/2304 5285/4068/2304 5286/4069/2304
f 5286/4069/2304 5287/4070/2304 5288/4067/2304
s 0
f 5289/4071/2305 5290/4072/2305 5291/4073/2305
s 1
f 5170/3997/2268 5292/4074/2306 5293/4075/2307
f 5293/4075/2307 5171/3998/2269 5170/3997/2268
f 5292/4074/2306 5294/4076/2308 5295/4077/2309
f 5295/4077/2309 5293/4075/2307 5292/4074/2306
f 5294/4076/2308 5296/4078/2310 5297/4079/2311
f 5297/4079/2311 5295/4077/2309 5294/4076/2308
f 5296/4078/2310 5298/4080/2312 5299/4081/2313
f 5299/4081/2313 5297/4079/2311 5296/4078/2310
f 5298/4080/2312 5300/4082/2314 5301/4083/2315
f 5301/4083/2315 5299/4081/2313 5298/4080/2312
f 5303/4084/2316 5173/3996/2267 5172/3999/2270
f 5172/3999/2270 5302/4085/2317 5303/4084/2316
s 0
f 5307/4086/2318 5304/4087/2318 5305/4002/2318
f 5305/4002/2319 5306/4001/2319 5307/4086/2319
s 1
f 5309/4088/2320 5134/3961/2238 5133/3960/2237
f 5133/3960/2237 5308/4089/2321 5309/4088/2320
f 5311/4090/2322 5309/4088/2320 5308/4089/2321
f 5308/4089/2321 5310/4091/2323 5311/4090/2322
f 5300/4082/2314 5312/4092/2324 5313/4093/2325
f 5313/4093/2325 5301/4083/2315 5300/4082/2314
f 5312/4092/2324 5311/4090/2322 5310/4091/2323
f 5310/4091/2323 5313/4093/2325 5312/4092/2324
s 0
f 5169/3992/2266 5314/3956/2266 5315/3944/2266
f 5315/3944/2266 5166/3993/2266 5169/3992/2266
f 5316/3945/2266 5315/3944/2266 5314/3956/2266
f 5317/3953/2281 5318/3952/2281 5319/4028/2281
f 5214/4021/2281 5319/4028/2281 5318/3952/2281
f 5318/3952/2281 5215/4022/2281 5214/4021/2281
f 5320/4038/2291 5321/4094/2291 5322/4039/2291
f 5323/4038/2291 5324/4095/2291 5325/4094/2291
f 5234/4038/2291 5326/4096/2291 5327/4095/2291
f 5328/4097/2291 5329/4098/2291 5330/4099/2291
f 5331/4100/2291 5326/4096/2291 5234/4038/2291
f 5234/4038/2291 5329/4098/2291 5331/4100/2291
f 5335/4101/2291 5332/4102/2291 5333/4103/2291
f 5333/4103/2291 5334/4104/2291 5335/4101/2291
f 5336/4104/2291 5337/4105/2291 5338/4101/2291
f 5337/4105/2291 5339/4106/2291 5338/4101/2291
f 5330/4099/2291 5329/4098/2291 5340/4107/2291
f 5341/4108/2305 5342/4109/2305 5343/4110/2305
f 5342/4109/2305 5344/4111/2305 5343/4110/2305
f 5344/4111/2305 5345/4112/2305 5343/4110/2305
f 5345/4112/2305 5346/4113/2305 5343/4110/2305
f 5346/4113/2305 5347/4114/2305 5348/4115/2305
f 5348/4115/2305 5343/4110/2305 5346/4113/2305
f 5289/4071/2305 5349/4116/2305 5290/4072/2305
f 5350/4071/2305 5351/4117/2305 5352/4116/2305
f 5289/4071/2305 5353/4118/2305 5354/4117/2305
f 5355/4119/2305 5356/4115/2305 5357/4120/2305
f 5358/4121/2305 5356/4115/2305 5355/4119/2305
f 5359/4122/2305 5348/4115/2305 5347/4114/2305
f 5218/4025/2282 5360/4123/2282 5361/4124/2282
f 5361/4124/2282 5219/4026/2282 5218/4025/2282
f 5362/4120/2305 5348/4115/2305 5359/4122/2305
f 5331/4100/2291 5329/4098/2291 5328/4097/2291
f 5364/4121/2305 5363/4118/2305 5289/4071/2305
f 5289/4071/2305 5348/4115/2305 5364/4121/2305
f 5365/4125/2291 5340/4107/2291 5329/4098/2291
f 5335/4101/2291 5339/4106/2291 5366/4125/2291
f 5366/4125/2291 5329/4098/2291 5335/4101/2291
o defaultMaterial.021
v -0.223814 0.676011 -0.680310
v -0.223814 0.676011 -0.846951
v -0.186573 0.613864 -0.846951
v -0.186248 0.613971 -0.613971
v 0.155894 0.622371 -0.845673
v 0.186572 0.613864 -0.846951
v 0.186246 0.613971 -0.613971
v 0.155896 0.622371 -0.622371
v 0.223813 0.676011 -0.680310
v 0.223813 0.847602 -0.680310
v 0.186246 0.847595 -0.613971
v 0.186246 0.613971 -0.613971
v -0.186247 0.847595 -0.613972
v -0.223814 0.847602 -0.680310
v -0.223814 0.676011 -0.680310
v -0.186248 0.613971 -0.613971
v -0.186573 0.613864 -0.846951
v -0.172113 0.671223 -0.896687
v -0.140505 0.684541 -0.896687
v -0.155897 0.622370 -0.845673
v 0.186246 0.613971 -0.613971
v 0.186246 0.847595 -0.613971
v 0.155896 0.847520 -0.622371
v 0.155896 0.622371 -0.622371
v -0.155896 0.847520 -0.622371
v -0.140306 0.897338 -0.684541
v -0.167622 0.897338 -0.676142
v -0.186247 0.847595 -0.613972
v -0.125170 0.847459 -0.629270
v -0.112653 0.897338 -0.691441
v -0.094142 0.847412 -0.634654
v -0.084728 0.897338 -0.696825
v -0.062888 0.847378 -0.638509
v -0.056599 0.897338 -0.700679
v -0.031482 0.847357 -0.640826
v -0.028334 0.897338 -0.702996
v -0.000000 0.847351 -0.641599
v -0.000000 0.897338 -0.703769
v 0.031482 0.847357 -0.640826
v 0.028333 0.897338 -0.702996
v 0.062887 0.847378 -0.638509
v 0.056599 0.897338 -0.700679
v 0.094142 0.847412 -0.634654
v 0.084728 0.897338 -0.696825
v 0.125169 0.847459 -0.629270
v 0.112652 0.897338 -0.691441
v 0.155896 0.847520 -0.622371
v 0.140306 0.897338 -0.684541
v 0.186246 0.847595 -0.613971
v 0.167621 0.897338 -0.676142
v -0.223814 0.715876 -0.896687
v -0.223814 0.897338 -0.715154
v -0.223814 0.897338 -0.859385
v -0.223814 0.860036 -0.896687
v 0.112809 0.691441 -0.896687
v 0.140502 0.684541 -0.896687
v 0.155894 0.622371 -0.845673
v 0.125168 0.629271 -0.844637
v -0.155897 0.622370 -0.845673
v -0.125171 0.629270 -0.844637
v -0.125171 0.629270 -0.629270
v -0.155896 0.622371 -0.622371
v -0.125171 0.629270 -0.844637
v -0.094144 0.634654 -0.843828
v -0.094144 0.634654 -0.634654
v -0.125171 0.629270 -0.629270
v -0.094144 0.634654 -0.843828
v -0.062889 0.638509 -0.843250
v -0.062888 0.638509 -0.638509
v -0.094144 0.634654 -0.634654
v -0.062889 0.638509 -0.843250
v -0.031483 0.640826 -0.842902
v -0.031482 0.640826 -0.640826
v -0.062888 0.638509 -0.638509
v -0.031483 0.640826 -0.842902
v -0.000002 0.641599 -0.842786
v -0.000000 0.641599 -0.641599
v -0.031482 0.640826 -0.640826
v -0.000002 0.641599 -0.842786
v 0.031480 0.640826 -0.842902
v 0.031482 0.640826 -0.640826
v -0.000000 0.641599 -0.641599
v 0.031480 0.640826 -0.842902
v 0.062886 0.638509 -0.843250
v 0.062887 0.638509 -0.638509
v 0.031482 0.640826 -0.640826
v 0.062886 0.638509 -0.843250
v 0.094140 0.634654 -0.843828
v 0.094142 0.634654 -0.634654
v 0.062887 0.638509 -0.638509
v 0.094140 0.634654 -0.843828
v 0.125168 0.629271 -0.844637
v 0.125169 0.629270 -0.629270
v 0.094142 0.634654 -0.634654
v 0.125168 0.629271 -0.844637
v 0.155894 0.622371 -0.845673
v 0.155896 0.622371 -0.622371
v 0.125169 0.629270 -0.629270
v 0.223813 0.715878 -0.896687
v 0.223813 0.860036 -0.896687
v 0.223813 0.897338 -0.859385
v 0.223813 0.897338 -0.715153
v -0.000001 0.860036 -0.896687
v -0.223814 0.860036 -0.896687
v -0.223814 0.897338 -0.859385
v -0.000001 0.897338 -0.859385
v 0.186572 0.613864 -0.846951
v 0.223813 0.676011 -0.846951
v 0.223813 0.676011 -0.680310
v 0.186246 0.613971 -0.613971
v 0.223813 0.897338 -0.715153
v 0.167621 0.897338 -0.676142
v 0.186246 0.847595 -0.613971
v 0.223813 0.847602 -0.680310
v -0.223814 0.847602 -0.680310
v -0.186247 0.847595 -0.613972
v -0.167622 0.897338 -0.676142
v -0.223814 0.897338 -0.715154
v -0.223814 0.897338 -0.859385
v -0.223814 0.897338 -0.715154
v -0.167622 0.897338 -0.676142
v 0.155896 0.622371 -0.622371
v 0.155896 0.847520 -0.622371
v 0.125169 0.847459 -0.629270
v 0.125169 0.629270 -0.629270
v 0.125169 0.629270 -0.629270
v 0.125169 0.847459 -0.629270
v 0.094142 0.847412 -0.634654
v 0.094142 0.634654 -0.634654
v 0.094142 0.634654 -0.634654
v 0.094142 0.847412 -0.634654
v 0.062887 0.847378 -0.638509
v 0.062887 0.638509 -0.638509
v 0.062887 0.638509 -0.638509
v 0.062887 0.847378 -0.638509
v 0.031482 0.847357 -0.640826
v 0.031482 0.640826 -0.640826
v 0.031482 0.640826 -0.640826
v 0.031482 0.847357 -0.640826
v -0.000000 0.847351 -0.641599
v -0.000000 0.641599 -0.641599
v -0.000000 0.641599 -0.641599
v -0.000000 0.847351 -0.641599
v -0.031482 0.847357 -0.640826
v -0.031482 0.640826 -0.640826
v -0.031482 0.640826 -0.640826
v -0.031482 0.847357 -0.640826
v -0.062888 0.847378 -0.638509
v -0.062888 0.638509 -0.638509
v -0.155896 0.622371 -0.622371
v -0.155896 0.847520 -0.622371
v -0.186247 0.847595 -0.613972
v -0.186248 0.613971 -0.613971
v -0.125171 0.629270 -0.629270
v -0.125170 0.847459 -0.629270
v -0.155896 0.847520 -0.622371
v -0.155896 0.622371 -0.622371
v -0.062888 0.638509 -0.638509
v -0.062888 0.847378 -0.638509
v -0.094142 0.847412 -0.634654
v -0.094144 0.634654 -0.634654
v -0.094144 0.634654 -0.634654
v -0.094142 0.847412 -0.634654
v -0.125170 0.847459 -0.629270
v -0.125171 0.629270 -0.629270
v 0.172111 0.671225 -0.896687
v 0.223813 0.715878 -0.896687
v 0.223813 0.676011 -0.846951
v 0.186572 0.613864 -0.846951
v -0.186573 0.613864 -0.846951
v -0.223814 0.676011 -0.846951
v -0.223814 0.715876 -0.896687
v -0.172113 0.671223 -0.896687
v 0.223813 0.860036 -0.896687
v 0.223813 0.715878 -0.896687
v 0.172111 0.671225 -0.896687
v 0.084845 0.696825 -0.896687
v 0.094140 0.634654 -0.843828
v 0.056677 0.700680 -0.896687
v 0.062886 0.638509 -0.843250
v 0.028372 0.702996 -0.896687
v 0.031480 0.640826 -0.842902
v -0.000002 0.703769 -0.896687
v -0.000002 0.641599 -0.842786
v -0.028375 0.702996 -0.896687
v -0.031483 0.640826 -0.842902
v 0.172111 0.671225 -0.896687
v 0.186572 0.613864 -0.846951
v -0.186248 0.613971 -0.613971
v -0.186573 0.613864 -0.846951
v -0.155897 0.622370 -0.845673
v -0.155896 0.622371 -0.622371
v -0.112813 0.691441 -0.896687
v -0.125171 0.629270 -0.844637
v -0.084849 0.696824 -0.896687
v -0.094144 0.634654 -0.843828
v -0.056680 0.700679 -0.896687
v -0.062889 0.638509 -0.843250
v -0.223814 0.847602 -0.680310
v -0.223814 0.676011 -0.846951
v -0.223814 0.676011 -0.680310
v -0.223814 0.847602 -0.680310
v -0.223814 0.676011 -0.846951
v 0.223813 0.676011 -0.680310
v 0.223813 0.676011 -0.846951
v 0.223813 0.847602 -0.680310
v 0.223813 0.676011 -0.846951
v 0.223813 0.847602 -0.680310
v -0.140306 0.897338 -0.684541
v -0.112653 0.897338 -0.691441
v -0.084728 0.897338 -0.696825
v -0.028334 0.897338 -0.702996
v -0.000000 0.897338 -0.703769
v -0.000001 0.897338 -0.859385
v -0.056599 0.897338 -0.700679
v 0.223813 0.897338 -0.715153
v 0.223813 0.897338 -0.859385
v 0.140306 0.897338 -0.684541
v 0.167621 0.897338 -0.676142
v 0.112652 0.897338 -0.691441
v 0.084728 0.897338 -0.696825
v 0.028333 0.897338 -0.702996
v -0.223814 0.715876 -0.896687
v -0.223814 0.860036 -0.896687
v -0.172113 0.671223 -0.896687
v -0.140505 0.684541 -0.896687
v -0.140505 0.684541 -0.896687
v -0.223814 0.860036 -0.896687
v -0.112813 0.691441 -0.896687
v -0.112813 0.691441 -0.896687
v -0.084849 0.696824 -0.896687
v -0.056680 0.700679 -0.896687
v -0.084849 0.696824 -0.896687
v -0.000001 0.860036 -0.896687
v 0.223813 0.860036 -0.896687
v 0.172111 0.671225 -0.896687
v 0.140502 0.684541 -0.896687
v 0.223813 0.860036 -0.896687
v 0.140502 0.684541 -0.896687
v 0.112809 0.691441 -0.896687
v 0.112809 0.691441 -0.896687
v 0.084845 0.696825 -0.896687
v 0.028372 0.702996 -0.896687
v -0.000002 0.703769 -0.896687
v 0.056677 0.700680 -0.896687
v 0.028372 0.702996 -0.896687
v -0.000001 0.860036 -0.896687
v -0.028375 0.702996 -0.896687
v -0.056680 0.700679 -0.896687
v 0.223813 0.860036 -0.896687
v 0.223813 0.897338 -0.859385
v -0.000002 0.703769 -0.896687
v -0.028375 0.702996 -0.896687
v 0.056677 0.700680 -0.896687
v 0.056599 0.897338 -0.700679
vn -0.8567 -0.5157 0.0008
vn -0.8568 -0.5157 0.0008
vn -0.8568 -0.5156 0.0009
vn -0.2669 -0.9637 -0.0000
vn -0.2668 -0.9638 0.0001
vn 0.8702 -0.0000 0.4928
vn -0.8702 -0.0000 0.4928
vn 0.2496 -0.8844 -0.3945
vn -0.3087 -0.8821 -0.3559
vn -0.1309 -0.4478 -0.8845
vn 0.1005 -0.3369 -0.9361
vn -0.2667 -0.0000 0.9638
vn -0.3252 0.3597 0.8746
vn 0.2286 0.4110 0.8825
vn 0.0872 0.9372 0.3377
vn -0.1266 0.8998 0.4176
vn 0.1828 0.4197 0.8891
vn 0.0684 0.9401 0.3339
vn 0.1371 0.4263 0.8941
vn 0.0506 0.9423 0.3309
vn 0.0914 0.4309 0.8977
vn 0.0334 0.9438 0.3289
vn 0.0456 0.4337 0.8999
vn 0.0166 0.9447 0.3276
vn -0.0000 0.4346 0.9006
vn -0.0000 0.9450 0.3272
vn -0.0456 0.4337 0.8999
vn -0.0166 0.9447 0.3276
vn -0.0914 0.4310 0.8977
vn -0.0334 0.9438 0.3289
vn -0.1371 0.4263 0.8941
vn -0.0506 0.9423 0.3309
vn -0.1828 0.4197 0.8890
vn -0.0685 0.9401 0.3339
vn -0.2287 0.4110 0.8825
vn -0.0872 0.9372 0.3377
vn 0.3252 0.3597 0.8746
vn 0.1266 0.8997 0.4176
vn -1.0000 -0.0000 -0.0000
vn -0.1898 -0.8929 -0.4084
vn -0.0761 -0.3438 -0.9359
vn -0.1005 -0.3370 -0.9361
vn -0.2496 -0.8844 -0.3945
vn 0.2191 -0.9757 -0.0000
vn 0.1710 -0.9853 -0.0000
vn 0.1224 -0.9925 -0.0000
vn 0.0736 -0.9973 -0.0000
vn 0.0245 -0.9997 -0.0000
vn -0.0245 -0.9997 -0.0000
vn -0.0736 -0.9973 -0.0000
vn -0.1224 -0.9925 -0.0000
vn -0.1709 -0.9853 -0.0000
vn -0.1710 -0.9853 -0.0000
vn -0.2191 -0.9757 -0.0000
vn 1.0000 -0.0000 -0.0000
vn -0.0000 0.7071 -0.7071
vn 0.8568 -0.5156 0.0008
vn 0.8568 -0.5157 0.0008
vn 0.5867 0.6190 0.5221
vn 0.5866 0.6190 0.5222
vn 0.5867 0.6191 0.5221
vn -0.5866 0.6190 0.5221
vn -0.5867 0.6190 0.5222
vn -0.5866 0.6191 0.5221
vn -0.0000 1.0000 -0.0000
vn -0.2191 -0.0000 0.9757
vn -0.1710 -0.0000 0.9853
vn -0.1224 -0.0000 0.9925
vn -0.0736 -0.0000 0.9973
vn -0.0245 -0.0000 0.9997
vn 0.0245 -0.0000 0.9997
vn 0.0736 -0.0000 0.9973
vn 0.2667 -0.0000 0.9638
vn 0.2191 -0.0000 0.9757
vn 0.1224 -0.0000 0.9925
vn 0.1710 -0.0000 0.9853
vn 0.6185 -0.5151 -0.5934
vn -0.6185 -0.5151 -0.5934
vn -0.0000 -0.0000 -1.0000
vn -0.1426 -0.8998 -0.4122
vn -0.0568 -0.3440 -0.9373
vn -0.0952 -0.9049 -0.4149
vn -0.0377 -0.3441 -0.9382
vn -0.0476 -0.9079 -0.4165
vn -0.0188 -0.3442 -0.9387
vn -0.0000 -0.9089 -0.4170
vn -0.0000 -0.3442 -0.9389
vn 0.0476 -0.9079 -0.4165
vn 0.0188 -0.3442 -0.9387
vn 0.1309 -0.4478 -0.8845
vn 0.3086 -0.8821 -0.3558
vn 0.2672 -0.9636 -0.0000
vn 0.0761 -0.3438 -0.9359
vn 0.1898 -0.8929 -0.4084
vn 0.0568 -0.3440 -0.9373
vn 0.1427 -0.8998 -0.4122
vn 0.0952 -0.9049 -0.4149
vn 0.0378 -0.3441 -0.9382
vt 0.344777 0.259896
vt 0.333264 0.260217
vt 0.319939 0.274153
vt 0.326287 0.280102
vt 0.082788 0.166893
vt 0.082787 0.193044
vt 0.086516 0.193194
vt 0.086476 0.165909
vt 0.743221 0.598055
vt 0.743542 0.586542
vt 0.729217 0.572803
vt 0.722950 0.579475
vt 0.326197 0.239624
vt 0.319525 0.245892
vt 0.938444 0.059682
vt 0.934771 0.059027
vt 0.936425 0.067925
vt 0.940268 0.069096
vt 0.457274 0.195311
vt 0.460962 0.196294
vt 0.460962 0.168934
vt 0.457274 0.168943
vt 0.577463 0.021457
vt 0.581073 0.020703
vt 0.582892 0.011372
vt 0.579632 0.012130
vt 0.584709 0.020082
vt 0.586171 0.010747
vt 0.588364 0.019596
vt 0.589466 0.010258
vt 0.592036 0.019247
vt 0.592772 0.009906
vt 0.595718 0.019037
vt 0.596087 0.009695
vt 0.599406 0.018967
vt 0.599406 0.009625
vt 0.603093 0.019037
vt 0.602724 0.009695
vt 0.606775 0.019247
vt 0.606039 0.009907
vt 0.610447 0.019596
vt 0.609345 0.010258
vt 0.614102 0.020082
vt 0.612640 0.010747
vt 0.617738 0.020703
vt 0.615919 0.011372
vt 0.621348 0.021457
vt 0.619179 0.012130
vt 0.300407 0.262933
vt 0.312452 0.274978
vt 0.312458 0.244648
vt 0.300407 0.256699
vt 0.971525 0.060211
vt 0.970067 0.069706
vt 0.973353 0.069096
vt 0.975176 0.059682
vt 0.045907 0.166893
vt 0.045907 0.193044
vt 0.049595 0.192923
vt 0.049595 0.167701
vt 0.053283 0.192828
vt 0.053283 0.168331
vt 0.056971 0.192761
vt 0.056971 0.168783
vt 0.060659 0.192720
vt 0.060659 0.169054
vt 0.064347 0.192706
vt 0.064347 0.169144
vt 0.068035 0.192720
vt 0.068035 0.169054
vt 0.071723 0.192761
vt 0.071723 0.168783
vt 0.075411 0.192828
vt 0.075411 0.168331
vt 0.079099 0.192923
vt 0.079100 0.167701
vt 0.727973 0.565736
vt 0.758303 0.565729
vt 0.746258 0.553684
vt 0.740024 0.553684
vt 0.956416 0.915846
vt 0.956416 0.909668
vt 0.930204 0.909668
vt 0.930204 0.915846
vt 0.763428 0.579564
vt 0.757478 0.573216
vt 0.975934 0.697972
vt 0.975934 0.690860
vt 0.968364 0.693482
vt 0.968594 0.703056
vt 0.986921 0.610785
vt 0.979811 0.610956
vt 0.974906 0.618416
vt 0.984482 0.618416
vt 0.816784 0.769004
vt 0.816784 0.785896
vt 0.823365 0.790465
vt 0.453586 0.194503
vt 0.453586 0.168950
vt 0.449898 0.193872
vt 0.449898 0.168955
vt 0.446210 0.193421
vt 0.446210 0.168959
vt 0.442522 0.193149
vt 0.442522 0.168962
vt 0.438834 0.193059
vt 0.438834 0.168962
vt 0.435146 0.193149
vt 0.435146 0.168962
vt 0.431458 0.193421
vt 0.431458 0.168959
vt 0.416705 0.196294
vt 0.420394 0.195311
vt 0.420394 0.168943
vt 0.416706 0.168934
vt 0.424082 0.194503
vt 0.424082 0.168950
vt 0.427770 0.193872
vt 0.427770 0.168955
vt 0.796828 0.019001
vt 0.805880 0.019001
vt 0.808874 0.011582
vt 0.801414 0.011862
vt 0.966515 0.175534
vt 0.961624 0.183149
vt 0.970109 0.183149
vt 0.974376 0.177024
vt 0.086516 0.157924
vt 0.086516 0.141041
vt 0.080461 0.135812
vt 0.967859 0.060625
vt 0.966766 0.070182
vt 0.964182 0.060922
vt 0.963453 0.070522
vt 0.960498 0.061100
vt 0.960134 0.070727
vt 0.956810 0.061159
vt 0.956810 0.070796
vt 0.953123 0.061100
vt 0.953487 0.070727
vt 0.977195 0.067926
vt 0.978850 0.059027
vt 0.042219 0.165909
vt 0.042179 0.193194
vt 0.943554 0.069706
vt 0.942096 0.060211
vt 0.946855 0.070181
vt 0.945762 0.060625
vt 0.949439 0.060922
vt 0.950167 0.070522
vt 0.826564 0.789481
vt 0.829803 0.788673
vt 0.833073 0.788042
vt 0.839677 0.787320
vt 0.842996 0.787229
vt 0.842996 0.769004
vt 0.836367 0.787591
vt 0.862627 0.790465
vt 0.869207 0.785896
vt 0.869207 0.769004
vt 0.859428 0.789481
vt 0.856189 0.788673
vt 0.852919 0.788042
vt 0.846314 0.787320
vt 0.034093 0.141041
vt 0.034093 0.157924
vt 0.040147 0.135812
vt 0.043849 0.137371
vt 0.047092 0.138179
vt 0.050367 0.138810
vt 0.060304 0.157924
vt 0.053666 0.139261
vt 0.076759 0.137371
vt 0.073516 0.138179
vt 0.070241 0.138810
vt 0.063627 0.139533
vt 0.060304 0.139623
vt 0.066942 0.139261
vt 0.056981 0.139533
vt 0.982627 0.915846
vt 0.982627 0.909668
vt 0.849624 0.787591
s 1
usemtl DefaultMaterial
f 5370/4126/2326 5367/4127/2327 5368/4128/2327
f 5368/4128/2327 5369/4129/2328 5370/4126/2326
s 0
f 5374/4130/2329 5371/4131/2329 5372/4132/2329
f 5372/4132/2330 5373/4133/2330 5374/4130/2330
f 5378/4134/2331 5375/4135/2331 5376/4136/2331
f 5376/4136/2331 5377/4137/2331 5378/4134/2331
f 5382/4126/2332 5379/4138/2332 5380/4139/2332
f 5380/4139/2332 5381/4127/2332 5382/4126/2332
s 1
f 5386/4140/2333 5383/4141/2334 5384/4142/2335
f 5384/4142/2335 5385/4143/2336 5386/4140/2333
s 0
f 5390/4144/2337 5387/4145/2337 5388/4146/2337
f 5388/4146/2337 5389/4147/2337 5390/4144/2337
s 1
f 5394/4148/2338 5391/4149/2339 5392/4150/2340
f 5392/4150/2340 5393/4151/2341 5394/4148/2338
f 5391/4149/2339 5395/4152/2342 5396/4153/2343
f 5396/4153/2343 5392/4150/2340 5391/4149/2339
f 5395/4152/2342 5397/4154/2344 5398/4155/2345
f 5398/4155/2345 5396/4153/2343 5395/4152/2342
f 5397/4154/2344 5399/4156/2346 5400/4157/2347
f 5400/4157/2347 5398/4155/2345 5397/4154/2344
f 5399/4156/2346 5401/4158/2348 5402/4159/2349
f 5402/4159/2349 5400/4157/2347 5399/4156/2346
f 5401/4158/2348 5403/4160/2350 5404/4161/2351
f 5404/4161/2351 5402/4159/2349 5401/4158/2348
f 5403/4160/2350 5405/4162/2352 5406/4163/2353
f 5406/4163/2353 5404/4161/2351 5403/4160/2350
f 5405/4162/2352 5407/4164/2354 5408/4165/2355
f 5408/4165/2355 5406/4163/2353 5405/4162/2352
f 5407/4164/2354 5409/4166/2356 5410/4167/2357
f 5410/4167/2357 5408/4165/2355 5407/4164/2354
f 5409/4166/2356 5411/4168/2358 5412/4169/2359
f 5412/4169/2359 5410/4167/2357 5409/4166/2356
f 5411/4168/2358 5413/4170/2360 5414/4171/2361
f 5414/4171/2361 5412/4169/2359 5411/4168/2358
f 5413/4170/2360 5415/4172/2362 5416/4173/2363
f 5416/4173/2363 5414/4171/2361 5413/4170/2360
s 0
f 5420/4174/2364 5417/4175/2364 5418/4176/2364
f 5418/4176/2364 5419/4177/2364 5420/4174/2364
s 1
f 5424/4178/2365 5421/4179/2366 5422/4180/2367
f 5422/4180/2367 5423/4181/2368 5424/4178/2365
s 0
f 5428/4182/2369 5425/4183/2369 5426/4184/2369
f 5426/4184/2369 5427/4185/2369 5428/4182/2369
f 5432/4185/2370 5429/4184/2370 5430/4186/2370
f 5430/4186/2370 5431/4187/2370 5432/4185/2370
f 5436/4187/2371 5433/4186/2371 5434/4188/2371
f 5434/4188/2371 5435/4189/2371 5436/4187/2371
f 5440/4189/2372 5437/4188/2372 5438/4190/2372
f 5438/4190/2372 5439/4191/2372 5440/4189/2372
f 5444/4191/2373 5441/4190/2373 5442/4192/2373
f 5442/4192/2373 5443/4193/2373 5444/4191/2373
f 5448/4193/2374 5445/4192/2374 5446/4194/2374
f 5446/4194/2374 5447/4195/2374 5448/4193/2374
f 5452/4195/2375 5449/4194/2375 5450/4196/2375
f 5450/4196/2375 5451/4197/2375 5452/4195/2375
f 5456/4197/2376 5453/4196/2376 5454/4198/2376
f 5454/4198/2376 5455/4199/2376 5456/4197/2376
f 5460/4199/2377 5457/4198/2377 5458/4200/2377
f 5458/4200/2378 5459/4201/2378 5460/4199/2378
f 5464/4201/2379 5461/4200/2379 5462/4131/2379
f 5462/4131/2379 5463/4130/2379 5464/4201/2379
f 5468/4202/2380 5465/4203/2380 5466/4204/2380
f 5466/4204/2380 5467/4205/2380 5468/4202/2380
f 5472/4206/2381 5469/4207/2381 5470/4208/2381
f 5470/4208/2381 5471/4209/2381 5472/4206/2381
s 1
f 5476/4134/2382 5473/4210/2383 5474/4211/2383
f 5474/4211/2383 5475/4135/2383 5476/4134/2382
f 5480/4212/2384 5477/4213/2385 5478/4214/2384
f 5478/4214/2384 5479/4215/2386 5480/4212/2384
f 5484/4216/2387 5481/4217/2388 5482/4218/2387
f 5482/4218/2387 5483/4219/2389 5484/4216/2387
s 0
f 5485/4220/2390 5486/4221/2390 5487/4222/2390
f 5491/4223/2391 5488/4144/2391 5489/4147/2391
f 5489/4147/2391 5490/4224/2391 5491/4223/2391
f 5495/4225/2392 5492/4223/2392 5493/4224/2392
f 5493/4224/2392 5494/4226/2392 5495/4225/2392
f 5499/4227/2393 5496/4225/2393 5497/4226/2393
f 5497/4226/2393 5498/4228/2393 5499/4227/2393
f 5503/4229/2394 5500/4227/2394 5501/4228/2394
f 5501/4228/2394 5502/4230/2394 5503/4229/2394
f 5507/4231/2395 5504/4229/2395 5505/4230/2395
f 5505/4230/2395 5506/4232/2395 5507/4231/2395
f 5511/4233/2396 5508/4231/2396 5509/4232/2396
f 5509/4232/2396 5510/4234/2396 5511/4233/2396
f 5515/4235/2397 5512/4233/2397 5513/4234/2397
f 5513/4234/2397 5514/4236/2397 5515/4235/2397
f 5519/4237/2398 5516/4238/2398 5517/4239/2398
f 5517/4239/2398 5518/4240/2398 5519/4237/2398
f 5523/4238/2399 5520/4241/2399 5521/4242/2399
f 5521/4242/2399 5522/4239/2399 5523/4238/2399
f 5527/4243/2400 5524/4235/2400 5525/4236/2400
f 5525/4236/2400 5526/4244/2400 5527/4243/2400
f 5531/4241/2401 5528/4243/2401 5529/4244/2401
f 5529/4244/2401 5530/4242/2401 5531/4241/2401
s 1
f 5535/4245/2402 5532/4246/2402 5533/4247/2402
f 5533/4247/2402 5534/4248/2402 5535/4245/2402
f 5539/4249/2403 5536/4250/2403 5537/4251/2403
f 5537/4251/2403 5538/4252/2403 5539/4249/2403
s 0
f 5540/4253/2404 5541/4254/2404 5542/4255/2404
s 1
f 5544/4256/2405 5543/4257/2406 5421/4179/2366
f 5421/4179/2366 5424/4178/2365 5544/4256/2405
f 5546/4258/2407 5545/4259/2408 5543/4257/2406
f 5543/4257/2406 5544/4256/2405 5546/4258/2407
f 5548/4260/2409 5547/4261/2410 5545/4259/2408
f 5545/4259/2408 5546/4258/2407 5548/4260/2409
f 5550/4262/2411 5549/4263/2412 5547/4261/2410
f 5547/4261/2410 5548/4260/2409 5550/4262/2411
f 5552/4264/2413 5551/4265/2414 5549/4263/2412
f 5549/4263/2412 5550/4262/2411 5552/4264/2413
f 5423/4181/2368 5422/4180/2367 5553/4266/2415
f 5553/4266/2415 5554/4267/2416 5423/4181/2368
s 0
f 5558/4182/2417 5555/4268/2417 5556/4269/2417
f 5556/4269/2417 5557/4183/2417 5558/4182/2417
s 1
f 5386/4140/2333 5385/4143/2336 5559/4270/2418
f 5559/4270/2418 5560/4271/2419 5386/4140/2333
f 5560/4271/2419 5559/4270/2418 5561/4272/2420
f 5561/4272/2420 5562/4273/2421 5560/4271/2419
f 5564/4274/2422 5563/4275/2423 5551/4265/2414
f 5551/4265/2414 5552/4264/2413 5564/4274/2422
f 5562/4273/2421 5561/4272/2420 5563/4275/2423
f 5563/4275/2423 5564/4274/2422 5562/4273/2421
s 0
f 5566/4128/2364 5565/4139/2364 5418/4176/2364
f 5418/4176/2364 5417/4175/2364 5566/4128/2364
f 5567/4127/2364 5568/4139/2364 5569/4128/2364
f 5570/4135/2380 5571/4211/2380 5572/4136/2380
f 5574/4136/2380 5573/4211/2380 5465/4203/2380
f 5465/4203/2380 5468/4202/2380 5574/4136/2380
f 5485/4220/2390 5487/4222/2390 5575/4276/2390
f 5485/4220/2390 5575/4276/2390 5576/4277/2390
f 5485/4220/2390 5576/4277/2390 5577/4278/2390
f 5578/4279/2390 5579/4280/2390 5580/4281/2390
f 5485/4220/2390 5577/4278/2390 5581/4282/2390
f 5581/4282/2390 5580/4281/2390 5485/4220/2390
f 5585/4283/2390 5582/4284/2390 5583/4285/2390
f 5583/4285/2390 5584/4286/2390 5585/4283/2390
f 5584/4286/2390 5583/4285/2390 5586/4287/2390
f 5586/4287/2390 5583/4285/2390 5587/4288/2390
f 5579/4280/2390 5588/4289/2390 5580/4281/2390
f 5589/4290/2404 5590/4291/2404 5591/4292/2404
f 5591/4292/2404 5590/4291/2404 5592/4293/2404
f 5593/4293/2404 5594/4291/2404 5595/4294/2404
f 5596/4294/2404 5590/4291/2404 5597/4295/2404
f 5600/4296/2404 5598/4297/2404 5599/4295/2404
f 5599/4295/2404 5590/4291/2404 5600/4296/2404
f 5601/4253/2404 5602/4255/2404 5603/4298/2404
f 5604/4253/2404 5605/4298/2404 5606/4299/2404
f 5540/4253/2404 5607/4299/2404 5608/4300/2404
f 5609/4301/2404 5610/4302/2404 5600/4296/2404
f 5611/4303/2404 5612/4301/2404 5613/4296/2404
f 5614/4304/2404 5615/4297/2404 5613/4296/2404
f 5617/4305/2381 5616/4306/2381 5469/4207/2381
f 5469/4207/2381 5472/4206/2381 5617/4305/2381
f 5618/4302/2404 5619/4304/2404 5613/4296/2404
f 5581/4282/2390 5578/4279/2390 5580/4281/2390
f 5540/4253/2404 5608/4300/2404 5620/4303/2404
f 5620/4303/2404 5600/4296/2404 5540/4253/2404
f 5621/4307/2390 5580/4281/2390 5588/4289/2390
f 5621/4307/2390 5587/4288/2390 5583/4285/2390
f 5583/4285/2390 5580/4281/2390 5621/4307/2390
o defaultMaterial.022
v -0.000001 0.073240 -0.900155
v -0.000001 -0.000000 -0.900424
v -0.014289 0.071833 -0.900155
v -0.000001 0.143666 -0.899359
v -0.000001 0.073240 -0.900155
v -0.014289 0.071833 -0.900155
v -0.028028 0.140906 -0.899359
v -0.000001 0.208571 -0.898066
v -0.000001 0.143666 -0.899359
v -0.028028 0.140906 -0.899359
v -0.040691 0.204563 -0.898066
v -0.000001 0.291501 -0.896327
v -0.000001 0.208571 -0.898066
v -0.040691 0.204563 -0.898066
v -0.056870 0.285900 -0.896327
v -0.143667 0.346841 -0.799497
v -0.073241 0.368204 -0.799497
v -0.073241 0.368204 -0.874001
v -0.143667 0.346841 -0.874001
v -0.208571 0.312148 -0.874001
v -0.208571 0.312148 -0.799497
v -0.014289 0.071833 -0.900155
v -0.000001 -0.000000 -0.900424
v -0.028028 0.067665 -0.900155
v -0.028028 0.140906 -0.899359
v -0.014289 0.071833 -0.900155
v -0.028028 0.067665 -0.900155
v -0.054979 0.132730 -0.899359
v -0.040691 0.204563 -0.898066
v -0.028028 0.140906 -0.899359
v -0.054979 0.132730 -0.899359
v -0.079817 0.192694 -0.898066
v -0.079817 0.192694 -0.898066
v -0.111553 0.269312 -0.896327
v -0.028028 0.067665 -0.900155
v -0.000001 -0.000000 -0.900424
v -0.040691 0.060897 -0.900155
v -0.054979 0.132730 -0.899359
v -0.028028 0.067665 -0.900155
v -0.040691 0.060897 -0.900155
v -0.079817 0.119454 -0.899359
v -0.079817 0.192694 -0.898066
v -0.054979 0.132730 -0.899359
v -0.079817 0.119454 -0.899359
v -0.115876 0.173420 -0.898066
v -0.115876 0.173420 -0.898066
v -0.161950 0.242374 -0.896327
v -0.265461 0.265460 -0.799497
v -0.265461 0.265460 -0.874001
v -0.312149 0.208571 -0.874001
v -0.312149 0.208571 -0.799497
v -0.040691 0.060897 -0.900155
v -0.000001 -0.000000 -0.900424
v -0.051789 0.051789 -0.900155
v -0.079817 0.119454 -0.899359
v -0.040691 0.060897 -0.900155
v -0.051789 0.051789 -0.900155
v -0.101588 0.101587 -0.899359
v -0.115876 0.173420 -0.898066
v -0.079817 0.119454 -0.899359
v -0.101588 0.101587 -0.899359
v -0.147483 0.147482 -0.898066
v -0.147483 0.147482 -0.898066
v -0.206123 0.206122 -0.896327
v -0.101588 0.101587 -0.899359
v -0.051789 0.051789 -0.900155
v -0.060898 0.040690 -0.900155
v -0.119455 0.079817 -0.899359
v -0.147483 0.147482 -0.898066
v -0.101588 0.101587 -0.899359
v -0.119455 0.079817 -0.899359
v -0.173421 0.115876 -0.898066
v -0.173421 0.115876 -0.898066
v -0.242375 0.161949 -0.896327
v -0.346841 0.143666 -0.874001
v -0.346841 0.143666 -0.799497
v -0.051789 0.051789 -0.900155
v -0.000001 -0.000000 -0.900424
v -0.060898 0.040690 -0.900155
v -0.060898 0.040690 -0.900155
v -0.000001 -0.000000 -0.900424
v -0.067666 0.028028 -0.900155
v -0.119455 0.079817 -0.899359
v -0.060898 0.040690 -0.900155
v -0.067666 0.028028 -0.900155
v -0.132731 0.054979 -0.899359
v -0.173421 0.115876 -0.898066
v -0.119455 0.079817 -0.899359
v -0.132731 0.054979 -0.899359
v -0.192695 0.079817 -0.898066
v -0.192695 0.079817 -0.898066
v -0.269313 0.111553 -0.896327
v -0.368205 0.073240 -0.799497
v -0.368205 0.073240 -0.874001
v -0.132731 0.054979 -0.899359
v -0.067666 0.028028 -0.900155
v -0.071834 0.014289 -0.900155
v -0.140906 0.028028 -0.899359
v -0.192695 0.079817 -0.898066
v -0.132731 0.054979 -0.899359
v -0.140906 0.028028 -0.899359
v -0.204564 0.040690 -0.898066
v -0.204564 0.040690 -0.898066
v -0.285901 0.056869 -0.896327
v -0.375418 -0.000000 -0.874001
v -0.375418 -0.000000 -0.799497
v -0.067666 0.028028 -0.900155
v -0.000001 -0.000000 -0.900424
v -0.071834 0.014289 -0.900155
v -0.071834 0.014289 -0.900155
v -0.000001 -0.000000 -0.900424
v -0.073241 -0.000000 -0.900155
v -0.140906 0.028028 -0.899359
v -0.071834 0.014289 -0.900155
v -0.073241 -0.000000 -0.900155
v -0.143667 -0.000000 -0.899359
v -0.204564 0.040690 -0.898066
v -0.140906 0.028028 -0.899359
v -0.143667 -0.000000 -0.899359
v -0.208571 -0.000000 -0.898066
v -0.208571 -0.000000 -0.898066
v -0.291502 -0.000000 -0.896327
v -0.368205 -0.073240 -0.874001
v -0.368205 -0.073240 -0.799497
v -0.208571 -0.000000 -0.898066
v -0.143667 -0.000000 -0.899359
v -0.140906 -0.028028 -0.899359
v -0.204564 -0.040690 -0.898066
v -0.204564 -0.040690 -0.898066
v -0.285901 -0.056869 -0.896327
v -0.346841 -0.143666 -0.874001
v -0.346841 -0.143666 -0.799497
v -0.073241 -0.000000 -0.900155
v -0.000001 -0.000000 -0.900424
v -0.071834 -0.014289 -0.900155
v -0.143667 -0.000000 -0.899359
v -0.073241 -0.000000 -0.900155
v -0.071834 -0.014289 -0.900155
v -0.140906 -0.028028 -0.899359
v -0.071834 -0.014289 -0.900155
v -0.000001 -0.000000 -0.900424
v -0.067666 -0.028028 -0.900155
v -0.140906 -0.028028 -0.899359
v -0.071834 -0.014289 -0.900155
v -0.067666 -0.028028 -0.900155
v -0.132731 -0.054979 -0.899359
v -0.204564 -0.040690 -0.898066
v -0.140906 -0.028028 -0.899359
v -0.132731 -0.054979 -0.899359
v -0.192695 -0.079817 -0.898066
v -0.192695 -0.079817 -0.898066
v -0.269313 -0.111553 -0.896327
v -0.312149 -0.208571 -0.874001
v -0.312149 -0.208571 -0.799497
v -0.173421 -0.115876 -0.898066
v -0.242375 -0.161949 -0.896327
v -0.265461 -0.265460 -0.799497
v -0.265461 -0.265460 -0.874001
v -0.067666 -0.028028 -0.900155
v -0.000001 -0.000000 -0.900424
v -0.060898 -0.040690 -0.900155
v -0.132731 -0.054979 -0.899359
v -0.067666 -0.028028 -0.900155
v -0.060898 -0.040690 -0.900155
v -0.119455 -0.079817 -0.899359
v -0.192695 -0.079817 -0.898066
v -0.132731 -0.054979 -0.899359
v -0.119455 -0.079817 -0.899359
v -0.173421 -0.115876 -0.898066
v -0.060898 -0.040690 -0.900155
v -0.000001 -0.000000 -0.900424
v -0.051789 -0.051789 -0.900155
v -0.119455 -0.079817 -0.899359
v -0.060898 -0.040690 -0.900155
v -0.051789 -0.051789 -0.900155
v -0.101588 -0.101587 -0.899359
v -0.173421 -0.115876 -0.898066
v -0.119455 -0.079817 -0.899359
v -0.101588 -0.101587 -0.899359
v -0.147482 -0.147482 -0.898066
v -0.147482 -0.147482 -0.898066
v -0.206123 -0.206122 -0.896327
v -0.208571 -0.312148 -0.874001
v -0.208571 -0.312148 -0.799497
v -0.115876 -0.173420 -0.898066
v -0.161950 -0.242374 -0.896327
v -0.143667 -0.346841 -0.799497
v -0.143667 -0.346841 -0.874001
v -0.051789 -0.051789 -0.900155
v -0.000001 -0.000000 -0.900424
v -0.040691 -0.060897 -0.900155
v -0.101588 -0.101587 -0.899359
v -0.051789 -0.051789 -0.900155
v -0.040691 -0.060897 -0.900155
v -0.079817 -0.119454 -0.899359
v -0.147482 -0.147482 -0.898066
v -0.101588 -0.101587 -0.899359
v -0.079817 -0.119454 -0.899359
v -0.115876 -0.173420 -0.898066
v -0.040691 -0.060897 -0.900155
v -0.000001 -0.000000 -0.900424
v -0.028028 -0.067665 -0.900155
v -0.079817 -0.119454 -0.899359
v -0.040691 -0.060897 -0.900155
v -0.028028 -0.067665 -0.900155
v -0.054979 -0.132730 -0.899359
v -0.115876 -0.173420 -0.898066
v -0.079817 -0.119454 -0.899359
v -0.054979 -0.132730 -0.899359
v -0.079817 -0.192694 -0.898066
v -0.079817 -0.192694 -0.898066
v -0.111553 -0.269312 -0.896327
v -0.073241 -0.368204 -0.874001
v -0.073241 -0.368204 -0.799497
v -0.000001 -0.375417 -0.874001
v -0.000001 -0.375417 -0.799497
v -0.028028 -0.067665 -0.900155
v -0.000001 -0.000000 -0.900424
v -0.014289 -0.071833 -0.900155
v -0.054979 -0.132730 -0.899359
v -0.028028 -0.067665 -0.900155
v -0.014289 -0.071833 -0.900155
v -0.028028 -0.140906 -0.899359
v -0.079817 -0.192694 -0.898066
v -0.054979 -0.132730 -0.899359
v -0.028028 -0.140906 -0.899359
v -0.040691 -0.204563 -0.898066
v -0.040691 -0.204563 -0.898066
v -0.056870 -0.285900 -0.896327
v -0.014289 -0.071833 -0.900155
v -0.000001 -0.000000 -0.900424
v -0.000001 -0.073240 -0.900155
v -0.028028 -0.140906 -0.899359
v -0.014289 -0.071833 -0.900155
v -0.000001 -0.073240 -0.900155
v -0.000001 -0.143666 -0.899359
v -0.040691 -0.204563 -0.898066
v -0.028028 -0.140906 -0.899359
v -0.000001 -0.143666 -0.899359
v -0.000001 -0.208571 -0.898066
v -0.000001 -0.208571 -0.898066
v -0.000001 -0.291501 -0.896327
v 0.073240 -0.368204 -0.799497
v 0.073240 -0.368204 -0.874001
v 0.143666 -0.346841 -0.799497
v 0.143666 -0.346841 -0.874001
v -0.000001 -0.073240 -0.900155
v -0.000001 -0.000000 -0.900424
v 0.014288 -0.071833 -0.900155
v -0.000001 -0.143666 -0.899359
v -0.000001 -0.073240 -0.900155
v 0.014288 -0.071833 -0.900155
v 0.028027 -0.140906 -0.899359
v -0.000001 -0.208571 -0.898066
v -0.000001 -0.143666 -0.899359
v 0.028027 -0.140906 -0.899359
v 0.040690 -0.204563 -0.898066
v 0.040690 -0.204563 -0.898066
v 0.056869 -0.285900 -0.896327
v 0.028027 -0.140906 -0.899359
v 0.014288 -0.071833 -0.900155
v 0.028027 -0.067665 -0.900155
v 0.054978 -0.132730 -0.899359
v 0.040690 -0.204563 -0.898066
v 0.028027 -0.140906 -0.899359
v 0.054978 -0.132730 -0.899359
v 0.079816 -0.192694 -0.898066
v 0.079816 -0.192694 -0.898066
v 0.111552 -0.269312 -0.896327
v 0.208570 -0.312148 -0.874001
v 0.208570 -0.312148 -0.799497
v 0.014288 -0.071833 -0.900155
v -0.000001 -0.000000 -0.900424
v 0.028027 -0.067665 -0.900155
v 0.028027 -0.067665 -0.900155
v -0.000001 -0.000000 -0.900424
v 0.040690 -0.060897 -0.900155
v 0.054978 -0.132730 -0.899359
v 0.028027 -0.067665 -0.900155
v 0.040690 -0.060897 -0.900155
v 0.079816 -0.119454 -0.899359
v 0.079816 -0.192694 -0.898066
v 0.054978 -0.132730 -0.899359
v 0.079816 -0.119454 -0.899359
v 0.115875 -0.173420 -0.898066
v 0.115875 -0.173420 -0.898066
v 0.161949 -0.242374 -0.896327
v 0.265460 -0.265460 -0.799497
v 0.265460 -0.265460 -0.874001
v 0.115875 -0.173420 -0.898066
v 0.079816 -0.119454 -0.899359
v 0.101587 -0.101587 -0.899359
v 0.147481 -0.147482 -0.898066
v 0.147481 -0.147482 -0.898066
v 0.206122 -0.206122 -0.896327
v 0.312148 -0.208571 -0.799497
v 0.312148 -0.208571 -0.874001
v 0.040690 -0.060897 -0.900155
v -0.000001 -0.000000 -0.900424
v 0.051788 -0.051789 -0.900155
v 0.079816 -0.119454 -0.899359
v 0.040690 -0.060897 -0.900155
v 0.051788 -0.051789 -0.900155
v 0.101587 -0.101587 -0.899359
v 0.051788 -0.051789 -0.900155
v -0.000001 -0.000000 -0.900424
v 0.060897 -0.040690 -0.900155
v 0.101587 -0.101587 -0.899359
v 0.051788 -0.051789 -0.900155
v 0.060897 -0.040690 -0.900155
v 0.119453 -0.079817 -0.899359
v 0.147481 -0.147482 -0.898066
v 0.101587 -0.101587 -0.899359
v 0.119453 -0.079817 -0.899359
v 0.173420 -0.115876 -0.898066
v 0.173420 -0.115876 -0.898066
v 0.242374 -0.161949 -0.896327
v 0.346840 -0.143666 -0.874001
v 0.346840 -0.143666 -0.799497
v 0.173420 -0.115876 -0.898066
v 0.119453 -0.079817 -0.899359
v 0.132730 -0.054979 -0.899359
v 0.192694 -0.079817 -0.898066
v 0.192694 -0.079817 -0.898066
v 0.269311 -0.111552 -0.896327
v 0.368203 -0.073240 -0.799497
v 0.368203 -0.073240 -0.874001
v 0.060897 -0.040690 -0.900155
v -0.000001 -0.000000 -0.900424
v 0.067665 -0.028028 -0.900155
v 0.119453 -0.079817 -0.899359
v 0.060897 -0.040690 -0.900155
v 0.067665 -0.028028 -0.900155
v 0.132730 -0.054979 -0.899359
v 0.067665 -0.028028 -0.900155
v -0.000001 -0.000000 -0.900424
v 0.071833 -0.014289 -0.900155
v 0.132730 -0.054979 -0.899359
v 0.067665 -0.028028 -0.900155
v 0.071833 -0.014289 -0.900155
v 0.140905 -0.028028 -0.899359
v 0.192694 -0.079817 -0.898066
v 0.132730 -0.054979 -0.899359
v 0.140905 -0.028028 -0.899359
v 0.204563 -0.040690 -0.898066
v 0.204563 -0.040690 -0.898066
v 0.285899 -0.056869 -0.896327
v 0.375417 0.000000 -0.874001
v 0.375417 0.000000 -0.799497
v 0.208570 0.312148 -0.799497
v 0.265460 0.265460 -0.799497
v 0.265459 0.265460 -0.874001
v 0.208570 0.312148 -0.874001
v 0.208570 -0.000000 -0.898066
v 0.291500 0.000000 -0.896327
v -0.070820 -0.356035 -0.887898
v -0.138919 -0.335378 -0.887898
v 0.368203 0.073240 -0.799497
v 0.368203 0.073240 -0.874001
v -0.301832 0.201678 -0.887898
v -0.256688 0.256687 -0.887898
v -0.138919 0.335378 -0.887898
v -0.070820 0.356035 -0.887898
v 0.071833 -0.014289 -0.900155
v -0.000001 -0.000000 -0.900424
v 0.073240 0.000000 -0.900155
v 0.269311 0.111553 -0.896327
v 0.335377 0.138918 -0.887898
v 0.356034 0.070820 -0.887898
v 0.285899 0.056869 -0.896327
v 0.140905 -0.028028 -0.899359
v 0.071833 -0.014289 -0.900155
v 0.073240 0.000000 -0.900155
v 0.143666 -0.000000 -0.899359
v 0.204563 -0.040690 -0.898066
v 0.140905 -0.028028 -0.899359
v 0.143666 -0.000000 -0.899359
v 0.208570 -0.000000 -0.898066
v -0.201678 -0.301832 -0.887898
v -0.256687 -0.256687 -0.887898
v 0.073240 0.000000 -0.900155
v -0.000001 -0.000000 -0.900424
v 0.071833 0.014289 -0.900155
v 0.161949 0.242374 -0.896327
v 0.201677 0.301832 -0.887898
v 0.256686 0.256687 -0.887898
v 0.206122 0.206122 -0.896327
v -0.363011 -0.000000 -0.887898
v -0.356036 0.070820 -0.887898
v 0.143666 -0.000000 -0.899359
v 0.073240 0.000000 -0.900155
v 0.071833 0.014289 -0.900155
v 0.140905 0.028028 -0.899359
v 0.138917 -0.335377 -0.887898
v 0.070819 -0.356035 -0.887898
v 0.208570 -0.000000 -0.898066
v 0.143666 -0.000000 -0.899359
v 0.140905 0.028028 -0.899359
v 0.204563 0.040690 -0.898066
v -0.201678 0.301832 -0.887898
v 0.204563 0.040690 -0.898066
v -0.356036 -0.070820 -0.887898
v 0.346840 0.143666 -0.799497
v 0.346840 0.143666 -0.874001
v 0.242374 0.161949 -0.896327
v 0.301831 0.201677 -0.887898
v -0.000001 -0.363010 -0.887898
v 0.192694 0.079817 -0.898066
v 0.363009 0.000000 -0.887898
v 0.312147 0.208571 -0.874001
v 0.312147 0.208571 -0.799497
v -0.301832 -0.201678 -0.887898
v -0.335378 -0.138918 -0.887898
v 0.071833 0.014289 -0.900155
v -0.000001 -0.000000 -0.900424
v 0.067665 0.028028 -0.900155
v 0.201677 -0.301832 -0.887898
v 0.140905 0.028028 -0.899359
v 0.071833 0.014289 -0.900155
v 0.067665 0.028028 -0.900155
v 0.132730 0.054979 -0.899359
v 0.204563 0.040690 -0.898066
v 0.140905 0.028028 -0.899359
v 0.132730 0.054979 -0.899359
v 0.192694 0.079817 -0.898066
v 0.067665 0.028028 -0.900155
v -0.000001 -0.000000 -0.900424
v 0.060897 0.040690 -0.900155
v 0.335377 -0.138918 -0.887898
v 0.301831 -0.201677 -0.887898
v -0.000001 0.375418 -0.799497
v 0.073240 0.368204 -0.799497
v 0.073240 0.368204 -0.874001
v -0.000001 0.375418 -0.874001
v 0.132730 0.054979 -0.899359
v 0.067665 0.028028 -0.900155
v 0.060897 0.040690 -0.900155
v 0.119453 0.079817 -0.899359
v 0.256686 -0.256687 -0.887898
v 0.192694 0.079817 -0.898066
v 0.132730 0.054979 -0.899359
v 0.119453 0.079817 -0.899359
v 0.173420 0.115876 -0.898066
v -0.335378 0.138918 -0.887898
v 0.173420 0.115876 -0.898066
v 0.111552 0.269312 -0.896327
v 0.138917 0.335377 -0.887898
v 0.060897 0.040690 -0.900155
v -0.000001 -0.000000 -0.900424
v 0.051788 0.051789 -0.900155
v 0.119453 0.079817 -0.899359
v 0.060897 0.040690 -0.900155
v 0.051788 0.051789 -0.900155
v 0.101587 0.101587 -0.899359
v 0.173420 0.115876 -0.898066
v 0.119453 0.079817 -0.899359
v 0.101587 0.101587 -0.899359
v 0.147481 0.147482 -0.898066
v 0.147481 0.147482 -0.898066
v 0.101587 0.101587 -0.899359
v 0.051788 0.051789 -0.900155
v 0.040690 0.060897 -0.900155
v 0.079816 0.119454 -0.899359
v 0.147481 0.147482 -0.898066
v 0.101587 0.101587 -0.899359
v 0.079816 0.119454 -0.899359
v 0.115875 0.173420 -0.898066
v 0.115875 0.173420 -0.898066
v 0.143665 0.346840 -0.874001
v 0.143665 0.346840 -0.799497
v 0.051788 0.051789 -0.900155
v -0.000001 -0.000000 -0.900424
v 0.040690 0.060897 -0.900155
v 0.040690 0.060897 -0.900155
v -0.000001 -0.000000 -0.900424
v 0.028027 0.067665 -0.900155
v 0.056868 0.285900 -0.896327
v 0.070819 0.356035 -0.887898
v 0.079816 0.119454 -0.899359
v 0.040690 0.060897 -0.900155
v 0.028027 0.067665 -0.900155
v 0.054978 0.132730 -0.899359
v 0.115875 0.173420 -0.898066
v 0.079816 0.119454 -0.899359
v 0.054978 0.132730 -0.899359
v 0.079816 0.192694 -0.898066
v 0.079816 0.192694 -0.898066
v 0.054978 0.132730 -0.899359
v 0.028027 0.067665 -0.900155
v 0.014288 0.071833 -0.900155
v 0.028027 0.140906 -0.899359
v 0.079816 0.192694 -0.898066
v 0.054978 0.132730 -0.899359
v 0.028027 0.140906 -0.899359
v 0.040689 0.204563 -0.898066
v 0.040689 0.204563 -0.898066
v -0.000001 0.363010 -0.887898
v 0.028027 0.067665 -0.900155
v -0.000001 -0.000000 -0.900424
v 0.014288 0.071833 -0.900155
v 0.356034 -0.070820 -0.887898
v 0.014288 0.071833 -0.900155
v -0.000001 -0.000000 -0.900424
v -0.000001 0.073240 -0.900155
v 0.028027 0.140906 -0.899359
v 0.014288 0.071833 -0.900155
v -0.000001 0.073240 -0.900155
v -0.000001 0.143666 -0.899359
v 0.040689 0.204563 -0.898066
v 0.028027 0.140906 -0.899359
v -0.000001 0.143666 -0.899359
v -0.000001 0.208571 -0.898066
vn -0.0004 0.0037 -1.0000
vn -0.0011 0.0113 -0.9999
vn -0.0020 0.0199 -0.9998
vn -0.0141 0.0707 -0.9974
vn -0.0000 0.0721 -0.9974
vn -0.0000 0.0210 -0.9998
vn -0.0041 0.0206 -0.9998
vn -0.3586 0.8657 -0.3492
vn -0.3827 0.9239 -0.0000
vn -0.1951 0.9808 -0.0000
vn -0.1828 0.9190 -0.3492
vn -0.5206 0.7791 -0.3492
vn -0.5556 0.8315 -0.0000
vn -0.0011 0.0035 -1.0000
vn -0.0033 0.0109 -0.9999
vn -0.0058 0.0192 -0.9998
vn -0.0276 0.0666 -0.9974
vn -0.0078 0.0189 -0.9998
vn -0.0017 0.0033 -1.0000
vn -0.0054 0.0100 -0.9999
vn -0.0094 0.0176 -0.9998
vn -0.0094 0.0177 -0.9998
vn -0.0401 0.0599 -0.9974
vn -0.0116 0.0174 -0.9998
vn -0.6626 0.6626 -0.3492
vn -0.7071 0.7071 -0.0000
vn -0.7791 0.5206 -0.3492
vn -0.8315 0.5556 -0.0000
vn -0.0023 0.0029 -1.0000
vn -0.0072 0.0088 -0.9999
vn -0.0127 0.0155 -0.9998
vn -0.0510 0.0510 -0.9974
vn -0.0148 0.0148 -0.9998
vn -0.0088 0.0072 -0.9999
vn -0.0155 0.0127 -0.9998
vn -0.0599 0.0401 -0.9974
vn -0.0170 0.0113 -0.9998
vn -0.8657 0.3586 -0.3492
vn -0.9239 0.3827 -0.0000
vn -0.0029 0.0023 -1.0000
vn -0.0033 0.0017 -1.0000
vn -0.0100 0.0054 -0.9999
vn -0.0177 0.0094 -0.9998
vn -0.0666 0.0276 -0.9974
vn -0.0189 0.0078 -0.9998
vn -0.9190 0.1828 -0.3492
vn -0.9808 0.1951 -0.0000
vn -0.0109 0.0033 -0.9999
vn -0.0192 0.0058 -0.9998
vn -0.0707 0.0141 -0.9974
vn -0.0206 0.0041 -0.9998
vn -0.9371 -0.0000 -0.3492
vn -1.0000 -0.0000 -0.0000
vn -0.0035 0.0011 -1.0000
vn -0.0037 0.0004 -1.0000
vn -0.0113 0.0011 -0.9999
vn -0.0199 0.0020 -0.9998
vn -0.0721 -0.0000 -0.9974
vn -0.0205 -0.0000 -0.9998
vn -0.9190 -0.1828 -0.3492
vn -0.9808 -0.1951 -0.0000
vn -0.0199 -0.0020 -0.9998
vn -0.0707 -0.0141 -0.9974
vn -0.0206 -0.0041 -0.9998
vn -0.8657 -0.3586 -0.3492
vn -0.9239 -0.3827 -0.0000
vn -0.0037 -0.0004 -1.0000
vn -0.0113 -0.0011 -0.9999
vn -0.0035 -0.0011 -1.0000
vn -0.0109 -0.0033 -0.9999
vn -0.0192 -0.0058 -0.9998
vn -0.0666 -0.0276 -0.9974
vn -0.0191 -0.0079 -0.9998
vn -0.7791 -0.5206 -0.3492
vn -0.8315 -0.5556 -0.0000
vn -0.0599 -0.0401 -0.9974
vn -0.0170 -0.0113 -0.9998
vn -0.6626 -0.6626 -0.3492
vn -0.7071 -0.7071 -0.0000
vn -0.0033 -0.0017 -1.0000
vn -0.0100 -0.0054 -0.9999
vn -0.0177 -0.0094 -0.9998
vn -0.0029 -0.0023 -1.0000
vn -0.0088 -0.0072 -0.9999
vn -0.0155 -0.0127 -0.9998
vn -0.0510 -0.0510 -0.9974
vn -0.0148 -0.0148 -0.9998
vn -0.5206 -0.7791 -0.3492
vn -0.5556 -0.8315 -0.0000
vn -0.0401 -0.0599 -0.9974
vn -0.0113 -0.0170 -0.9998
vn -0.3586 -0.8657 -0.3492
vn -0.3827 -0.9239 -0.0000
vn -0.0023 -0.0029 -1.0000
vn -0.0072 -0.0088 -0.9999
vn -0.0127 -0.0155 -0.9998
vn -0.0017 -0.0033 -1.0000
vn -0.0054 -0.0100 -0.9999
vn -0.0094 -0.0177 -0.9998
vn -0.0276 -0.0666 -0.9974
vn -0.0079 -0.0191 -0.9998
vn -0.1828 -0.9190 -0.3492
vn -0.1951 -0.9808 -0.0000
vn -0.0000 -0.9370 -0.3492
vn -0.0000 -1.0000 -0.0000
vn -0.0011 -0.0035 -1.0000
vn -0.0033 -0.0109 -0.9999
vn -0.0058 -0.0192 -0.9998
vn -0.0141 -0.0707 -0.9974
vn -0.0040 -0.0202 -0.9998
vn -0.0004 -0.0037 -1.0000
vn -0.0011 -0.0113 -0.9999
vn -0.0020 -0.0199 -0.9998
vn -0.0000 -0.0721 -0.9974
vn -0.0000 -0.0205 -0.9998
vn 0.1828 -0.9190 -0.3492
vn 0.1951 -0.9808 -0.0000
vn 0.3586 -0.8657 -0.3492
vn 0.3827 -0.9239 -0.0000
vn 0.0004 -0.0037 -1.0000
vn 0.0011 -0.0113 -0.9999
vn 0.0020 -0.0199 -0.9998
vn 0.0141 -0.0707 -0.9974
vn 0.0041 -0.0206 -0.9998
vn 0.0033 -0.0109 -0.9999
vn 0.0058 -0.0192 -0.9998
vn 0.0276 -0.0666 -0.9974
vn 0.0079 -0.0191 -0.9998
vn 0.5206 -0.7791 -0.3492
vn 0.5556 -0.8315 -0.0000
vn 0.0011 -0.0035 -1.0000
vn 0.0017 -0.0033 -1.0000
vn 0.0054 -0.0100 -0.9999
vn 0.0094 -0.0177 -0.9998
vn 0.0094 -0.0176 -0.9998
vn 0.0401 -0.0599 -0.9974
vn 0.0113 -0.0170 -0.9998
vn 0.6626 -0.6626 -0.3492
vn 0.7071 -0.7071 -0.0000
vn 0.0127 -0.0155 -0.9998
vn 0.0510 -0.0510 -0.9974
vn 0.0148 -0.0148 -0.9998
vn 0.7791 -0.5206 -0.3492
vn 0.8315 -0.5556 -0.0000
vn 0.0023 -0.0029 -1.0000
vn 0.0072 -0.0088 -0.9999
vn 0.0029 -0.0023 -1.0000
vn 0.0088 -0.0072 -0.9999
vn 0.0155 -0.0127 -0.9998
vn 0.0599 -0.0401 -0.9974
vn 0.0170 -0.0113 -0.9998
vn 0.8657 -0.3586 -0.3492
vn 0.9239 -0.3827 -0.0000
vn 0.0177 -0.0094 -0.9998
vn 0.0666 -0.0276 -0.9974
vn 0.0191 -0.0079 -0.9998
vn 0.9190 -0.1828 -0.3492
vn 0.9808 -0.1951 -0.0000
vn 0.0033 -0.0017 -1.0000
vn 0.0100 -0.0053 -0.9999
vn 0.0100 -0.0054 -0.9999
vn 0.0035 -0.0011 -1.0000
vn 0.0109 -0.0033 -0.9999
vn 0.0192 -0.0058 -0.9998
vn 0.0707 -0.0141 -0.9974
vn 0.0206 -0.0041 -0.9998
vn 0.9370 -0.0000 -0.3492
vn 1.0000 -0.0000 -0.0000
vn 0.5206 0.7791 -0.3492
vn 0.5556 0.8315 -0.0000
vn 0.7071 0.7071 -0.0000
vn 0.6626 0.6626 -0.3492
vn 0.0721 -0.0000 -0.9974
vn 0.0205 -0.0000 -0.9998
vn -0.0934 -0.4693 -0.8781
vn -0.1831 -0.4421 -0.8781
vn 0.9190 0.1828 -0.3492
vn 0.9808 0.1951 -0.0000
vn -0.3979 0.2659 -0.8781
vn -0.3384 0.3384 -0.8781
vn -0.1831 0.4421 -0.8781
vn -0.0934 0.4693 -0.8781
vn 0.0037 -0.0004 -1.0000
vn 0.0707 0.0141 -0.9974
vn 0.0666 0.0276 -0.9974
vn 0.4421 0.1831 -0.8781
vn 0.4693 0.0934 -0.8781
vn 0.0113 -0.0011 -0.9999
vn 0.0199 -0.0020 -0.9998
vn -0.2659 -0.3979 -0.8781
vn -0.3384 -0.3384 -0.8781
vn 0.0037 0.0004 -1.0000
vn 0.0510 0.0510 -0.9974
vn 0.0401 0.0599 -0.9974
vn 0.2659 0.3979 -0.8781
vn 0.3384 0.3384 -0.8781
vn -0.4785 -0.0000 -0.8781
vn -0.4693 0.0934 -0.8781
vn 0.0113 0.0011 -0.9999
vn 0.1831 -0.4421 -0.8781
vn 0.0934 -0.4693 -0.8781
vn 0.0199 0.0020 -0.9998
vn -0.2659 0.3979 -0.8781
vn 0.0206 0.0041 -0.9998
vn -0.4693 -0.0934 -0.8781
vn 0.8657 0.3586 -0.3492
vn 0.9239 0.3827 -0.0000
vn 0.0599 0.0401 -0.9974
vn 0.3979 0.2659 -0.8781
vn -0.0000 -0.4785 -0.8781
vn 0.0191 0.0079 -0.9998
vn 0.4785 -0.0000 -0.8781
vn 0.7791 0.5206 -0.3492
vn 0.8315 0.5556 -0.0000
vn -0.3979 -0.2659 -0.8781
vn -0.4421 -0.1831 -0.8781
vn 0.0035 0.0011 -1.0000
vn 0.2659 -0.3979 -0.8781
vn 0.0109 0.0033 -0.9999
vn 0.0192 0.0058 -0.9998
vn 0.0033 0.0017 -1.0000
vn 0.4421 -0.1831 -0.8781
vn 0.3979 -0.2659 -0.8781
vn -0.0000 0.9370 -0.3492
vn -0.0000 1.0000 -0.0000
vn 0.1951 0.9808 -0.0000
vn 0.1828 0.9190 -0.3492
vn 0.0100 0.0054 -0.9999
vn 0.3384 -0.3384 -0.8781
vn 0.0177 0.0094 -0.9998
vn -0.4421 0.1831 -0.8781
vn 0.0170 0.0114 -0.9998
vn 0.0276 0.0666 -0.9974
vn 0.1831 0.4421 -0.8781
vn 0.0029 0.0023 -1.0000
vn 0.0088 0.0072 -0.9999
vn 0.0155 0.0127 -0.9998
vn 0.0148 0.0148 -0.9998
vn 0.0072 0.0088 -0.9999
vn 0.0127 0.0155 -0.9998
vn 0.0116 0.0174 -0.9998
vn 0.3586 0.8657 -0.3492
vn 0.3827 0.9239 -0.0000
vn 0.0023 0.0029 -1.0000
vn 0.0017 0.0033 -1.0000
vn 0.0141 0.0707 -0.9974
vn 0.0934 0.4693 -0.8781
vn 0.0054 0.0100 -0.9999
vn 0.0094 0.0177 -0.9998
vn 0.0094 0.0176 -0.9998
vn 0.0078 0.0189 -0.9998
vn 0.0033 0.0109 -0.9999
vn 0.0058 0.0192 -0.9998
vn 0.0040 0.0202 -0.9998
vn -0.0000 0.4785 -0.8781
vn 0.0011 0.0035 -1.0000
vn 0.4693 -0.0934 -0.8781
vn 0.0004 0.0037 -1.0000
vn 0.0011 0.0113 -0.9999
vn 0.0020 0.0199 -0.9998
vt 0.057366 0.934885
vt 0.056412 0.943070
vt 0.058944 0.935227
vt 0.061372 0.927695
vt 0.058281 0.927024
vt 0.063604 0.920760
vt 0.059121 0.919789
vt 0.066450 0.911907
vt 0.060186 0.910552
vt 0.077305 0.905499
vt 0.081849 0.897360
vt 0.072530 0.893039
vt 0.069569 0.902225
vt 0.084151 0.910342
vt 0.090371 0.903024
vt 0.060424 0.935871
vt 0.064273 0.928954
vt 0.067813 0.922585
vt 0.072333 0.914453
vt 0.061751 0.936791
vt 0.066874 0.930754
vt 0.071587 0.925194
vt 0.077598 0.918100
vt 0.090052 0.916295
vt 0.097285 0.910541
vt 0.094592 0.923367
vt 0.102926 0.918916
vt 0.062874 0.937951
vt 0.069076 0.933026
vt 0.074782 0.928487
vt 0.082061 0.922689
vt 0.070794 0.935685
vt 0.063749 0.939309
vt 0.077276 0.932340
vt 0.085542 0.928063
vt 0.097664 0.931154
vt 0.106963 0.928437
vt 0.064344 0.940811
vt 0.071963 0.938628
vt 0.078976 0.936607
vt 0.087918 0.934016
vt 0.099326 0.939385
vt 0.108555 0.938590
vt 0.072537 0.941745
vt 0.064634 0.942402
vt 0.079816 0.941126
vt 0.089110 0.940319
vt 0.099232 0.947807
vt 0.108598 0.948678
vt 0.064608 0.944019
vt 0.072492 0.944915
vt 0.079760 0.945727
vt 0.089046 0.946739
vt 0.097546 0.956070
vt 0.106711 0.958745
vt 0.078808 0.950235
vt 0.071830 0.948020
vt 0.087733 0.953040
vt 0.094264 0.963899
vt 0.102863 0.968394
vt 0.064268 0.945601
vt 0.063624 0.947086
vt 0.070573 0.950938
vt 0.076990 0.954478
vt 0.085207 0.958982
vt 0.089458 0.970917
vt 0.097089 0.977276
vt 0.081555 0.964328
vt 0.074374 0.958288
vt 0.083420 0.976969
vt 0.089363 0.984422
vt 0.062703 0.948418
vt 0.068768 0.953556
vt 0.061538 0.949544
vt 0.066484 0.955772
vt 0.071058 0.961516
vt 0.076925 0.968859
vt 0.076224 0.981561
vt 0.080715 0.990268
vt 0.071486 0.972395
vt 0.067171 0.964033
vt 0.068333 0.984795
vt 0.070938 0.993863
vt 0.060176 0.950422
vt 0.063809 0.957500
vt 0.058668 0.951016
vt 0.060846 0.958669
vt 0.062862 0.965738
vt 0.065451 0.974794
vt 0.059901 0.986286
vt 0.060823 0.995925
vt 0.051366 0.986067
vt 0.050188 0.996008
vt 0.057073 0.951304
vt 0.057711 0.959236
vt 0.058301 0.966564
vt 0.059062 0.975948
vt 0.055452 0.951274
vt 0.054525 0.959177
vt 0.053667 0.966477
vt 0.052565 0.975819
vt 0.043015 0.984282
vt 0.039863 0.993439
vt 0.035170 0.980854
vt 0.030510 0.989064
vt 0.053868 0.950928
vt 0.051413 0.958496
vt 0.049140 0.965483
vt 0.046219 0.974425
vt 0.048496 0.957218
vt 0.052383 0.950280
vt 0.044901 0.963621
vt 0.040285 0.971812
vt 0.028285 0.975860
vt 0.021841 0.983278
vt 0.051054 0.949354
vt 0.045888 0.955396
vt 0.041112 0.960966
vt 0.034993 0.968081
vt 0.022421 0.969747
vt 0.014801 0.975518
vt 0.037918 0.957626
vt 0.043687 0.953100
vt 0.030530 0.963400
vt 0.017853 0.962590
vt 0.009513 0.966785
vt 0.049932 0.948186
vt 0.049059 0.946822
vt 0.041979 0.950421
vt 0.035442 0.953730
vt 0.027075 0.957948
vt 0.014896 0.954680
vt 0.005558 0.957270
vt 0.033777 0.949428
vt 0.040827 0.947461
vt 0.024762 0.951930
vt 0.013385 0.946360
vt 0.003992 0.947059
vt 0.048470 0.945315
vt 0.048187 0.943722
vt 0.040276 0.944335
vt 0.032983 0.944888
vt 0.023661 0.945583
vt 0.013709 0.937904
vt 0.003992 0.936674
vt 0.036907 0.904805
vt 0.032759 0.896651
vt 0.024174 0.901859
vt 0.029867 0.909346
vt 0.023832 0.939146
vt 0.033091 0.940285
vt 0.059747 0.984113
vt 0.067736 0.982693
vt 0.015513 0.929671
vt 0.006521 0.926553
vt 0.092687 0.924333
vt 0.088372 0.917629
vt 0.076252 0.907372
vt 0.068909 0.904246
vt 0.048220 0.942105
vt 0.025239 0.932872
vt 0.027838 0.927005
vt 0.020778 0.923018
vt 0.017551 0.930347
vt 0.040346 0.941164
vt 0.075240 0.979640
vt 0.082056 0.975258
vt 0.048567 0.940527
vt 0.036160 0.917345
vt 0.041545 0.913905
vt 0.037868 0.906716
vt 0.031181 0.911023
vt 0.097102 0.947570
vt 0.097184 0.939577
vt 0.041031 0.938070
vt 0.036261 0.978964
vt 0.043692 0.982214
vt 0.034093 0.935794
vt 0.082771 0.911956
vt 0.095492 0.955425
vt 0.018914 0.921939
vt 0.010828 0.917346
vt 0.031533 0.921769
vt 0.025441 0.916545
vt 0.051632 0.983917
vt 0.035949 0.931590
vt 0.015828 0.938173
vt 0.023843 0.915145
vt 0.016531 0.908800
vt 0.087802 0.969528
vt 0.092367 0.962854
vt 0.049215 0.939047
vt 0.029706 0.974243
vt 0.042306 0.935170
vt 0.050138 0.937721
vt 0.016965 0.954109
vt 0.019795 0.961631
vt 0.061371 0.900380
vt 0.062441 0.891082
vt 0.052140 0.890677
vt 0.052963 0.900352
vt 0.044119 0.932576
vt 0.024125 0.968421
vt 0.038584 0.927831
vt 0.095623 0.931746
vt 0.047496 0.911582
vt 0.045286 0.903853
vt 0.051302 0.936602
vt 0.046402 0.930385
vt 0.041897 0.924658
vt 0.049065 0.928681
vt 0.052661 0.935731
vt 0.045760 0.922190
vt 0.044724 0.901796
vt 0.042022 0.892777
vt 0.054164 0.935141
vt 0.053788 0.910456
vt 0.053133 0.902472
vt 0.052008 0.927527
vt 0.050026 0.920520
vt 0.055120 0.926968
vt 0.055752 0.934856
vt 0.054537 0.919709
vt 0.061120 0.902518
vt 0.015545 0.946197
s 0
usemtl DefaultMaterial
f 5622/4308/2424 5623/4309/2424 5624/4310/2424
f 5628/4311/2425 5625/4312/2425 5626/4308/2425
f 5626/4308/2425 5627/4310/2425 5628/4311/2425
f 5632/4313/2426 5629/4314/2426 5630/4312/2426
f 5630/4312/2426 5631/4311/2426 5632/4313/2426
s 1
f 5636/4315/2427 5633/4316/2428 5634/4314/2429
f 5634/4314/2429 5635/4313/2430 5636/4315/2427
f 5640/4317/2431 5637/4318/2432 5638/4319/2433
f 5638/4319/2433 5639/4320/2434 5640/4317/2431
f 5640/4317/2431 5641/4321/2435 5642/4322/2436
f 5642/4322/2436 5637/4318/2432 5640/4317/2431
s 0
f 5643/4310/2437 5644/4309/2437 5645/4323/2437
f 5649/4324/2438 5646/4311/2438 5647/4310/2438
s 1
f 5647/4310/2438 5648/4323/2438 5649/4324/2438
f 5653/4325/2439 5650/4313/2439 5651/4311/2439
s 0
f 5651/4311/2439 5652/4324/2439 5653/4325/2439
s 1
f 5655/4326/2440 5636/4315/2427 5635/4313/2430
f 5635/4313/2430 5654/4325/2441 5655/4326/2440
s 0
f 5656/4323/2442 5657/4309/2442 5658/4327/2442
f 5662/4328/2443 5659/4324/2443 5660/4323/2443
f 5660/4323/2443 5661/4327/2443 5662/4328/2443
s 1
f 5666/4329/2444 5663/4325/2444 5664/4324/2444
s 0
f 5664/4324/2445 5665/4328/2445 5666/4329/2445
s 1
f 5668/4330/2446 5655/4326/2440 5654/4325/2441
f 5654/4325/2441 5667/4329/2447 5668/4330/2446
f 5670/4331/2448 5669/4332/2449 5642/4322/2436
f 5642/4322/2436 5641/4321/2435 5670/4331/2448
f 5670/4331/2448 5671/4333/2450 5672/4334/2451
f 5672/4334/2451 5669/4332/2449 5670/4331/2448
s 0
f 5673/4327/2452 5674/4309/2452 5675/4335/2452
f 5679/4336/2453 5676/4328/2453 5677/4327/2453
f 5677/4327/2453 5678/4335/2453 5679/4336/2453
f 5683/4337/2454 5680/4329/2454 5681/4328/2454
f 5681/4328/2454 5682/4336/2454 5683/4337/2454
s 1
f 5685/4338/2455 5668/4330/2446 5667/4329/2447
f 5667/4329/2447 5684/4337/2456 5685/4338/2455
s 0
f 5689/4339/2457 5686/4336/2457 5687/4335/2457
f 5687/4335/2457 5688/4340/2457 5689/4339/2457
f 5693/4341/2458 5690/4337/2458 5691/4336/2458
f 5691/4336/2458 5692/4339/2458 5693/4341/2458
s 1
f 5695/4342/2459 5685/4338/2455 5684/4337/2456
f 5684/4337/2456 5694/4341/2460 5695/4342/2459
f 5671/4333/2450 5696/4343/2461 5697/4344/2462
f 5697/4344/2462 5672/4334/2451 5671/4333/2450
s 0
f 5698/4335/2463 5699/4309/2463 5700/4340/2463
f 5701/4340/2464 5702/4309/2464 5703/4345/2464
f 5707/4346/2465 5704/4339/2465 5705/4340/2465
f 5705/4340/2465 5706/4345/2465 5707/4346/2465
f 5711/4347/2466 5708/4341/2466 5709/4339/2466
f 5709/4339/2466 5710/4346/2466 5711/4347/2466
s 1
f 5713/4348/2467 5695/4342/2459 5694/4341/2460
f 5694/4341/2460 5712/4347/2468 5713/4348/2467
f 5715/4349/2469 5714/4350/2470 5697/4344/2462
f 5697/4344/2462 5696/4343/2461 5715/4349/2469
f 5719/4351/2471 5716/4346/2471 5717/4345/2471
s 0
f 5717/4345/2471 5718/4352/2471 5719/4351/2471
f 5723/4353/2472 5720/4347/2472 5721/4346/2472
f 5721/4346/2472 5722/4351/2472 5723/4353/2472
s 1
f 5725/4354/2473 5713/4348/2467 5712/4347/2468
f 5712/4347/2468 5724/4353/2474 5725/4354/2473
f 5715/4349/2469 5726/4355/2475 5727/4356/2476
f 5727/4356/2476 5714/4350/2470 5715/4349/2469
s 0
f 5728/4345/2477 5729/4309/2477 5730/4352/2477
f 5731/4352/2478 5732/4309/2478 5733/4357/2478
f 5737/4358/2479 5734/4351/2479 5735/4352/2479
f 5735/4352/2479 5736/4357/2479 5737/4358/2479
f 5741/4359/2480 5738/4353/2480 5739/4351/2480
f 5739/4351/2480 5740/4358/2480 5741/4359/2480
s 1
f 5743/4360/2481 5725/4354/2473 5724/4353/2474
f 5724/4353/2474 5742/4359/2482 5743/4360/2481
f 5726/4355/2475 5744/4361/2483 5745/4362/2484
f 5745/4362/2484 5727/4356/2476 5726/4355/2475
s 0
f 5749/4363/2485 5746/4359/2485 5747/4358/2485
f 5747/4358/2485 5748/4364/2485 5749/4363/2485
s 1
f 5751/4365/2486 5743/4360/2481 5742/4359/2482
f 5742/4359/2482 5750/4363/2487 5751/4365/2486
f 5744/4361/2483 5752/4366/2488 5753/4367/2489
f 5753/4367/2489 5745/4362/2484 5744/4361/2483
s 0
f 5754/4357/2490 5755/4309/2490 5756/4368/2490
f 5760/4364/2491 5757/4358/2491 5758/4357/2491
f 5758/4357/2491 5759/4368/2491 5760/4364/2491
f 5761/4368/2492 5762/4309/2492 5763/4369/2492
s 1
f 5767/4370/2493 5764/4364/2493 5765/4368/2493
s 0
f 5765/4368/2493 5766/4369/2493 5767/4370/2493
f 5771/4371/2494 5768/4363/2494 5769/4364/2494
f 5769/4364/2494 5770/4370/2494 5771/4371/2494
s 1
f 5773/4372/2495 5751/4365/2486 5750/4363/2487
f 5750/4363/2487 5772/4371/2496 5773/4372/2495
f 5752/4366/2488 5774/4373/2497 5775/4374/2498
f 5775/4374/2498 5753/4367/2489 5752/4366/2488
f 5777/4375/2499 5773/4372/2495 5772/4371/2496
f 5772/4371/2496 5776/4376/2500 5777/4375/2499
f 5779/4377/2501 5778/4378/2502 5775/4374/2498
f 5775/4374/2498 5774/4373/2497 5779/4377/2501
s 0
f 5780/4369/2503 5781/4309/2503 5782/4379/2503
f 5786/4380/2504 5783/4370/2504 5784/4369/2504
f 5784/4369/2504 5785/4379/2504 5786/4380/2504
f 5790/4376/2505 5787/4371/2505 5788/4370/2505
f 5788/4370/2505 5789/4380/2505 5790/4376/2505
f 5791/4379/2506 5792/4309/2506 5793/4381/2506
f 5797/4382/2507 5794/4380/2507 5795/4379/2507
f 5795/4379/2507 5796/4381/2507 5797/4382/2507
s 1
f 5801/4383/2508 5798/4376/2508 5799/4380/2508
s 0
f 5799/4380/2508 5800/4382/2508 5801/4383/2508
s 1
f 5803/4384/2509 5777/4375/2499 5776/4376/2500
f 5776/4376/2500 5802/4383/2510 5803/4384/2509
f 5779/4377/2501 5804/4385/2511 5805/4386/2512
f 5805/4386/2512 5778/4378/2502 5779/4377/2501
f 5807/4387/2513 5803/4384/2509 5802/4383/2510
f 5802/4383/2510 5806/4388/2514 5807/4387/2513
f 5809/4389/2515 5808/4390/2516 5805/4386/2512
f 5805/4386/2512 5804/4385/2511 5809/4389/2515
s 0
f 5810/4381/2517 5811/4309/2517 5812/4391/2517
f 5816/4392/2518 5813/4382/2518 5814/4381/2518
f 5814/4381/2518 5815/4391/2518 5816/4392/2518
f 5820/4388/2519 5817/4383/2519 5818/4382/2519
f 5818/4382/2519 5819/4392/2519 5820/4388/2519
f 5821/4391/2520 5822/4309/2520 5823/4393/2520
f 5827/4394/2521 5824/4392/2521 5825/4391/2521
f 5825/4391/2521 5826/4393/2521 5827/4394/2521
f 5831/4395/2522 5828/4388/2522 5829/4392/2522
f 5829/4392/2522 5830/4394/2522 5831/4395/2522
s 1
f 5833/4396/2523 5807/4387/2513 5806/4388/2514
f 5806/4388/2514 5832/4395/2524 5833/4396/2523
f 5809/4389/2515 5834/4397/2525 5835/4398/2526
f 5835/4398/2526 5808/4390/2516 5809/4389/2515
f 5834/4397/2525 5836/4399/2527 5837/4400/2528
f 5837/4400/2528 5835/4398/2526 5834/4397/2525
s 0
f 5838/4393/2529 5839/4309/2529 5840/4401/2529
f 5844/4402/2530 5841/4394/2530 5842/4393/2530
s 1
f 5842/4393/2530 5843/4401/2530 5844/4402/2530
s 0
f 5848/4403/2531 5845/4395/2531 5846/4394/2531
f 5846/4394/2531 5847/4402/2531 5848/4403/2531
s 1
f 5850/4404/2532 5833/4396/2523 5832/4395/2524
f 5832/4395/2524 5849/4403/2533 5850/4404/2532
s 0
f 5851/4401/2534 5852/4309/2534 5853/4405/2534
f 5857/4406/2535 5854/4402/2535 5855/4401/2535
f 5855/4401/2535 5856/4405/2535 5857/4406/2535
f 5861/4407/2536 5858/4403/2536 5859/4402/2536
f 5859/4402/2536 5860/4406/2536 5861/4407/2536
s 1
f 5863/4408/2537 5850/4404/2532 5849/4403/2533
f 5849/4403/2533 5862/4407/2538 5863/4408/2537
f 5865/4409/2539 5864/4410/2540 5837/4400/2528
f 5837/4400/2528 5836/4399/2527 5865/4409/2539
f 5867/4411/2541 5866/4412/2542 5864/4410/2540
f 5864/4410/2540 5865/4409/2539 5867/4411/2541
s 0
f 5868/4405/2543 5869/4309/2543 5870/4413/2543
f 5874/4414/2544 5871/4406/2544 5872/4405/2544
f 5872/4405/2544 5873/4413/2544 5874/4414/2544
f 5878/4415/2545 5875/4407/2545 5876/4406/2545
f 5876/4406/2545 5877/4414/2545 5878/4415/2545
s 1
f 5880/4416/2546 5863/4408/2537 5862/4407/2538
f 5862/4407/2538 5879/4415/2547 5880/4416/2546
s 0
f 5884/4417/2548 5881/4414/2548 5882/4413/2548
s 1
f 5882/4413/2548 5883/4418/2548 5884/4417/2548
s 0
f 5888/4419/2549 5885/4415/2549 5886/4414/2549
s 1
f 5886/4414/2549 5887/4417/2549 5888/4419/2549
f 5890/4420/2550 5880/4416/2546 5879/4415/2547
f 5879/4415/2547 5889/4419/2551 5890/4420/2550
f 5867/4411/2541 5891/4421/2552 5892/4422/2553
f 5892/4422/2553 5866/4412/2542 5867/4411/2541
s 0
f 5893/4413/2554 5894/4309/2554 5895/4418/2554
f 5896/4418/2555 5897/4309/2555 5898/4423/2555
f 5902/4424/2556 5899/4417/2556 5900/4418/2556
f 5900/4418/2556 5901/4423/2556 5902/4424/2556
f 5906/4425/2557 5903/4419/2557 5904/4417/2557
f 5904/4417/2558 5905/4424/2558 5906/4425/2558
s 1
f 5908/4426/2559 5890/4420/2550 5889/4419/2551
f 5889/4419/2551 5907/4425/2560 5908/4426/2559
f 5910/4427/2561 5909/4428/2562 5892/4422/2553
f 5892/4422/2553 5891/4421/2552 5910/4427/2561
s 0
f 5914/4429/2563 5911/4425/2563 5912/4424/2563
f 5912/4424/2563 5913/4430/2563 5914/4429/2563
s 1
f 5916/4431/2564 5908/4426/2559 5907/4425/2560
f 5907/4425/2560 5915/4429/2565 5916/4431/2564
f 5918/4432/2566 5917/4433/2567 5909/4428/2562
f 5909/4428/2562 5910/4427/2561 5918/4432/2566
s 0
f 5919/4423/2568 5920/4309/2568 5921/4434/2568
f 5925/4430/2569 5922/4424/2569 5923/4423/2569
f 5923/4423/2569 5924/4434/2569 5925/4430/2569
f 5926/4434/2570 5927/4309/2570 5928/4435/2570
f 5932/4436/2571 5929/4430/2571 5930/4434/2571
f 5930/4434/2571 5931/4435/2571 5932/4436/2571
f 5936/4437/2572 5933/4429/2572 5934/4430/2572
f 5934/4430/2572 5935/4436/2572 5936/4437/2572
s 1
f 5938/4438/2573 5916/4431/2564 5915/4429/2565
f 5915/4429/2565 5937/4437/2574 5938/4438/2573
f 5918/4432/2566 5939/4439/2575 5940/4440/2576
f 5940/4440/2576 5917/4433/2567 5918/4432/2566
s 0
f 5944/4441/2577 5941/4437/2577 5942/4436/2577
f 5942/4436/2577 5943/4442/2577 5944/4441/2577
s 1
f 5946/4443/2578 5938/4438/2573 5937/4437/2574
f 5937/4437/2574 5945/4441/2579 5946/4443/2578
f 5948/4444/2580 5947/4445/2581 5940/4440/2576
f 5940/4440/2576 5939/4439/2575 5948/4444/2580
s 0
f 5949/4435/2582 5950/4309/2582 5951/4446/2582
f 5955/4442/2583 5952/4436/2583 5953/4435/2583
f 5953/4435/2584 5954/4446/2584 5955/4442/2584
f 5956/4446/2585 5957/4309/2585 5958/4447/2585
s 1
f 5962/4448/2586 5959/4442/2586 5960/4446/2586
s 0
f 5960/4446/2586 5961/4447/2586 5962/4448/2586
f 5966/4449/2587 5963/4441/2587 5964/4442/2587
f 5964/4442/2587 5965/4448/2587 5966/4449/2587
s 1
f 5968/4450/2588 5946/4443/2578 5945/4441/2579
f 5945/4441/2579 5967/4449/2589 5968/4450/2588
f 5948/4444/2580 5969/4451/2590 5970/4452/2591
f 5970/4452/2591 5947/4445/2581 5948/4444/2580
f 5974/4453/2592 5971/4454/2593 5972/4455/2594
f 5972/4455/2594 5973/4456/2595 5974/4453/2592
f 5976/4457/2596 5968/4450/2588 5967/4449/2589
f 5967/4449/2589 5975/4458/2597 5976/4457/2596
f 5833/4396/2523 5850/4404/2532 5977/4459/2598
f 5977/4459/2598 5978/4460/2599 5833/4396/2523
f 5980/4461/2600 5979/4462/2601 5970/4452/2591
f 5970/4452/2591 5969/4451/2590 5980/4461/2600
f 5685/4338/2455 5695/4342/2459 5981/4463/2602
f 5981/4463/2602 5982/4464/2603 5685/4338/2455
f 5636/4315/2427 5655/4326/2440 5983/4465/2604
f 5983/4465/2604 5984/4466/2605 5636/4315/2427
s 0
f 5985/4447/2606 5986/4309/2606 5987/4467/2606
s 1
f 5991/4468/2607 5988/4469/2608 5989/4470/2609
f 5989/4470/2609 5990/4471/2610 5991/4468/2607
s 0
f 5995/4472/2611 5992/4448/2611 5993/4447/2611
f 5993/4447/2611 5994/4467/2611 5995/4472/2611
f 5999/4458/2612 5996/4449/2612 5997/4448/2612
f 5997/4448/2612 5998/4472/2612 5999/4458/2612
s 1
f 5803/4384/2509 5807/4387/2513 6000/4473/2613
f 6000/4473/2613 6001/4474/2614 5803/4384/2509
s 0
f 6002/4467/2615 6003/4309/2615 6004/4475/2615
s 1
f 6008/4476/2616 6005/4477/2617 6006/4478/2618
f 6006/4478/2618 6007/4479/2619 6008/4476/2616
f 5725/4354/2473 5743/4360/2481 6009/4480/2620
f 6009/4480/2620 6010/4481/2621 5725/4354/2473
s 0
f 6014/4482/2622 6011/4472/2622 6012/4467/2622
f 6012/4467/2622 6013/4475/2622 6014/4482/2622
s 1
f 5880/4416/2546 5890/4420/2550 6015/4483/2623
f 6015/4483/2623 6016/4484/2624 5880/4416/2546
s 0
f 6020/4485/2625 6017/4458/2625 6018/4472/2625
f 6018/4472/2625 6019/4482/2625 6020/4485/2625
s 1
f 5668/4330/2446 5685/4338/2455 5982/4464/2603
f 5982/4464/2603 6021/4486/2626 5668/4330/2446
f 5991/4468/2607 5976/4457/2596 5975/4458/2597
f 5975/4458/2597 6022/4485/2627 5991/4468/2607
f 5743/4360/2481 5751/4365/2486 6023/4487/2628
f 6023/4487/2628 6009/4480/2620 5743/4360/2481
f 6025/4488/2629 6024/4489/2630 5979/4462/2601
f 5979/4462/2601 5980/4461/2600 6025/4488/2629
f 5988/4469/2608 6026/4490/2631 6027/4491/2632
f 6027/4491/2632 5989/4470/2609 5988/4469/2608
f 5850/4404/2532 5863/4408/2537 6028/4492/2633
f 6028/4492/2633 5977/4459/2598 5850/4404/2532
f 5988/4469/2608 5991/4468/2607 6022/4485/2627
f 6022/4485/2627 6029/4493/2634 5988/4469/2608
f 5976/4457/2596 5991/4468/2607 5990/4471/2610
f 5990/4471/2610 6030/4494/2635 5976/4457/2596
f 6025/4488/2629 6031/4495/2636 6032/4496/2637
f 6032/4496/2637 6024/4489/2630 6025/4488/2629
f 5773/4372/2495 5777/4375/2499 6033/4497/2638
f 6033/4497/2638 6034/4498/2639 5773/4372/2495
f 5655/4326/2440 5668/4330/2446 6021/4486/2626
f 6021/4486/2626 5983/4465/2604 5655/4326/2440
f 6026/4490/2631 6008/4476/2616 6007/4479/2619
f 6007/4479/2619 6027/4491/2632 6026/4490/2631
s 0
f 6035/4475/2640 6036/4309/2640 6037/4499/2640
s 1
f 5751/4365/2486 5773/4372/2495 6034/4498/2639
f 6034/4498/2639 6023/4487/2628 5751/4365/2486
f 5890/4420/2550 5908/4426/2559 6038/4500/2641
f 6038/4500/2641 6015/4483/2623 5890/4420/2550
f 6042/4501/2642 6039/4482/2642 6040/4475/2642
s 0
f 6040/4475/2642 6041/4499/2642 6042/4501/2642
s 1
f 5807/4387/2513 5833/4396/2523 5978/4460/2599
f 5978/4460/2599 6000/4473/2613 5807/4387/2513
s 0
f 6046/4493/2643 6043/4485/2643 6044/4482/2643
f 6044/4482/2643 6045/4501/2643 6046/4493/2643
s 1
f 5863/4408/2537 5880/4416/2546 6016/4484/2624
f 6016/4484/2624 6028/4492/2633 5863/4408/2537
s 0
f 6047/4499/2644 6048/4309/2644 6049/4502/2644
s 1
f 5938/4438/2573 5946/4443/2578 6050/4503/2645
f 6050/4503/2645 6051/4504/2646 5938/4438/2573
f 6055/4505/2647 6052/4506/2648 6053/4507/2649
f 6053/4507/2649 6054/4508/2650 6055/4505/2647
s 0
f 6059/4509/2651 6056/4501/2651 6057/4499/2651
f 6057/4499/2651 6058/4502/2651 6059/4509/2651
s 1
f 5916/4431/2564 5938/4438/2573 6051/4504/2646
f 6051/4504/2646 6060/4510/2652 5916/4431/2564
s 0
f 6064/4511/2653 6061/4493/2653 6062/4501/2653
f 6062/4501/2653 6063/4509/2653 6064/4511/2653
s 1
f 5695/4342/2459 5713/4348/2467 6065/4512/2654
f 6065/4512/2654 5981/4463/2602 5695/4342/2459
f 6026/4490/2631 5988/4469/2608 6029/4493/2634
f 6029/4493/2634 6066/4511/2655 6026/4490/2631
f 5777/4375/2499 5803/4384/2509 6001/4474/2614
f 6001/4474/2614 6033/4497/2638 5777/4375/2499
f 5973/4456/2595 5972/4455/2594 6032/4496/2637
f 6032/4496/2637 6031/4495/2636 5973/4456/2595
f 6005/4477/2617 6067/4513/2656 6068/4514/2657
f 6068/4514/2657 6006/4478/2618 6005/4477/2617
s 0
f 6069/4502/2658 6070/4309/2658 6071/4515/2658
s 1
f 6055/4505/2647 5639/4320/2434 5638/4319/2433
f 5638/4319/2433 6052/4506/2648 6055/4505/2647
s 0
f 6075/4516/2659 6072/4509/2659 6073/4502/2659
f 6073/4502/2659 6074/4515/2659 6075/4516/2659
s 1
f 6079/4517/2660 6076/4511/2660 6077/4509/2660
s 0
f 6077/4509/2660 6078/4516/2660 6079/4517/2660
s 1
f 6008/4476/2616 6026/4490/2631 6066/4511/2655
f 6066/4511/2655 6080/4517/2661 6008/4476/2616
f 5908/4426/2559 5916/4431/2564 6060/4510/2652
f 6060/4510/2652 6038/4500/2641 5908/4426/2559
s 0
f 6084/4518/2662 6081/4516/2662 6082/4515/2662
f 6082/4515/2662 6083/4519/2662 6084/4518/2662
s 1
f 6088/4520/2663 6085/4517/2663 6086/4516/2663
s 0
f 6086/4516/2663 6087/4518/2663 6088/4520/2663
s 1
f 6005/4477/2617 6008/4476/2616 6080/4517/2661
f 6080/4517/2661 6089/4520/2664 6005/4477/2617
f 5974/4453/2592 6090/4521/2665 6091/4522/2666
f 6091/4522/2666 5971/4454/2593 5974/4453/2592
s 0
f 6092/4515/2667 6093/4309/2667 6094/4519/2667
f 6095/4519/2668 6096/4309/2668 6097/4523/2668
s 1
f 6067/4513/2656 6098/4524/2669 6099/4525/2670
f 6099/4525/2670 6068/4514/2657 6067/4513/2656
s 0
f 6103/4526/2671 6100/4518/2671 6101/4519/2671
f 6101/4519/2671 6102/4523/2671 6103/4526/2671
f 6107/4527/2672 6104/4520/2672 6105/4518/2672
f 6105/4518/2673 6106/4526/2673 6107/4527/2673
s 1
f 6067/4513/2656 6005/4477/2617 6089/4520/2664
f 6089/4520/2664 6108/4527/2674 6067/4513/2656
f 6090/4521/2665 6054/4508/2650 6053/4507/2649
f 6053/4507/2649 6091/4522/2666 6090/4521/2665
s 0
f 6112/4528/2675 6109/4526/2675 6110/4523/2675
f 6110/4523/2675 6111/4529/2675 6112/4528/2675
f 6116/4530/2676 6113/4527/2676 6114/4526/2676
f 6114/4526/2676 6115/4528/2676 6116/4530/2676
s 1
f 6098/4524/2669 6067/4513/2656 6108/4527/2674
f 6108/4527/2674 6117/4530/2677 6098/4524/2669
f 5633/4316/2428 5636/4315/2427 5984/4466/2605
f 5984/4466/2605 6118/4531/2678 5633/4316/2428
s 0
f 6119/4523/2679 6120/4309/2679 6121/4529/2679
s 1
f 5946/4443/2578 5968/4450/2588 6122/4532/2680
f 6122/4532/2680 6050/4503/2645 5946/4443/2578
f 5713/4348/2467 5725/4354/2473 6010/4481/2621
f 6010/4481/2621 6065/4512/2654 5713/4348/2467
s 0
f 6123/4529/2681 6124/4309/2681 6125/4308/2681
s 1
f 5968/4450/2588 5976/4457/2596 6030/4494/2635
f 6030/4494/2635 6122/4532/2680 5968/4450/2588
s 0
f 6129/4312/2682 6126/4528/2682 6127/4529/2682
f 6127/4529/2682 6128/4308/2682 6129/4312/2682
f 6133/4314/2683 6130/4530/2683 6131/4528/2683
f 6131/4528/2683 6132/4312/2683 6133/4314/2683
s 1
f 5633/4316/2428 6098/4524/2669 6117/4530/2677
f 6117/4530/2677 5634/4314/2429 5633/4316/2428
f 5984/4466/2605 5639/4320/2434 6055/4505/2647
f 6055/4505/2647 6118/4531/2678 5984/4466/2605
f 5983/4465/2604 5640/4317/2431 5639/4320/2434
f 5639/4320/2434 5984/4466/2605 5983/4465/2604
f 5640/4317/2431 5983/4465/2604 6021/4486/2626
f 6021/4486/2626 5641/4321/2435 5640/4317/2431
f 5982/4464/2603 5670/4331/2448 5641/4321/2435
f 5641/4321/2435 6021/4486/2626 5982/4464/2603
f 5670/4331/2448 5982/4464/2603 5981/4463/2602
f 5981/4463/2602 5671/4333/2450 5670/4331/2448
f 6065/4512/2654 5696/4343/2461 5671/4333/2450
f 5671/4333/2450 5981/4463/2602 6065/4512/2654
f 6010/4481/2621 5715/4349/2469 5696/4343/2461
f 5696/4343/2461 6065/4512/2654 6010/4481/2621
f 6009/4480/2620 5726/4355/2475 5715/4349/2469
f 5715/4349/2469 6010/4481/2621 6009/4480/2620
f 6023/4487/2628 5744/4361/2483 5726/4355/2475
f 5726/4355/2475 6009/4480/2620 6023/4487/2628
f 6034/4498/2639 5752/4366/2488 5744/4361/2483
f 5744/4361/2483 6023/4487/2628 6034/4498/2639
f 6033/4497/2638 5774/4373/2497 5752/4366/2488
f 5752/4366/2488 6034/4498/2639 6033/4497/2638
f 6001/4474/2614 5779/4377/2501 5774/4373/2497
f 5774/4373/2497 6033/4497/2638 6001/4474/2614
f 6000/4473/2613 5804/4385/2511 5779/4377/2501
f 5779/4377/2501 6001/4474/2614 6000/4473/2613
f 5978/4460/2599 5809/4389/2515 5804/4385/2511
f 5804/4385/2511 6000/4473/2613 5978/4460/2599
f 5977/4459/2598 5834/4397/2525 5809/4389/2515
f 5809/4389/2515 5978/4460/2599 5977/4459/2598
f 5834/4397/2525 5977/4459/2598 6028/4492/2633
f 6028/4492/2633 5836/4399/2527 5834/4397/2525
f 6016/4484/2624 5865/4409/2539 5836/4399/2527
f 5836/4399/2527 6028/4492/2633 6016/4484/2624
f 5865/4409/2539 6016/4484/2624 6015/4483/2623
f 6015/4483/2623 5867/4411/2541 5865/4409/2539
f 6038/4500/2641 5891/4421/2552 5867/4411/2541
f 5867/4411/2541 6015/4483/2623 6038/4500/2641
f 6060/4510/2652 5910/4427/2561 5891/4421/2552
f 5891/4421/2552 6038/4500/2641 6060/4510/2652
f 6051/4504/2646 5918/4432/2566 5910/4427/2561
f 5910/4427/2561 6060/4510/2652 6051/4504/2646
f 6050/4503/2645 5939/4439/2575 5918/4432/2566
f 5918/4432/2566 6051/4504/2646 6050/4503/2645
f 6122/4532/2680 5948/4444/2580 5939/4439/2575
f 5939/4439/2575 6050/4503/2645 6122/4532/2680
f 6030/4494/2635 5969/4451/2590 5948/4444/2580
f 5948/4444/2580 6122/4532/2680 6030/4494/2635
f 5990/4471/2610 5980/4461/2600 5969/4451/2590
f 5969/4451/2590 6030/4494/2635 5990/4471/2610
f 5989/4470/2609 6025/4488/2629 5980/4461/2600
f 5980/4461/2600 5990/4471/2610 5989/4470/2609
f 6027/4491/2632 6031/4495/2636 6025/4488/2629
f 6025/4488/2629 5989/4470/2609 6027/4491/2632
f 6007/4479/2619 5973/4456/2595 6031/4495/2636
f 6031/4495/2636 6027/4491/2632 6007/4479/2619
f 5973/4456/2595 6007/4479/2619 6006/4478/2618
f 6006/4478/2618 5974/4453/2592 5973/4456/2595
f 6068/4514/2657 6090/4521/2665 5974/4453/2592
f 5974/4453/2592 6006/4478/2618 6068/4514/2657
f 6099/4525/2670 6054/4508/2650 6090/4521/2665
f 6090/4521/2665 6068/4514/2657 6099/4525/2670
f 6118/4531/2678 6055/4505/2647 6054/4508/2650
f 6054/4508/2650 6099/4525/2670 6118/4531/2678
f 6098/4524/2669 5633/4316/2428 6118/4531/2678
f 6118/4531/2678 6099/4525/2670 6098/4524/2669
o defaultMaterial.023
v -0.000000 0.073240 0.900155
v -0.000001 -0.000000 0.900424
v 0.014288 0.071833 0.900155
v -0.000000 0.143666 0.899359
v -0.000000 0.073240 0.900155
v 0.014288 0.071833 0.900155
v 0.028027 0.140906 0.899359
v -0.000000 0.208571 0.898066
v -0.000000 0.143666 0.899359
v 0.028027 0.140906 0.899359
v 0.040690 0.204563 0.898066
v -0.000000 0.291501 0.896327
v -0.000000 0.208571 0.898066
v 0.040690 0.204563 0.898066
v 0.056869 0.285900 0.896327
v 0.143666 0.346841 0.799497
v 0.073240 0.368204 0.799497
v 0.073240 0.368204 0.874001
v 0.143666 0.346841 0.874001
v 0.208570 0.312148 0.874001
v 0.208570 0.312148 0.799497
v 0.014288 0.071833 0.900155
v -0.000001 -0.000000 0.900424
v 0.028027 0.067665 0.900155
v 0.028027 0.140906 0.899359
v 0.014288 0.071833 0.900155
v 0.028027 0.067665 0.900155
v 0.054978 0.132730 0.899359
v 0.040690 0.204563 0.898066
v 0.028027 0.140906 0.899359
v 0.054978 0.132730 0.899359
v 0.079816 0.192694 0.898066
v 0.079816 0.192694 0.898066
v 0.111552 0.269312 0.896327
v 0.028027 0.067665 0.900155
v -0.000001 -0.000000 0.900424
v 0.040690 0.060897 0.900155
v 0.054978 0.132730 0.899359
v 0.028027 0.067665 0.900155
v 0.040690 0.060897 0.900155
v 0.079816 0.119454 0.899359
v 0.079816 0.192694 0.898066
v 0.054978 0.132730 0.899359
v 0.079816 0.119454 0.899359
v 0.115875 0.173420 0.898066
v 0.115875 0.173420 0.898066
v 0.161949 0.242374 0.896327
v 0.265460 0.265460 0.799497
v 0.265460 0.265460 0.874001
v 0.312148 0.208571 0.874001
v 0.312148 0.208571 0.799497
v 0.040690 0.060897 0.900155
v -0.000001 -0.000000 0.900424
v 0.051788 0.051789 0.900155
v 0.079816 0.119454 0.899359
v 0.040690 0.060897 0.900155
v 0.051788 0.051789 0.900155
v 0.101587 0.101587 0.899359
v 0.115875 0.173420 0.898066
v 0.079816 0.119454 0.899359
v 0.101587 0.101587 0.899359
v 0.147481 0.147482 0.898066
v 0.147481 0.147482 0.898066
v 0.206122 0.206122 0.896327
v 0.101587 0.101587 0.899359
v 0.051788 0.051789 0.900155
v 0.060897 0.040690 0.900155
v 0.119454 0.079817 0.899359
v 0.147481 0.147482 0.898066
v 0.101587 0.101587 0.899359
v 0.119454 0.079817 0.899359
v 0.173420 0.115876 0.898066
v 0.173420 0.115876 0.898066
v 0.242374 0.161949 0.896327
v 0.346840 0.143666 0.874001
v 0.346840 0.143666 0.799497
v 0.051788 0.051789 0.900155
v -0.000001 -0.000000 0.900424
v 0.060897 0.040690 0.900155
v 0.060897 0.040690 0.900155
v -0.000001 -0.000000 0.900424
v 0.067665 0.028028 0.900155
v 0.119454 0.079817 0.899359
v 0.060897 0.040690 0.900155
v 0.067665 0.028028 0.900155
v 0.132730 0.054979 0.899359
v 0.173420 0.115876 0.898066
v 0.119454 0.079817 0.899359
v 0.132730 0.054979 0.899359
v 0.192694 0.079817 0.898066
v 0.192694 0.079817 0.898066
v 0.269312 0.111553 0.896327
v 0.368204 0.073240 0.799497
v 0.368204 0.073240 0.874001
v 0.132730 0.054979 0.899359
v 0.067665 0.028028 0.900155
v 0.071833 0.014289 0.900155
v 0.140905 0.028028 0.899359
v 0.192694 0.079817 0.898066
v 0.132730 0.054979 0.899359
v 0.140905 0.028028 0.899359
v 0.204563 0.040690 0.898066
v 0.204563 0.040690 0.898066
v 0.285900 0.056869 0.896327
v 0.375417 -0.000000 0.874001
v 0.375417 -0.000000 0.799497
v 0.067665 0.028028 0.900155
v -0.000001 -0.000000 0.900424
v 0.071833 0.014289 0.900155
v 0.071833 0.014289 0.900155
v -0.000001 -0.000000 0.900424
v 0.073240 -0.000000 0.900155
v 0.140905 0.028028 0.899359
v 0.071833 0.014289 0.900155
v 0.073240 -0.000000 0.900155
v 0.143666 -0.000000 0.899359
v 0.204563 0.040690 0.898066
v 0.140905 0.028028 0.899359
v 0.143666 -0.000000 0.899359
v 0.208570 -0.000000 0.898066
v 0.208570 -0.000000 0.898066
v 0.291501 -0.000000 0.896327
v 0.368204 -0.073240 0.874001
v 0.368204 -0.073240 0.799497
v 0.208570 -0.000000 0.898066
v 0.143666 -0.000000 0.899359
v 0.140905 -0.028028 0.899359
v 0.204563 -0.040690 0.898066
v 0.204563 -0.040690 0.898066
v 0.285900 -0.056869 0.896327
v 0.346840 -0.143666 0.874001
v 0.346840 -0.143666 0.799497
v 0.073240 -0.000000 0.900155
v -0.000001 -0.000000 0.900424
v 0.071833 -0.014289 0.900155
v 0.143666 -0.000000 0.899359
v 0.073240 -0.000000 0.900155
v 0.071833 -0.014289 0.900155
v 0.140905 -0.028028 0.899359
v 0.071833 -0.014289 0.900155
v -0.000001 -0.000000 0.900424
v 0.067665 -0.028028 0.900155
v 0.140905 -0.028028 0.899359
v 0.071833 -0.014289 0.900155
v 0.067665 -0.028028 0.900155
v 0.132730 -0.054979 0.899359
v 0.204563 -0.040690 0.898066
v 0.140905 -0.028028 0.899359
v 0.132730 -0.054979 0.899359
v 0.192694 -0.079817 0.898066
v 0.192694 -0.079817 0.898066
v 0.269311 -0.111553 0.896327
v 0.312148 -0.208571 0.874001
v 0.312148 -0.208571 0.799497
v 0.173420 -0.115876 0.898066
v 0.242374 -0.161949 0.896327
v 0.265460 -0.265460 0.799497
v 0.265460 -0.265460 0.874001
v 0.067665 -0.028028 0.900155
v -0.000001 -0.000000 0.900424
v 0.060897 -0.040690 0.900155
v 0.132730 -0.054979 0.899359
v 0.067665 -0.028028 0.900155
v 0.060897 -0.040690 0.900155
v 0.119454 -0.079817 0.899359
v 0.192694 -0.079817 0.898066
v 0.132730 -0.054979 0.899359
v 0.119454 -0.079817 0.899359
v 0.173420 -0.115876 0.898066
v 0.060897 -0.040690 0.900155
v -0.000001 -0.000000 0.900424
v 0.051788 -0.051789 0.900155
v 0.119454 -0.079817 0.899359
v 0.060897 -0.040690 0.900155
v 0.051788 -0.051789 0.900155
v 0.101587 -0.101587 0.899359
v 0.173420 -0.115876 0.898066
v 0.119454 -0.079817 0.899359
v 0.101587 -0.101587 0.899359
v 0.147481 -0.147482 0.898066
v 0.147481 -0.147482 0.898066
v 0.206122 -0.206122 0.896327
v 0.208570 -0.312148 0.874001
v 0.208570 -0.312148 0.799497
v 0.115875 -0.173420 0.898066
v 0.161949 -0.242374 0.896327
v 0.143666 -0.346841 0.799497
v 0.143666 -0.346841 0.874001
v 0.051788 -0.051789 0.900155
v -0.000001 -0.000000 0.900424
v 0.040690 -0.060897 0.900155
v 0.101587 -0.101587 0.899359
v 0.051788 -0.051789 0.900155
v 0.040690 -0.060897 0.900155
v 0.079816 -0.119454 0.899359
v 0.147481 -0.147482 0.898066
v 0.101587 -0.101587 0.899359
v 0.079816 -0.119454 0.899359
v 0.115875 -0.173420 0.898066
v 0.040690 -0.060897 0.900155
v -0.000001 -0.000000 0.900424
v 0.028027 -0.067665 0.900155
v 0.079816 -0.119454 0.899359
v 0.040690 -0.060897 0.900155
v 0.028027 -0.067665 0.900155
v 0.054978 -0.132730 0.899359
v 0.115875 -0.173420 0.898066
v 0.079816 -0.119454 0.899359
v 0.054978 -0.132730 0.899359
v 0.079816 -0.192694 0.898066
v 0.079816 -0.192694 0.898066
v 0.111552 -0.269312 0.896327
v 0.073240 -0.368204 0.874001
v 0.073240 -0.368204 0.799497
v -0.000000 -0.375417 0.874001
v -0.000000 -0.375417 0.799497
v 0.028027 -0.067665 0.900155
v -0.000001 -0.000000 0.900424
v 0.014288 -0.071833 0.900155
v 0.054978 -0.132730 0.899359
v 0.028027 -0.067665 0.900155
v 0.014288 -0.071833 0.900155
v 0.028027 -0.140906 0.899359
v 0.079816 -0.192694 0.898066
v 0.054978 -0.132730 0.899359
v 0.028027 -0.140906 0.899359
v 0.040690 -0.204563 0.898066
v 0.040690 -0.204563 0.898066
v 0.056869 -0.285900 0.896327
v 0.014288 -0.071833 0.900155
v -0.000001 -0.000000 0.900424
v -0.000000 -0.073240 0.900155
v 0.028027 -0.140906 0.899359
v 0.014288 -0.071833 0.900155
v -0.000000 -0.073240 0.900155
v -0.000000 -0.143666 0.899359
v 0.040690 -0.204563 0.898066
v 0.028027 -0.140906 0.899359
v -0.000000 -0.143666 0.899359
v -0.000000 -0.208571 0.898066
v -0.000000 -0.208571 0.898066
v -0.000000 -0.291501 0.896327
v -0.073241 -0.368204 0.799497
v -0.073241 -0.368204 0.874001
v -0.143667 -0.346841 0.799497
v -0.143667 -0.346841 0.874001
v -0.000000 -0.073240 0.900155
v -0.000001 -0.000000 0.900424
v -0.014289 -0.071833 0.900155
v -0.000000 -0.143666 0.899359
v -0.000000 -0.073240 0.900155
v -0.014289 -0.071833 0.900155
v -0.028028 -0.140906 0.899359
v -0.000000 -0.208571 0.898066
v -0.000000 -0.143666 0.899359
v -0.028028 -0.140906 0.899359
v -0.040691 -0.204563 0.898066
v -0.040691 -0.204563 0.898066
v -0.056869 -0.285900 0.896327
v -0.028028 -0.140906 0.899359
v -0.014289 -0.071833 0.900155
v -0.028028 -0.067665 0.900155
v -0.054979 -0.132730 0.899359
v -0.040691 -0.204563 0.898066
v -0.028028 -0.140906 0.899359
v -0.054979 -0.132730 0.899359
v -0.079817 -0.192694 0.898066
v -0.079817 -0.192694 0.898066
v -0.111553 -0.269312 0.896327
v -0.208571 -0.312148 0.874001
v -0.208571 -0.312148 0.799497
v -0.014289 -0.071833 0.900155
v -0.000001 -0.000000 0.900424
v -0.028028 -0.067665 0.900155
v -0.028028 -0.067665 0.900155
v -0.000001 -0.000000 0.900424
v -0.040691 -0.060897 0.900155
v -0.054979 -0.132730 0.899359
v -0.028028 -0.067665 0.900155
v -0.040691 -0.060897 0.900155
v -0.079817 -0.119454 0.899359
v -0.079817 -0.192694 0.898066
v -0.054979 -0.132730 0.899359
v -0.079817 -0.119454 0.899359
v -0.115876 -0.173420 0.898066
v -0.115876 -0.173420 0.898066
v -0.161950 -0.242374 0.896327
v -0.265461 -0.265460 0.799497
v -0.265461 -0.265460 0.874001
v -0.115876 -0.173420 0.898066
v -0.079817 -0.119454 0.899359
v -0.101588 -0.101587 0.899359
v -0.147482 -0.147482 0.898066
v -0.147482 -0.147482 0.898066
v -0.206123 -0.206122 0.896327
v -0.312149 -0.208571 0.799497
v -0.312149 -0.208571 0.874001
v -0.040691 -0.060897 0.900155
v -0.000001 -0.000000 0.900424
v -0.051789 -0.051789 0.900155
v -0.079817 -0.119454 0.899359
v -0.040691 -0.060897 0.900155
v -0.051789 -0.051789 0.900155
v -0.101588 -0.101587 0.899359
v -0.051789 -0.051789 0.900155
v -0.000001 -0.000000 0.900424
v -0.060898 -0.040690 0.900155
v -0.101588 -0.101587 0.899359
v -0.051789 -0.051789 0.900155
v -0.060898 -0.040690 0.900155
v -0.119454 -0.079817 0.899359
v -0.147482 -0.147482 0.898066
v -0.101588 -0.101587 0.899359
v -0.119454 -0.079817 0.899359
v -0.173421 -0.115876 0.898066
v -0.173421 -0.115876 0.898066
v -0.242375 -0.161949 0.896327
v -0.346841 -0.143666 0.874001
v -0.346841 -0.143666 0.799497
v -0.173421 -0.115876 0.898066
v -0.119454 -0.079817 0.899359
v -0.132731 -0.054979 0.899359
v -0.192695 -0.079817 0.898066
v -0.192695 -0.079817 0.898066
v -0.269312 -0.111552 0.896327
v -0.368204 -0.073240 0.799497
v -0.368204 -0.073240 0.874001
v -0.060898 -0.040690 0.900155
v -0.000001 -0.000000 0.900424
v -0.067666 -0.028028 0.900155
v -0.119454 -0.079817 0.899359
v -0.060898 -0.040690 0.900155
v -0.067666 -0.028028 0.900155
v -0.132731 -0.054979 0.899359
v -0.067666 -0.028028 0.900155
v -0.000001 -0.000000 0.900424
v -0.071834 -0.014289 0.900155
v -0.132731 -0.054979 0.899359
v -0.067666 -0.028028 0.900155
v -0.071834 -0.014289 0.900155
v -0.140906 -0.028028 0.899359
v -0.192695 -0.079817 0.898066
v -0.132731 -0.054979 0.899359
v -0.140906 -0.028028 0.899359
v -0.204564 -0.040690 0.898066
v -0.204564 -0.040690 0.898066
v -0.285900 -0.056869 0.896327
v -0.375418 0.000000 0.874001
v -0.375418 0.000000 0.799497
v -0.208571 0.312148 0.799497
v -0.265461 0.265460 0.799497
v -0.265461 0.265460 0.874001
v -0.208571 0.312148 0.874001
v -0.208571 -0.000000 0.898066
v -0.291501 0.000000 0.896327
v 0.070819 -0.356035 0.887898
v 0.138917 -0.335378 0.887898
v -0.368204 0.073240 0.799497
v -0.368204 0.073240 0.874001
v 0.301831 0.201678 0.887898
v 0.256686 0.256687 0.887898
v 0.138918 0.335378 0.887898
v 0.070819 0.356035 0.887898
v -0.071834 -0.014289 0.900155
v -0.000001 -0.000000 0.900424
v -0.073241 0.000000 0.900155
v -0.269312 0.111553 0.896327
v -0.335378 0.138918 0.887898
v -0.356035 0.070820 0.887898
v -0.285900 0.056869 0.896327
v -0.140906 -0.028028 0.899359
v -0.071834 -0.014289 0.900155
v -0.073241 0.000000 0.900155
v -0.143667 -0.000000 0.899359
v -0.204564 -0.040690 0.898066
v -0.140906 -0.028028 0.899359
v -0.143667 -0.000000 0.899359
v -0.208571 -0.000000 0.898066
v 0.201677 -0.301832 0.887898
v 0.256686 -0.256687 0.887898
v -0.073241 0.000000 0.900155
v -0.000001 -0.000000 0.900424
v -0.071834 0.014289 0.900155
v -0.161950 0.242374 0.896327
v -0.201678 0.301832 0.887898
v -0.256687 0.256687 0.887898
v -0.206123 0.206122 0.896327
v 0.363010 -0.000000 0.887898
v 0.356035 0.070820 0.887898
v -0.143667 -0.000000 0.899359
v -0.073241 0.000000 0.900155
v -0.071834 0.014289 0.900155
v -0.140906 0.028028 0.899359
v -0.138918 -0.335377 0.887898
v -0.070820 -0.356035 0.887898
v -0.208571 -0.000000 0.898066
v -0.143667 -0.000000 0.899359
v -0.140906 0.028028 0.899359
v -0.204564 0.040690 0.898066
v 0.201677 0.301832 0.887898
v -0.204564 0.040690 0.898066
v 0.356035 -0.070820 0.887898
v -0.346841 0.143666 0.799497
v -0.346841 0.143666 0.874001
v -0.242375 0.161949 0.896327
v -0.301832 0.201677 0.887898
v -0.000000 -0.363010 0.887898
v -0.192695 0.079817 0.898066
v -0.363010 0.000000 0.887898
v -0.312149 0.208571 0.874001
v -0.312149 0.208571 0.799497
v 0.301831 -0.201678 0.887898
v 0.335377 -0.138918 0.887898
v -0.071834 0.014289 0.900155
v -0.000001 -0.000000 0.900424
v -0.067666 0.028028 0.900155
v -0.201678 -0.301832 0.887898
v -0.140906 0.028028 0.899359
v -0.071834 0.014289 0.900155
v -0.067666 0.028028 0.900155
v -0.132731 0.054979 0.899359
v -0.204564 0.040690 0.898066
v -0.140906 0.028028 0.899359
v -0.132731 0.054979 0.899359
v -0.192695 0.079817 0.898066
v -0.067666 0.028028 0.900155
v -0.000001 -0.000000 0.900424
v -0.060898 0.040690 0.900155
v -0.335378 -0.138918 0.887898
v -0.301832 -0.201677 0.887898
v -0.000000 0.375418 0.799497
v -0.073241 0.368204 0.799497
v -0.073241 0.368204 0.874001
v -0.000000 0.375418 0.874001
v -0.132731 0.054979 0.899359
v -0.067666 0.028028 0.900155
v -0.060898 0.040690 0.900155
v -0.119454 0.079817 0.899359
v -0.256687 -0.256687 0.887898
v -0.192695 0.079817 0.898066
v -0.132731 0.054979 0.899359
v -0.119454 0.079817 0.899359
v -0.173421 0.115876 0.898066
v 0.335377 0.138918 0.887898
v -0.173421 0.115876 0.898066
v -0.111553 0.269312 0.896327
v -0.138918 0.335377 0.887898
v -0.060898 0.040690 0.900155
v -0.000001 -0.000000 0.900424
v -0.051789 0.051789 0.900155
v -0.119454 0.079817 0.899359
v -0.060898 0.040690 0.900155
v -0.051789 0.051789 0.900155
v -0.101588 0.101587 0.899359
v -0.173421 0.115876 0.898066
v -0.119454 0.079817 0.899359
v -0.101588 0.101587 0.899359
v -0.147482 0.147482 0.898066
v -0.147482 0.147482 0.898066
v -0.101588 0.101587 0.899359
v -0.051789 0.051789 0.900155
v -0.040691 0.060897 0.900155
v -0.079817 0.119454 0.899359
v -0.147482 0.147482 0.898066
v -0.101588 0.101587 0.899359
v -0.079817 0.119454 0.899359
v -0.115876 0.173420 0.898066
v -0.115876 0.173420 0.898066
v -0.143666 0.346840 0.874001
v -0.143666 0.346840 0.799497
v -0.051789 0.051789 0.900155
v -0.000001 -0.000000 0.900424
v -0.040691 0.060897 0.900155
v -0.040691 0.060897 0.900155
v -0.000001 -0.000000 0.900424
v -0.028028 0.067665 0.900155
v -0.056869 0.285900 0.896327
v -0.070820 0.356035 0.887898
v -0.079817 0.119454 0.899359
v -0.040691 0.060897 0.900155
v -0.028028 0.067665 0.900155
v -0.054979 0.132730 0.899359
v -0.115876 0.173420 0.898066
v -0.079817 0.119454 0.899359
v -0.054979 0.132730 0.899359
v -0.079817 0.192694 0.898066
v -0.079817 0.192694 0.898066
v -0.054979 0.132730 0.899359
v -0.028028 0.067665 0.900155
v -0.014289 0.071833 0.900155
v -0.028028 0.140906 0.899359
v -0.079817 0.192694 0.898066
v -0.054979 0.132730 0.899359
v -0.028028 0.140906 0.899359
v -0.040691 0.204563 0.898066
v -0.040691 0.204563 0.898066
v -0.000000 0.363010 0.887898
v -0.028028 0.067665 0.900155
v -0.000001 -0.000000 0.900424
v -0.014289 0.071833 0.900155
v -0.356035 -0.070820 0.887898
v -0.014289 0.071833 0.900155
v -0.000001 -0.000000 0.900424
v -0.000000 0.073240 0.900155
v -0.028028 0.140906 0.899359
v -0.014289 0.071833 0.900155
v -0.000000 0.073240 0.900155
v -0.000000 0.143666 0.899359
v -0.040691 0.204563 0.898066
v -0.028028 0.140906 0.899359
v -0.000000 0.143666 0.899359
v -0.000000 0.208571 0.898066
vn 0.0004 0.0037 1.0000
vn 0.0011 0.0113 0.9999
vn 0.0020 0.0199 0.9998
vn 0.0141 0.0707 0.9974
vn -0.0000 0.0721 0.9974
vn -0.0000 0.0205 0.9998
vn 0.0040 0.0202 0.9998
vn 0.3586 0.8657 0.3492
vn 0.3827 0.9239 -0.0000
vn 0.1951 0.9808 -0.0000
vn 0.1828 0.9190 0.3492
vn 0.5206 0.7791 0.3492
vn 0.5556 0.8315 -0.0000
vn 0.0011 0.0035 1.0000
vn 0.0033 0.0109 0.9999
vn 0.0058 0.0192 0.9998
vn 0.0276 0.0666 0.9974
vn 0.0078 0.0189 0.9998
vn 0.0017 0.0033 1.0000
vn 0.0054 0.0100 0.9999
vn 0.0094 0.0177 0.9998
vn 0.0094 0.0176 0.9998
vn 0.0401 0.0599 0.9974
vn 0.0113 0.0170 0.9998
vn 0.6626 0.6626 0.3492
vn 0.7071 0.7071 -0.0000
vn 0.7791 0.5206 0.3492
vn 0.8315 0.5556 -0.0000
vn 0.0023 0.0029 1.0000
vn 0.0072 0.0088 0.9999
vn 0.0127 0.0155 0.9998
vn 0.0510 0.0510 0.9974
vn 0.0148 0.0148 0.9998
vn 0.0088 0.0072 0.9999
vn 0.0155 0.0127 0.9998
vn 0.0599 0.0401 0.9974
vn 0.0170 0.0113 0.9998
vn 0.8657 0.3586 0.3492
vn 0.9239 0.3827 -0.0000
vn 0.0029 0.0023 1.0000
vn 0.0033 0.0017 1.0000
vn 0.0100 0.0054 0.9999
vn 0.0100 0.0053 0.9999
vn 0.0177 0.0094 0.9998
vn 0.0666 0.0276 0.9974
vn 0.0191 0.0079 0.9998
vn 0.9190 0.1828 0.3492
vn 0.9808 0.1951 -0.0000
vn 0.0109 0.0033 0.9999
vn 0.0192 0.0058 0.9998
vn 0.0707 0.0141 0.9974
vn 0.0202 0.0040 0.9998
vn 0.9371 -0.0000 0.3492
vn 1.0000 -0.0000 -0.0000
vn 0.0035 0.0011 1.0000
vn 0.0037 0.0004 1.0000
vn 0.0113 0.0011 0.9999
vn 0.0199 0.0020 0.9998
vn 0.0721 -0.0000 0.9974
vn 0.0206 -0.0000 0.9998
vn 0.9190 -0.1828 0.3492
vn 0.9808 -0.1951 -0.0000
vn 0.0199 -0.0020 0.9998
vn 0.0707 -0.0141 0.9974
vn 0.0202 -0.0040 0.9998
vn 0.8657 -0.3586 0.3492
vn 0.9239 -0.3827 -0.0000
vn 0.0037 -0.0004 1.0000
vn 0.0113 -0.0011 0.9999
vn 0.0035 -0.0011 1.0000
vn 0.0109 -0.0033 0.9999
vn 0.0192 -0.0058 0.9998
vn 0.0666 -0.0276 0.9974
vn 0.0191 -0.0079 0.9998
vn 0.7791 -0.5206 0.3492
vn 0.8315 -0.5556 -0.0000
vn 0.0599 -0.0401 0.9974
vn 0.0170 -0.0114 0.9998
vn 0.6626 -0.6626 0.3492
vn 0.7071 -0.7071 -0.0000
vn 0.0033 -0.0017 1.0000
vn 0.0100 -0.0054 0.9999
vn 0.0177 -0.0094 0.9998
vn 0.0029 -0.0023 1.0000
vn 0.0088 -0.0072 0.9999
vn 0.0155 -0.0127 0.9998
vn 0.0510 -0.0510 0.9974
vn 0.0148 -0.0148 0.9998
vn 0.5206 -0.7791 0.3492
vn 0.5556 -0.8315 -0.0000
vn 0.0401 -0.0599 0.9974
vn 0.0115 -0.0172 0.9998
vn 0.3586 -0.8657 0.3492
vn 0.3827 -0.9239 -0.0000
vn 0.0023 -0.0029 1.0000
vn 0.0072 -0.0088 0.9999
vn 0.0127 -0.0155 0.9998
vn 0.0017 -0.0033 1.0000
vn 0.0054 -0.0100 0.9999
vn 0.0094 -0.0177 0.9998
vn 0.0094 -0.0176 0.9998
vn 0.0276 -0.0666 0.9974
vn 0.0078 -0.0189 0.9998
vn 0.1828 -0.9190 0.3492
vn 0.1951 -0.9808 -0.0000
vn -0.0000 -0.9370 0.3492
vn -0.0000 -1.0000 -0.0000
vn 0.0011 -0.0035 1.0000
vn 0.0033 -0.0109 0.9999
vn 0.0058 -0.0192 0.9998
vn 0.0141 -0.0707 0.9974
vn 0.0041 -0.0206 0.9998
vn 0.0004 -0.0037 1.0000
vn 0.0011 -0.0113 0.9999
vn 0.0020 -0.0199 0.9998
vn -0.0000 -0.0721 0.9974
vn -0.0000 -0.0210 0.9998
vn -0.1828 -0.9190 0.3492
vn -0.1951 -0.9808 -0.0000
vn -0.3586 -0.8657 0.3492
vn -0.3827 -0.9239 -0.0000
vn -0.0004 -0.0037 1.0000
vn -0.0011 -0.0113 0.9999
vn -0.0020 -0.0199 0.9998
vn -0.0141 -0.0707 0.9974
vn -0.0041 -0.0206 0.9998
vn -0.0033 -0.0109 0.9999
vn -0.0058 -0.0192 0.9998
vn -0.0058 -0.0191 0.9998
vn -0.0276 -0.0666 0.9974
vn -0.0079 -0.0191 0.9998
vn -0.5206 -0.7791 0.3492
vn -0.5556 -0.8315 -0.0000
vn -0.0011 -0.0035 1.0000
vn -0.0017 -0.0032 1.0000
vn -0.0054 -0.0100 0.9999
vn -0.0094 -0.0177 0.9998
vn -0.0094 -0.0176 0.9998
vn -0.0401 -0.0599 0.9974
vn -0.0116 -0.0174 0.9998
vn -0.6626 -0.6626 0.3492
vn -0.7071 -0.7071 -0.0000
vn -0.0127 -0.0155 0.9998
vn -0.0510 -0.0510 0.9974
vn -0.0148 -0.0148 0.9998
vn -0.7791 -0.5206 0.3492
vn -0.8315 -0.5556 -0.0000
vn -0.0023 -0.0029 1.0000
vn -0.0072 -0.0088 0.9999
vn -0.0029 -0.0023 1.0000
vn -0.0088 -0.0072 0.9999
vn -0.0155 -0.0127 0.9998
vn -0.0599 -0.0401 0.9974
vn -0.0170 -0.0114 0.9998
vn -0.8657 -0.3586 0.3492
vn -0.9239 -0.3827 -0.0000
vn -0.0177 -0.0094 0.9998
vn -0.0666 -0.0276 0.9974
vn -0.0189 -0.0078 0.9998
vn -0.9190 -0.1828 0.3492
vn -0.9808 -0.1951 -0.0000
vn -0.0033 -0.0017 1.0000
vn -0.0100 -0.0053 0.9999
vn -0.0100 -0.0054 0.9999
vn -0.0035 -0.0011 1.0000
vn -0.0109 -0.0033 0.9999
vn -0.0192 -0.0058 0.9998
vn -0.0707 -0.0141 0.9974
vn -0.0202 -0.0040 0.9998
vn -0.9370 -0.0000 0.3492
vn -1.0000 -0.0000 -0.0000
vn -0.5206 0.7791 0.3492
vn -0.5556 0.8315 -0.0000
vn -0.7071 0.7071 -0.0000
vn -0.6626 0.6626 0.3492
vn -0.0721 -0.0000 0.9974
vn -0.0205 -0.0000 0.9998
vn 0.0934 -0.4693 0.8781
vn 0.1831 -0.4421 0.8781
vn -0.9190 0.1828 0.3492
vn -0.9808 0.1951 -0.0000
vn 0.3979 0.2659 0.8781
vn 0.3384 0.3384 0.8781
vn 0.1831 0.4421 0.8781
vn 0.0934 0.4693 0.8781
vn -0.0037 -0.0004 1.0000
vn -0.0707 0.0141 0.9974
vn -0.0666 0.0276 0.9974
vn -0.4421 0.1831 0.8781
vn -0.4693 0.0934 0.8781
vn -0.0113 -0.0011 0.9999
vn -0.0199 -0.0020 0.9998
vn 0.2659 -0.3979 0.8781
vn 0.3384 -0.3384 0.8781
vn -0.0037 0.0004 1.0000
vn -0.0510 0.0510 0.9974
vn -0.0401 0.0599 0.9974
vn -0.2659 0.3979 0.8781
vn -0.3384 0.3384 0.8781
vn 0.4785 -0.0000 0.8781
vn 0.4693 0.0934 0.8781
vn -0.0113 0.0011 0.9999
vn -0.1831 -0.4421 0.8781
vn -0.0934 -0.4693 0.8781
vn -0.0199 0.0020 0.9998
vn 0.2659 0.3979 0.8781
vn -0.0206 0.0041 0.9998
vn 0.4693 -0.0934 0.8781
vn -0.8657 0.3586 0.3492
vn -0.9239 0.3827 -0.0000
vn -0.0599 0.0401 0.9974
vn -0.3979 0.2658 0.8781
vn -0.0000 -0.4785 0.8781
vn -0.0189 0.0078 0.9998
vn -0.4785 -0.0000 0.8781
vn -0.7791 0.5206 0.3492
vn -0.8315 0.5556 -0.0000
vn 0.3979 -0.2659 0.8781
vn 0.4421 -0.1831 0.8781
vn -0.0035 0.0011 1.0000
vn -0.2659 -0.3979 0.8781
vn -0.0109 0.0033 0.9999
vn -0.0192 0.0058 0.9998
vn -0.0033 0.0017 1.0000
vn -0.4421 -0.1831 0.8781
vn -0.3979 -0.2659 0.8781
vn -0.0000 0.9370 0.3492
vn -0.0000 1.0000 -0.0000
vn -0.1951 0.9808 -0.0000
vn -0.1828 0.9190 0.3492
vn -0.0100 0.0054 0.9999
vn -0.0100 0.0053 0.9999
vn -0.3384 -0.3384 0.8781
vn -0.0177 0.0094 0.9998
vn 0.4421 0.1831 0.8781
vn -0.0170 0.0113 0.9998
vn -0.0276 0.0666 0.9974
vn -0.1831 0.4421 0.8781
vn -0.0029 0.0023 1.0000
vn -0.0088 0.0072 0.9999
vn -0.0155 0.0127 0.9998
vn -0.0148 0.0148 0.9998
vn -0.0072 0.0088 0.9999
vn -0.0127 0.0155 0.9998
vn -0.0113 0.0170 0.9998
vn -0.3586 0.8657 0.3492
vn -0.3827 0.9239 -0.0000
vn -0.0023 0.0029 1.0000
vn -0.0017 0.0033 1.0000
vn -0.0141 0.0707 0.9974
vn -0.0934 0.4693 0.8781
vn -0.0054 0.0100 0.9999
vn -0.0094 0.0177 0.9998
vn -0.0078 0.0189 0.9998
vn -0.0033 0.0109 0.9999
vn -0.0058 0.0192 0.9998
vn -0.0041 0.0206 0.9998
vn -0.0000 0.4785 0.8781
vn -0.0011 0.0035 1.0000
vn -0.4693 -0.0934 0.8781
vn -0.0004 0.0037 1.0000
vn -0.0011 0.0113 0.9999
vn -0.0020 0.0199 0.9998
vt 0.169957 0.934885
vt 0.169002 0.943071
vt 0.171534 0.935227
vt 0.173962 0.927695
vt 0.170872 0.927024
vt 0.176195 0.920760
vt 0.171712 0.919789
vt 0.179041 0.911907
vt 0.172777 0.910552
vt 0.189896 0.905499
vt 0.194440 0.897360
vt 0.185121 0.893039
vt 0.182160 0.902225
vt 0.196742 0.910342
vt 0.202962 0.903025
vt 0.173015 0.935871
vt 0.176864 0.928954
vt 0.180404 0.922585
vt 0.184924 0.914453
vt 0.174342 0.936791
vt 0.179465 0.930754
vt 0.184177 0.925194
vt 0.190189 0.918100
vt 0.202643 0.916295
vt 0.209876 0.910542
vt 0.207183 0.923367
vt 0.215517 0.918916
vt 0.175465 0.937951
vt 0.181667 0.933027
vt 0.187372 0.928488
vt 0.194652 0.922689
vt 0.183385 0.935685
vt 0.176340 0.939309
vt 0.189867 0.932340
vt 0.198132 0.928063
vt 0.210255 0.931154
vt 0.219554 0.928437
vt 0.176935 0.940812
vt 0.184554 0.938628
vt 0.191567 0.936607
vt 0.200509 0.934016
vt 0.211917 0.939386
vt 0.221146 0.938590
vt 0.185128 0.941745
vt 0.177225 0.942402
vt 0.192407 0.941126
vt 0.201700 0.940319
vt 0.211823 0.947807
vt 0.221189 0.948678
vt 0.177199 0.944019
vt 0.185083 0.944916
vt 0.192351 0.945727
vt 0.201637 0.946739
vt 0.210137 0.956070
vt 0.219302 0.958746
vt 0.191399 0.950235
vt 0.184421 0.948020
vt 0.200324 0.953041
vt 0.206854 0.963899
vt 0.215454 0.968395
vt 0.176858 0.945601
vt 0.176215 0.947086
vt 0.183164 0.950938
vt 0.189581 0.954478
vt 0.197798 0.958982
vt 0.202049 0.970917
vt 0.209680 0.977276
vt 0.194145 0.964328
vt 0.186965 0.958289
vt 0.196011 0.976969
vt 0.201953 0.984422
vt 0.175294 0.948418
vt 0.181359 0.953556
vt 0.174129 0.949545
vt 0.179075 0.955773
vt 0.183649 0.961516
vt 0.189515 0.968859
vt 0.188815 0.981561
vt 0.193306 0.990268
vt 0.184076 0.972395
vt 0.179761 0.964033
vt 0.180924 0.984795
vt 0.183529 0.993863
vt 0.172767 0.950422
vt 0.176399 0.957500
vt 0.171259 0.951016
vt 0.173437 0.958669
vt 0.175453 0.965738
vt 0.178042 0.974795
vt 0.172491 0.986286
vt 0.173414 0.995925
vt 0.163957 0.986067
vt 0.162779 0.996008
vt 0.169663 0.951304
vt 0.170301 0.959236
vt 0.170892 0.966564
vt 0.171652 0.975948
vt 0.168043 0.951274
vt 0.167116 0.959178
vt 0.166258 0.966477
vt 0.165155 0.975819
vt 0.155606 0.984282
vt 0.152454 0.993439
vt 0.147761 0.980854
vt 0.143101 0.989064
vt 0.166459 0.950928
vt 0.164004 0.958496
vt 0.161731 0.965483
vt 0.158810 0.974426
vt 0.161087 0.957219
vt 0.164974 0.950280
vt 0.157491 0.963621
vt 0.152875 0.971812
vt 0.140876 0.975860
vt 0.134432 0.983278
vt 0.163645 0.949354
vt 0.158479 0.955396
vt 0.153703 0.960967
vt 0.147584 0.968081
vt 0.135012 0.969747
vt 0.127392 0.975518
vt 0.150509 0.957627
vt 0.156278 0.953101
vt 0.143121 0.963400
vt 0.130444 0.962591
vt 0.122104 0.966785
vt 0.162522 0.948186
vt 0.161650 0.946822
vt 0.154569 0.950421
vt 0.148033 0.953730
vt 0.139666 0.957948
vt 0.127487 0.954680
vt 0.118148 0.957270
vt 0.146367 0.949428
vt 0.153418 0.947461
vt 0.137353 0.951930
vt 0.125975 0.946360
vt 0.116583 0.947059
vt 0.161061 0.945315
vt 0.160778 0.943722
vt 0.152867 0.944335
vt 0.145574 0.944888
vt 0.136252 0.945583
vt 0.126299 0.937904
vt 0.116583 0.936675
vt 0.149498 0.904805
vt 0.145350 0.896651
vt 0.136765 0.901859
vt 0.142458 0.909346
vt 0.136422 0.939146
vt 0.145682 0.940285
vt 0.172337 0.984113
vt 0.180326 0.982693
vt 0.128104 0.929671
vt 0.119112 0.926553
vt 0.205278 0.924333
vt 0.200963 0.917630
vt 0.188843 0.907373
vt 0.181500 0.904246
vt 0.160810 0.942105
vt 0.137829 0.932872
vt 0.140429 0.927005
vt 0.133369 0.923019
vt 0.130142 0.930347
vt 0.152936 0.941164
vt 0.187831 0.979640
vt 0.194647 0.975258
vt 0.161158 0.940527
vt 0.148751 0.917345
vt 0.154136 0.913905
vt 0.150459 0.906717
vt 0.143772 0.911024
vt 0.209693 0.947571
vt 0.209774 0.939578
vt 0.153622 0.938070
vt 0.148852 0.978964
vt 0.156283 0.982214
vt 0.146684 0.935794
vt 0.195362 0.911956
vt 0.208082 0.955426
vt 0.131505 0.921939
vt 0.123419 0.917346
vt 0.144124 0.921769
vt 0.138031 0.916546
vt 0.164222 0.983917
vt 0.148540 0.931590
vt 0.128419 0.938173
vt 0.136434 0.915145
vt 0.129122 0.908800
vt 0.200393 0.969529
vt 0.204957 0.962854
vt 0.161806 0.939047
vt 0.142296 0.974243
vt 0.154897 0.935170
vt 0.162729 0.937722
vt 0.129556 0.954109
vt 0.132386 0.961631
vt 0.173962 0.900380
vt 0.175032 0.891082
vt 0.164731 0.890677
vt 0.165554 0.900353
vt 0.156710 0.932576
vt 0.136716 0.968421
vt 0.151175 0.927831
vt 0.208214 0.931746
vt 0.160087 0.911582
vt 0.157877 0.903853
vt 0.163893 0.936602
vt 0.158992 0.930385
vt 0.154488 0.924658
vt 0.161656 0.928681
vt 0.165252 0.935731
vt 0.158350 0.922190
vt 0.157315 0.901796
vt 0.154613 0.892777
vt 0.166755 0.935141
vt 0.166379 0.910456
vt 0.165723 0.902472
vt 0.164599 0.927527
vt 0.162617 0.920520
vt 0.167711 0.926968
vt 0.168343 0.934856
vt 0.167127 0.919709
vt 0.173711 0.902518
vt 0.128135 0.946197
s 0
usemtl DefaultMaterial
f 6134/4533/2684 6135/4534/2684 6136/4535/2684
f 6140/4536/2685 6137/4537/2685 6138/4533/2685
f 6138/4533/2685 6139/4535/2685 6140/4536/2685
f 6144/4538/2686 6141/4539/2686 6142/4537/2686
f 6142/4537/2686 6143/4536/2686 6144/4538/2686
s 1
f 6148/4540/2687 6145/4541/2688 6146/4539/2689
f 6146/4539/2689 6147/4538/2690 6148/4540/2687
f 6152/4542/2691 6149/4543/2692 6150/4544/2693
f 6150/4544/2693 6151/4545/2694 6152/4542/2691
f 6152/4542/2691 6153/4546/2695 6154/4547/2696
f 6154/4547/2696 6149/4543/2692 6152/4542/2691
s 0
f 6155/4535/2697 6156/4534/2697 6157/4548/2697
f 6161/4549/2698 6158/4536/2698 6159/4535/2698
s 1
f 6159/4535/2698 6160/4548/2698 6161/4549/2698
s 0
f 6165/4550/2699 6162/4538/2699 6163/4536/2699
f 6163/4536/2699 6164/4549/2699 6165/4550/2699
s 1
f 6167/4551/2700 6148/4540/2687 6147/4538/2690
f 6147/4538/2690 6166/4550/2701 6167/4551/2700
s 0
f 6168/4548/2702 6169/4534/2702 6170/4552/2702
f 6174/4553/2703 6171/4549/2703 6172/4548/2703
f 6172/4548/2703 6173/4552/2703 6174/4553/2703
f 6178/4554/2704 6175/4550/2704 6176/4549/2704
f 6176/4549/2705 6177/4553/2705 6178/4554/2705
s 1
f 6180/4555/2706 6167/4551/2700 6166/4550/2701
f 6166/4550/2701 6179/4554/2707 6180/4555/2706
f 6182/4556/2708 6181/4557/2709 6154/4547/2696
f 6154/4547/2696 6153/4546/2695 6182/4556/2708
f 6182/4556/2708 6183/4558/2710 6184/4559/2711
f 6184/4559/2711 6181/4557/2709 6182/4556/2708
s 0
f 6185/4552/2712 6186/4534/2712 6187/4560/2712
f 6191/4561/2713 6188/4553/2713 6189/4552/2713
f 6189/4552/2713 6190/4560/2713 6191/4561/2713
f 6195/4562/2714 6192/4554/2714 6193/4553/2714
f 6193/4553/2714 6194/4561/2714 6195/4562/2714
s 1
f 6197/4563/2715 6180/4555/2706 6179/4554/2707
f 6179/4554/2707 6196/4562/2716 6197/4563/2715
s 0
f 6201/4564/2717 6198/4561/2717 6199/4560/2717
f 6199/4560/2717 6200/4565/2717 6201/4564/2717
f 6205/4566/2718 6202/4562/2718 6203/4561/2718
f 6203/4561/2718 6204/4564/2718 6205/4566/2718
s 1
f 6207/4567/2719 6197/4563/2715 6196/4562/2716
f 6196/4562/2716 6206/4566/2720 6207/4567/2719
f 6183/4558/2710 6208/4568/2721 6209/4569/2722
f 6209/4569/2722 6184/4559/2711 6183/4558/2710
s 0
f 6210/4560/2723 6211/4534/2723 6212/4565/2723
f 6213/4565/2724 6214/4534/2724 6215/4570/2724
f 6219/4571/2725 6216/4564/2725 6217/4565/2725
f 6217/4565/2726 6218/4570/2726 6219/4571/2726
f 6223/4572/2727 6220/4566/2727 6221/4564/2727
f 6221/4564/2727 6222/4571/2727 6223/4572/2727
s 1
f 6225/4573/2728 6207/4567/2719 6206/4566/2720
f 6206/4566/2720 6224/4572/2729 6225/4573/2728
f 6227/4574/2730 6226/4575/2731 6209/4569/2722
f 6209/4569/2722 6208/4568/2721 6227/4574/2730
f 6231/4576/2732 6228/4571/2732 6229/4570/2732
s 0
f 6229/4570/2732 6230/4577/2732 6231/4576/2732
f 6235/4578/2733 6232/4572/2733 6233/4571/2733
f 6233/4571/2733 6234/4576/2733 6235/4578/2733
s 1
f 6237/4579/2734 6225/4573/2728 6224/4572/2729
f 6224/4572/2729 6236/4578/2735 6237/4579/2734
f 6227/4574/2730 6238/4580/2736 6239/4581/2737
f 6239/4581/2737 6226/4575/2731 6227/4574/2730
s 0
f 6240/4570/2738 6241/4534/2738 6242/4577/2738
f 6243/4577/2739 6244/4534/2739 6245/4582/2739
f 6249/4583/2740 6246/4576/2740 6247/4577/2740
f 6247/4577/2740 6248/4582/2740 6249/4583/2740
f 6253/4584/2741 6250/4578/2741 6251/4576/2741
f 6251/4576/2741 6252/4583/2741 6253/4584/2741
s 1
f 6255/4585/2742 6237/4579/2734 6236/4578/2735
f 6236/4578/2735 6254/4584/2743 6255/4585/2742
f 6238/4580/2736 6256/4586/2744 6257/4587/2745
f 6257/4587/2745 6239/4581/2737 6238/4580/2736
s 0
f 6261/4588/2746 6258/4584/2746 6259/4583/2746
f 6259/4583/2746 6260/4589/2746 6261/4588/2746
s 1
f 6263/4590/2747 6255/4585/2742 6254/4584/2743
f 6254/4584/2743 6262/4588/2748 6263/4590/2747
f 6256/4586/2744 6264/4591/2749 6265/4592/2750
f 6265/4592/2750 6257/4587/2745 6256/4586/2744
s 0
f 6266/4582/2751 6267/4534/2751 6268/4593/2751
f 6272/4589/2752 6269/4583/2752 6270/4582/2752
f 6270/4582/2752 6271/4593/2752 6272/4589/2752
f 6273/4593/2753 6274/4534/2753 6275/4594/2753
s 1
f 6279/4595/2754 6276/4589/2754 6277/4593/2754
s 0
f 6277/4593/2754 6278/4594/2754 6279/4595/2754
f 6283/4596/2755 6280/4588/2755 6281/4589/2755
f 6281/4589/2755 6282/4595/2755 6283/4596/2755
s 1
f 6285/4597/2756 6263/4590/2747 6262/4588/2748
f 6262/4588/2748 6284/4596/2757 6285/4597/2756
f 6264/4591/2749 6286/4598/2758 6287/4599/2759
f 6287/4599/2759 6265/4592/2750 6264/4591/2749
f 6289/4600/2760 6285/4597/2756 6284/4596/2757
f 6284/4596/2757 6288/4601/2761 6289/4600/2760
f 6291/4602/2762 6290/4603/2763 6287/4599/2759
f 6287/4599/2759 6286/4598/2758 6291/4602/2762
s 0
f 6292/4594/2764 6293/4534/2764 6294/4604/2764
f 6298/4605/2765 6295/4595/2765 6296/4594/2765
f 6296/4594/2765 6297/4604/2765 6298/4605/2765
f 6302/4601/2766 6299/4596/2766 6300/4595/2766
f 6300/4595/2766 6301/4605/2766 6302/4601/2766
f 6303/4604/2767 6304/4534/2767 6305/4606/2767
f 6309/4607/2768 6306/4605/2768 6307/4604/2768
f 6307/4604/2768 6308/4606/2768 6309/4607/2768
f 6313/4608/2769 6310/4601/2769 6311/4605/2769
s 1
f 6311/4605/2769 6312/4607/2769 6313/4608/2769
f 6315/4609/2770 6289/4600/2760 6288/4601/2761
f 6288/4601/2761 6314/4608/2771 6315/4609/2770
f 6291/4602/2762 6316/4610/2772 6317/4611/2773
f 6317/4611/2773 6290/4603/2763 6291/4602/2762
f 6319/4612/2774 6315/4609/2770 6314/4608/2771
f 6314/4608/2771 6318/4613/2775 6319/4612/2774
f 6321/4614/2776 6320/4615/2777 6317/4611/2773
f 6317/4611/2773 6316/4610/2772 6321/4614/2776
s 0
f 6322/4606/2778 6323/4534/2778 6324/4616/2778
f 6328/4617/2779 6325/4607/2779 6326/4606/2779
f 6326/4606/2779 6327/4616/2779 6328/4617/2779
s 1
f 6332/4613/2780 6329/4608/2780 6330/4607/2780
s 0
f 6330/4607/2780 6331/4617/2780 6332/4613/2780
f 6333/4616/2781 6334/4534/2781 6335/4618/2781
f 6339/4619/2782 6336/4617/2782 6337/4616/2782
f 6337/4616/2782 6338/4618/2782 6339/4619/2782
f 6343/4620/2783 6340/4613/2783 6341/4617/2783
f 6341/4617/2784 6342/4619/2784 6343/4620/2784
s 1
f 6345/4621/2785 6319/4612/2774 6318/4613/2775
f 6318/4613/2775 6344/4620/2786 6345/4621/2785
f 6321/4614/2776 6346/4622/2787 6347/4623/2788
f 6347/4623/2788 6320/4615/2777 6321/4614/2776
f 6346/4622/2787 6348/4624/2789 6349/4625/2790
f 6349/4625/2790 6347/4623/2788 6346/4622/2787
s 0
f 6350/4618/2791 6351/4534/2791 6352/4626/2791
s 1
f 6356/4627/2792 6353/4619/2792 6354/4618/2792
f 6354/4618/2792 6355/4626/2792 6356/4627/2792
s 0
f 6360/4628/2793 6357/4620/2793 6358/4619/2793
f 6358/4619/2793 6359/4627/2793 6360/4628/2793
s 1
f 6362/4629/2794 6345/4621/2785 6344/4620/2786
f 6344/4620/2786 6361/4628/2795 6362/4629/2794
s 0
f 6363/4626/2796 6364/4534/2796 6365/4630/2796
f 6369/4631/2797 6366/4627/2797 6367/4626/2797
f 6367/4626/2797 6368/4630/2797 6369/4631/2797
f 6373/4632/2798 6370/4628/2798 6371/4627/2798
f 6371/4627/2798 6372/4631/2798 6373/4632/2798
s 1
f 6375/4633/2799 6362/4629/2794 6361/4628/2795
f 6361/4628/2795 6374/4632/2800 6375/4633/2799
f 6377/4634/2801 6376/4635/2802 6349/4625/2790
f 6349/4625/2790 6348/4624/2789 6377/4634/2801
f 6379/4636/2803 6378/4637/2804 6376/4635/2802
f 6376/4635/2802 6377/4634/2801 6379/4636/2803
s 0
f 6380/4630/2805 6381/4534/2805 6382/4638/2805
f 6386/4639/2806 6383/4631/2806 6384/4630/2806
f 6384/4630/2806 6385/4638/2806 6386/4639/2806
f 6390/4640/2807 6387/4632/2807 6388/4631/2807
f 6388/4631/2807 6389/4639/2807 6390/4640/2807
s 1
f 6392/4641/2808 6375/4633/2799 6374/4632/2800
f 6374/4632/2800 6391/4640/2809 6392/4641/2808
s 0
f 6396/4642/2810 6393/4639/2810 6394/4638/2810
f 6394/4638/2810 6395/4643/2810 6396/4642/2810
f 6400/4644/2811 6397/4640/2811 6398/4639/2811
f 6398/4639/2812 6399/4642/2812 6400/4644/2812
s 1
f 6402/4645/2813 6392/4641/2808 6391/4640/2809
f 6391/4640/2809 6401/4644/2814 6402/4645/2813
f 6379/4636/2803 6403/4646/2815 6404/4647/2816
f 6404/4647/2816 6378/4637/2804 6379/4636/2803
s 0
f 6405/4638/2817 6406/4534/2817 6407/4643/2817
f 6408/4643/2818 6409/4534/2818 6410/4648/2818
f 6414/4649/2819 6411/4642/2819 6412/4643/2819
f 6412/4643/2819 6413/4648/2819 6414/4649/2819
f 6418/4650/2820 6415/4644/2820 6416/4642/2820
f 6416/4642/2821 6417/4649/2821 6418/4650/2821
s 1
f 6420/4651/2822 6402/4645/2813 6401/4644/2814
f 6401/4644/2814 6419/4650/2823 6420/4651/2822
f 6422/4652/2824 6421/4653/2825 6404/4647/2816
f 6404/4647/2816 6403/4646/2815 6422/4652/2824
f 6426/4654/2826 6423/4650/2826 6424/4649/2826
s 0
f 6424/4649/2826 6425/4655/2826 6426/4654/2826
s 1
f 6428/4656/2827 6420/4651/2822 6419/4650/2823
f 6419/4650/2823 6427/4654/2828 6428/4656/2827
f 6430/4657/2829 6429/4658/2830 6421/4653/2825
f 6421/4653/2825 6422/4652/2824 6430/4657/2829
s 0
f 6431/4648/2831 6432/4534/2831 6433/4659/2831
f 6437/4655/2832 6434/4649/2832 6435/4648/2832
f 6435/4648/2832 6436/4659/2832 6437/4655/2832
f 6438/4659/2833 6439/4534/2833 6440/4660/2833
f 6444/4661/2834 6441/4655/2834 6442/4659/2834
f 6442/4659/2834 6443/4660/2834 6444/4661/2834
f 6448/4662/2835 6445/4654/2835 6446/4655/2835
f 6446/4655/2835 6447/4661/2835 6448/4662/2835
s 1
f 6450/4663/2836 6428/4656/2827 6427/4654/2828
f 6427/4654/2828 6449/4662/2837 6450/4663/2836
f 6430/4657/2829 6451/4664/2838 6452/4665/2839
f 6452/4665/2839 6429/4658/2830 6430/4657/2829
s 0
f 6456/4666/2840 6453/4662/2840 6454/4661/2840
f 6454/4661/2840 6455/4667/2840 6456/4666/2840
s 1
f 6458/4668/2841 6450/4663/2836 6449/4662/2837
f 6449/4662/2837 6457/4666/2842 6458/4668/2841
f 6460/4669/2843 6459/4670/2844 6452/4665/2839
f 6452/4665/2839 6451/4664/2838 6460/4669/2843
s 0
f 6461/4660/2845 6462/4534/2845 6463/4671/2845
s 1
f 6467/4667/2846 6464/4661/2846 6465/4660/2846
s 0
f 6465/4660/2847 6466/4671/2847 6467/4667/2847
f 6468/4671/2848 6469/4534/2848 6470/4672/2848
f 6474/4673/2849 6471/4667/2849 6472/4671/2849
f 6472/4671/2849 6473/4672/2849 6474/4673/2849
f 6478/4674/2850 6475/4666/2850 6476/4667/2850
f 6476/4667/2850 6477/4673/2850 6478/4674/2850
s 1
f 6480/4675/2851 6458/4668/2841 6457/4666/2842
f 6457/4666/2842 6479/4674/2852 6480/4675/2851
f 6460/4669/2843 6481/4676/2853 6482/4677/2854
f 6482/4677/2854 6459/4670/2844 6460/4669/2843
f 6486/4678/2855 6483/4679/2856 6484/4680/2857
f 6484/4680/2857 6485/4681/2858 6486/4678/2855
f 6488/4682/2859 6480/4675/2851 6479/4674/2852
f 6479/4674/2852 6487/4683/2860 6488/4682/2859
f 6345/4621/2785 6362/4629/2794 6489/4684/2861
f 6489/4684/2861 6490/4685/2862 6345/4621/2785
f 6492/4686/2863 6491/4687/2864 6482/4677/2854
f 6482/4677/2854 6481/4676/2853 6492/4686/2863
f 6197/4563/2715 6207/4567/2719 6493/4688/2865
f 6493/4688/2865 6494/4689/2866 6197/4563/2715
f 6148/4540/2687 6167/4551/2700 6495/4690/2867
f 6495/4690/2867 6496/4691/2868 6148/4540/2687
s 0
f 6497/4672/2869 6498/4534/2869 6499/4692/2869
s 1
f 6503/4693/2870 6500/4694/2871 6501/4695/2872
f 6501/4695/2872 6502/4696/2873 6503/4693/2870
s 0
f 6507/4697/2874 6504/4673/2874 6505/4672/2874
f 6505/4672/2874 6506/4692/2874 6507/4697/2874
f 6511/4683/2875 6508/4674/2875 6509/4673/2875
f 6509/4673/2875 6510/4697/2875 6511/4683/2875
s 1
f 6315/4609/2770 6319/4612/2774 6512/4698/2876
f 6512/4698/2876 6513/4699/2877 6315/4609/2770
s 0
f 6514/4692/2878 6515/4534/2878 6516/4700/2878
s 1
f 6520/4701/2879 6517/4702/2880 6518/4703/2881
f 6518/4703/2881 6519/4704/2882 6520/4701/2879
f 6237/4579/2734 6255/4585/2742 6521/4705/2883
f 6521/4705/2883 6522/4706/2884 6237/4579/2734
s 0
f 6526/4707/2885 6523/4697/2885 6524/4692/2885
f 6524/4692/2885 6525/4700/2885 6526/4707/2885
s 1
f 6392/4641/2808 6402/4645/2813 6527/4708/2886
f 6527/4708/2886 6528/4709/2887 6392/4641/2808
s 0
f 6532/4710/2888 6529/4683/2888 6530/4697/2888
f 6530/4697/2888 6531/4707/2888 6532/4710/2888
s 1
f 6180/4555/2706 6197/4563/2715 6494/4689/2866
f 6494/4689/2866 6533/4711/2889 6180/4555/2706
f 6503/4693/2870 6488/4682/2859 6487/4683/2860
f 6487/4683/2860 6534/4710/2890 6503/4693/2870
f 6255/4585/2742 6263/4590/2747 6535/4712/2891
f 6535/4712/2891 6521/4705/2883 6255/4585/2742
f 6537/4713/2892 6536/4714/2893 6491/4687/2864
f 6491/4687/2864 6492/4686/2863 6537/4713/2892
f 6500/4694/2871 6538/4715/2894 6539/4716/2895
f 6539/4716/2895 6501/4695/2872 6500/4694/2871
f 6362/4629/2794 6375/4633/2799 6540/4717/2896
f 6540/4717/2896 6489/4684/2861 6362/4629/2794
f 6500/4694/2871 6503/4693/2870 6534/4710/2890
f 6534/4710/2890 6541/4718/2897 6500/4694/2871
f 6488/4682/2859 6503/4693/2870 6502/4696/2873
f 6502/4696/2873 6542/4719/2898 6488/4682/2859
f 6537/4713/2892 6543/4720/2899 6544/4721/2900
f 6544/4721/2900 6536/4714/2893 6537/4713/2892
f 6285/4597/2756 6289/4600/2760 6545/4722/2901
f 6545/4722/2901 6546/4723/2902 6285/4597/2756
f 6167/4551/2700 6180/4555/2706 6533/4711/2889
f 6533/4711/2889 6495/4690/2867 6167/4551/2700
f 6538/4715/2894 6520/4701/2879 6519/4704/2882
f 6519/4704/2882 6539/4716/2895 6538/4715/2894
s 0
f 6547/4700/2903 6548/4534/2903 6549/4724/2903
s 1
f 6263/4590/2747 6285/4597/2756 6546/4723/2902
f 6546/4723/2902 6535/4712/2891 6263/4590/2747
f 6402/4645/2813 6420/4651/2822 6550/4725/2904
f 6550/4725/2904 6527/4708/2886 6402/4645/2813
s 0
f 6554/4726/2905 6551/4707/2905 6552/4700/2905
f 6552/4700/2905 6553/4724/2905 6554/4726/2905
s 1
f 6319/4612/2774 6345/4621/2785 6490/4685/2862
f 6490/4685/2862 6512/4698/2876 6319/4612/2774
s 0
f 6558/4718/2906 6555/4710/2906 6556/4707/2906
f 6556/4707/2906 6557/4726/2906 6558/4718/2906
s 1
f 6375/4633/2799 6392/4641/2808 6528/4709/2887
f 6528/4709/2887 6540/4717/2896 6375/4633/2799
s 0
f 6559/4724/2907 6560/4534/2907 6561/4727/2907
s 1
f 6450/4663/2836 6458/4668/2841 6562/4728/2908
f 6562/4728/2908 6563/4729/2909 6450/4663/2836
f 6567/4730/2910 6564/4731/2911 6565/4732/2912
f 6565/4732/2912 6566/4733/2913 6567/4730/2910
s 0
f 6571/4734/2914 6568/4726/2914 6569/4724/2914
f 6569/4724/2915 6570/4727/2915 6571/4734/2915
s 1
f 6428/4656/2827 6450/4663/2836 6563/4729/2909
f 6563/4729/2909 6572/4735/2916 6428/4656/2827
s 0
f 6576/4736/2917 6573/4718/2917 6574/4726/2917
f 6574/4726/2917 6575/4734/2917 6576/4736/2917
s 1
f 6207/4567/2719 6225/4573/2728 6577/4737/2918
f 6577/4737/2918 6493/4688/2865 6207/4567/2719
f 6538/4715/2894 6500/4694/2871 6541/4718/2897
f 6541/4718/2897 6578/4736/2919 6538/4715/2894
f 6289/4600/2760 6315/4609/2770 6513/4699/2877
f 6513/4699/2877 6545/4722/2901 6289/4600/2760
f 6485/4681/2858 6484/4680/2857 6544/4721/2900
f 6544/4721/2900 6543/4720/2899 6485/4681/2858
f 6517/4702/2880 6579/4738/2920 6580/4739/2921
f 6580/4739/2921 6518/4703/2881 6517/4702/2880
s 0
f 6581/4727/2922 6582/4534/2922 6583/4740/2922
s 1
f 6567/4730/2910 6151/4545/2694 6150/4544/2693
f 6150/4544/2693 6564/4731/2911 6567/4730/2910
s 0
f 6587/4741/2923 6584/4734/2923 6585/4727/2923
f 6585/4727/2923 6586/4740/2923 6587/4741/2923
f 6591/4742/2924 6588/4736/2924 6589/4734/2924
f 6589/4734/2924 6590/4741/2924 6591/4742/2924
s 1
f 6520/4701/2879 6538/4715/2894 6578/4736/2919
f 6578/4736/2919 6592/4742/2925 6520/4701/2879
f 6420/4651/2822 6428/4656/2827 6572/4735/2916
f 6572/4735/2916 6550/4725/2904 6420/4651/2822
s 0
f 6596/4743/2926 6593/4741/2926 6594/4740/2926
f 6594/4740/2926 6595/4744/2926 6596/4743/2926
f 6600/4745/2927 6597/4742/2927 6598/4741/2927
f 6598/4741/2927 6599/4743/2927 6600/4745/2927
s 1
f 6517/4702/2880 6520/4701/2879 6592/4742/2925
f 6592/4742/2925 6601/4745/2928 6517/4702/2880
f 6486/4678/2855 6602/4746/2929 6603/4747/2930
f 6603/4747/2930 6483/4679/2856 6486/4678/2855
s 0
f 6604/4740/2931 6605/4534/2931 6606/4744/2931
f 6607/4744/2932 6608/4534/2932 6609/4748/2932
s 1
f 6579/4738/2920 6610/4749/2933 6611/4750/2934
f 6611/4750/2934 6580/4739/2921 6579/4738/2920
s 0
f 6615/4751/2935 6612/4743/2935 6613/4744/2935
f 6613/4744/2935 6614/4748/2935 6615/4751/2935
f 6619/4752/2936 6616/4745/2936 6617/4743/2936
f 6617/4743/2936 6618/4751/2936 6619/4752/2936
s 1
f 6579/4738/2920 6517/4702/2880 6601/4745/2928
f 6601/4745/2928 6620/4752/2937 6579/4738/2920
f 6602/4746/2929 6566/4733/2913 6565/4732/2912
f 6565/4732/2912 6603/4747/2930 6602/4746/2929
f 6624/4753/2938 6621/4751/2938 6622/4748/2938
f 6622/4748/2938 6623/4754/2938 6624/4753/2938
s 0
f 6628/4755/2939 6625/4752/2939 6626/4751/2939
f 6626/4751/2939 6627/4753/2939 6628/4755/2939
s 1
f 6610/4749/2933 6579/4738/2920 6620/4752/2937
f 6620/4752/2937 6629/4755/2940 6610/4749/2933
f 6145/4541/2688 6148/4540/2687 6496/4691/2868
f 6496/4691/2868 6630/4756/2941 6145/4541/2688
s 0
f 6631/4748/2942 6632/4534/2942 6633/4754/2942
s 1
f 6458/4668/2841 6480/4675/2851 6634/4757/2943
f 6634/4757/2943 6562/4728/2908 6458/4668/2841
f 6225/4573/2728 6237/4579/2734 6522/4706/2884
f 6522/4706/2884 6577/4737/2918 6225/4573/2728
s 0
f 6635/4754/2944 6636/4534/2944 6637/4533/2944
s 1
f 6480/4675/2851 6488/4682/2859 6542/4719/2898
f 6542/4719/2898 6634/4757/2943 6480/4675/2851
s 0
f 6641/4537/2945 6638/4753/2945 6639/4754/2945
f 6639/4754/2945 6640/4533/2945 6641/4537/2945
f 6645/4539/2946 6642/4755/2946 6643/4753/2946
f 6643/4753/2946 6644/4537/2946 6645/4539/2946
s 1
f 6145/4541/2688 6610/4749/2933 6629/4755/2940
f 6629/4755/2940 6146/4539/2689 6145/4541/2688
f 6496/4691/2868 6151/4545/2694 6567/4730/2910
f 6567/4730/2910 6630/4756/2941 6496/4691/2868
f 6495/4690/2867 6152/4542/2691 6151/4545/2694
f 6151/4545/2694 6496/4691/2868 6495/4690/2867
f 6152/4542/2691 6495/4690/2867 6533/4711/2889
f 6533/4711/2889 6153/4546/2695 6152/4542/2691
f 6494/4689/2866 6182/4556/2708 6153/4546/2695
f 6153/4546/2695 6533/4711/2889 6494/4689/2866
f 6182/4556/2708 6494/4689/2866 6493/4688/2865
f 6493/4688/2865 6183/4558/2710 6182/4556/2708
f 6577/4737/2918 6208/4568/2721 6183/4558/2710
f 6183/4558/2710 6493/4688/2865 6577/4737/2918
f 6522/4706/2884 6227/4574/2730 6208/4568/2721
f 6208/4568/2721 6577/4737/2918 6522/4706/2884
f 6521/4705/2883 6238/4580/2736 6227/4574/2730
f 6227/4574/2730 6522/4706/2884 6521/4705/2883
f 6535/4712/2891 6256/4586/2744 6238/4580/2736
f 6238/4580/2736 6521/4705/2883 6535/4712/2891
f 6546/4723/2902 6264/4591/2749 6256/4586/2744
f 6256/4586/2744 6535/4712/2891 6546/4723/2902
f 6545/4722/2901 6286/4598/2758 6264/4591/2749
f 6264/4591/2749 6546/4723/2902 6545/4722/2901
f 6513/4699/2877 6291/4602/2762 6286/4598/2758
f 6286/4598/2758 6545/4722/2901 6513/4699/2877
f 6512/4698/2876 6316/4610/2772 6291/4602/2762
f 6291/4602/2762 6513/4699/2877 6512/4698/2876
f 6490/4685/2862 6321/4614/2776 6316/4610/2772
f 6316/4610/2772 6512/4698/2876 6490/4685/2862
f 6489/4684/2861 6346/4622/2787 6321/4614/2776
f 6321/4614/2776 6490/4685/2862 6489/4684/2861
f 6346/4622/2787 6489/4684/2861 6540/4717/2896
f 6540/4717/2896 6348/4624/2789 6346/4622/2787
f 6528/4709/2887 6377/4634/2801 6348/4624/2789
f 6348/4624/2789 6540/4717/2896 6528/4709/2887
f 6377/4634/2801 6528/4709/2887 6527/4708/2886
f 6527/4708/2886 6379/4636/2803 6377/4634/2801
f 6550/4725/2904 6403/4646/2815 6379/4636/2803
f 6379/4636/2803 6527/4708/2886 6550/4725/2904
f 6572/4735/2916 6422/4652/2824 6403/4646/2815
f 6403/4646/2815 6550/4725/2904 6572/4735/2916
f 6563/4729/2909 6430/4657/2829 6422/4652/2824
f 6422/4652/2824 6572/4735/2916 6563/4729/2909
f 6562/4728/2908 6451/4664/2838 6430/4657/2829
f 6430/4657/2829 6563/4729/2909 6562/4728/2908
f 6634/4757/2943 6460/4669/2843 6451/4664/2838
f 6451/4664/2838 6562/4728/2908 6634/4757/2943
f 6542/4719/2898 6481/4676/2853 6460/4669/2843
f 6460/4669/2843 6634/4757/2943 6542/4719/2898
f 6502/4696/2873 6492/4686/2863 6481/4676/2853
f 6481/4676/2853 6542/4719/2898 6502/4696/2873
f 6501/4695/2872 6537/4713/2892 6492/4686/2863
f 6492/4686/2863 6502/4696/2873 6501/4695/2872
f 6539/4716/2895 6543/4720/2899 6537/4713/2892
f 6537/4713/2892 6501/4695/2872 6539/4716/2895
f 6519/4704/2882 6485/4681/2858 6543/4720/2899
f 6543/4720/2899 6539/4716/2895 6519/4704/2882
f 6485/4681/2858 6519/4704/2882 6518/4703/2881
f 6518/4703/2881 6486/4678/2855 6485/4681/2858
f 6580/4739/2921 6602/4746/2929 6486/4678/2855
f 6486/4678/2855 6518/4703/2881 6580/4739/2921
f 6611/4750/2934 6566/4733/2913 6602/4746/2929
f 6602/4746/2929 6580/4739/2921 6611/4750/2934
f 6630/4756/2941 6567/4730/2910 6566/4733/2913
f 6566/4733/2913 6611/4750/2934 6630/4756/2941
f 6610/4749/2933 6145/4541/2688 6630/4756/2941
f 6630/4756/2941 6611/4750/2934 6610/4749/2933
o defaultMaterial.024
v -0.900155 0.073240 0.000000
v -0.900424 -0.000000 -0.000000
v -0.900155 0.071833 0.014289
v -0.899359 0.143666 -0.000000
v -0.900155 0.073240 0.000000
v -0.900155 0.071833 0.014289
v -0.899360 0.140906 0.028028
v -0.898067 0.208571 -0.000000
v -0.899359 0.143666 -0.000000
v -0.899360 0.140906 0.028028
v -0.898067 0.204563 0.040690
v -0.896327 0.291501 -0.000000
v -0.898067 0.208571 -0.000000
v -0.898067 0.204563 0.040690
v -0.896327 0.285900 0.056869
v -0.799497 0.346841 0.143666
v -0.799497 0.368204 0.073240
v -0.874002 0.368204 0.073240
v -0.874002 0.346841 0.143666
v -0.874002 0.312148 0.208571
v -0.799497 0.312148 0.208571
v -0.900155 0.071833 0.014289
v -0.900424 -0.000000 -0.000000
v -0.900155 0.067665 0.028028
v -0.899360 0.140906 0.028028
v -0.900155 0.071833 0.014289
v -0.900155 0.067665 0.028028
v -0.899360 0.132730 0.054979
v -0.898067 0.204563 0.040690
v -0.899360 0.140906 0.028028
v -0.899360 0.132730 0.054979
v -0.898067 0.192694 0.079817
v -0.898067 0.192694 0.079817
v -0.896327 0.269312 0.111553
v -0.900155 0.067665 0.028028
v -0.900424 -0.000000 -0.000000
v -0.900155 0.060897 0.040690
v -0.899360 0.132730 0.054979
v -0.900155 0.067665 0.028028
v -0.900155 0.060897 0.040690
v -0.899360 0.119454 0.079817
v -0.898067 0.192694 0.079817
v -0.899360 0.132730 0.054979
v -0.899360 0.119454 0.079817
v -0.898067 0.173420 0.115876
v -0.898067 0.173420 0.115876
v -0.896327 0.242374 0.161949
v -0.799497 0.265460 0.265460
v -0.874002 0.265460 0.265460
v -0.874002 0.208571 0.312148
v -0.799497 0.208571 0.312148
v -0.900155 0.060897 0.040690
v -0.900424 -0.000000 -0.000000
v -0.900155 0.051789 0.051789
v -0.899360 0.119454 0.079817
v -0.900155 0.060897 0.040690
v -0.900155 0.051789 0.051789
v -0.899360 0.101587 0.101587
v -0.898067 0.173420 0.115876
v -0.899360 0.119454 0.079817
v -0.899360 0.101587 0.101587
v -0.898067 0.147482 0.147482
v -0.898067 0.147482 0.147482
v -0.896327 0.206123 0.206122
v -0.899360 0.101587 0.101587
v -0.900155 0.051789 0.051789
v -0.900155 0.040690 0.060897
v -0.899360 0.079817 0.119454
v -0.898067 0.147482 0.147482
v -0.899360 0.101587 0.101587
v -0.899360 0.079817 0.119454
v -0.898067 0.115876 0.173420
v -0.898067 0.115876 0.173420
v -0.896327 0.161949 0.242374
v -0.874002 0.143666 0.346841
v -0.799497 0.143666 0.346841
v -0.900155 0.051789 0.051789
v -0.900424 -0.000000 -0.000000
v -0.900155 0.040690 0.060897
v -0.900155 0.040690 0.060897
v -0.900424 -0.000000 -0.000000
v -0.900155 0.028028 0.067665
v -0.899360 0.079817 0.119454
v -0.900155 0.040690 0.060897
v -0.900155 0.028028 0.067665
v -0.899360 0.054979 0.132730
v -0.898067 0.115876 0.173420
v -0.899360 0.079817 0.119454
v -0.899360 0.054979 0.132730
v -0.898067 0.079817 0.192694
v -0.898067 0.079817 0.192694
v -0.896327 0.111553 0.269312
v -0.799497 0.073240 0.368204
v -0.874002 0.073240 0.368204
v -0.899360 0.054979 0.132730
v -0.900155 0.028028 0.067665
v -0.900155 0.014289 0.071833
v -0.899360 0.028028 0.140906
v -0.898067 0.079817 0.192694
v -0.899360 0.054979 0.132730
v -0.899360 0.028028 0.140906
v -0.898067 0.040690 0.204563
v -0.898067 0.040690 0.204563
v -0.896327 0.056869 0.285900
v -0.874002 0.000000 0.375418
v -0.799497 0.000000 0.375418
v -0.900155 0.028028 0.067665
v -0.900424 -0.000000 -0.000000
v -0.900155 0.014289 0.071833
v -0.900155 0.014289 0.071833
v -0.900424 -0.000000 -0.000000
v -0.900155 -0.000000 0.073240
v -0.899360 0.028028 0.140906
v -0.900155 0.014289 0.071833
v -0.900155 -0.000000 0.073240
v -0.899360 0.000000 0.143666
v -0.898067 0.040690 0.204563
v -0.899360 0.028028 0.140906
v -0.899360 0.000000 0.143666
v -0.898067 0.000000 0.208571
v -0.898067 0.000000 0.208571
v -0.896327 0.000000 0.291501
v -0.874002 -0.073240 0.368204
v -0.799497 -0.073240 0.368204
v -0.898067 0.000000 0.208571
v -0.899360 0.000000 0.143666
v -0.899360 -0.028028 0.140906
v -0.898067 -0.040690 0.204563
v -0.898067 -0.040690 0.204563
v -0.896327 -0.056869 0.285900
v -0.874002 -0.143666 0.346841
v -0.799497 -0.143666 0.346841
v -0.900155 -0.000000 0.073240
v -0.900424 -0.000000 -0.000000
v -0.900155 -0.014289 0.071833
v -0.899360 0.000000 0.143666
v -0.900155 -0.000000 0.073240
v -0.900155 -0.014289 0.071833
v -0.899360 -0.028028 0.140906
v -0.900155 -0.014289 0.071833
v -0.900424 -0.000000 -0.000000
v -0.900155 -0.028028 0.067665
v -0.899360 -0.028028 0.140906
v -0.900155 -0.014289 0.071833
v -0.900155 -0.028028 0.067665
v -0.899360 -0.054979 0.132730
v -0.898067 -0.040690 0.204563
v -0.899360 -0.028028 0.140906
v -0.899360 -0.054979 0.132730
v -0.898067 -0.079817 0.192694
v -0.898067 -0.079817 0.192694
v -0.896327 -0.111553 0.269312
v -0.874002 -0.208571 0.312148
v -0.799497 -0.208571 0.312148
v -0.898067 -0.115876 0.173420
v -0.896327 -0.161949 0.242374
v -0.799497 -0.265460 0.265460
v -0.874002 -0.265460 0.265460
v -0.900155 -0.028028 0.067665
v -0.900424 -0.000000 -0.000000
v -0.900155 -0.040690 0.060897
v -0.899360 -0.054979 0.132730
v -0.900155 -0.028028 0.067665
v -0.900155 -0.040690 0.060897
v -0.899360 -0.079817 0.119454
v -0.898067 -0.079817 0.192694
v -0.899360 -0.054979 0.132730
v -0.899360 -0.079817 0.119454
v -0.898067 -0.115876 0.173420
v -0.900155 -0.040690 0.060897
v -0.900424 -0.000000 -0.000000
v -0.900155 -0.051789 0.051789
v -0.899360 -0.079817 0.119454
v -0.900155 -0.040690 0.060897
v -0.900155 -0.051789 0.051789
v -0.899360 -0.101587 0.101587
v -0.898067 -0.115876 0.173420
v -0.899360 -0.079817 0.119454
v -0.899360 -0.101587 0.101587
v -0.898067 -0.147482 0.147482
v -0.898067 -0.147482 0.147482
v -0.896327 -0.206122 0.206122
v -0.874002 -0.312148 0.208571
v -0.799497 -0.312148 0.208571
v -0.898067 -0.173420 0.115876
v -0.896327 -0.242374 0.161949
v -0.799497 -0.346841 0.143666
v -0.874002 -0.346841 0.143666
v -0.900155 -0.051789 0.051789
v -0.900424 -0.000000 -0.000000
v -0.900155 -0.060897 0.040690
v -0.899360 -0.101587 0.101587
v -0.900155 -0.051789 0.051789
v -0.900155 -0.060897 0.040690
v -0.899360 -0.119454 0.079817
v -0.898067 -0.147482 0.147482
v -0.899360 -0.101587 0.101587
v -0.899360 -0.119454 0.079817
v -0.898067 -0.173420 0.115876
v -0.900155 -0.060897 0.040690
v -0.900424 -0.000000 -0.000000
v -0.900155 -0.067665 0.028028
v -0.899360 -0.119454 0.079817
v -0.900155 -0.060897 0.040690
v -0.900155 -0.067665 0.028028
v -0.899360 -0.132730 0.054979
v -0.898067 -0.173420 0.115876
v -0.899360 -0.119454 0.079817
v -0.899360 -0.132730 0.054979
v -0.898067 -0.192694 0.079817
v -0.898067 -0.192694 0.079817
v -0.896327 -0.269312 0.111553
v -0.874002 -0.368204 0.073240
v -0.799497 -0.368204 0.073240
v -0.874002 -0.375417 0.000000
v -0.799497 -0.375417 0.000000
v -0.900155 -0.067665 0.028028
v -0.900424 -0.000000 -0.000000
v -0.900155 -0.071833 0.014289
v -0.899360 -0.132730 0.054979
v -0.900155 -0.067665 0.028028
v -0.900155 -0.071833 0.014289
v -0.899360 -0.140906 0.028028
v -0.898067 -0.192694 0.079817
v -0.899360 -0.132730 0.054979
v -0.899360 -0.140906 0.028028
v -0.898067 -0.204563 0.040690
v -0.898067 -0.204563 0.040690
v -0.896327 -0.285900 0.056869
v -0.900155 -0.071833 0.014289
v -0.900424 -0.000000 -0.000000
v -0.900155 -0.073240 0.000000
v -0.899360 -0.140906 0.028028
v -0.900155 -0.071833 0.014289
v -0.900155 -0.073240 0.000000
v -0.899359 -0.143666 0.000000
v -0.898067 -0.204563 0.040690
v -0.899360 -0.140906 0.028028
v -0.899359 -0.143666 0.000000
v -0.898067 -0.208571 0.000000
v -0.898067 -0.208571 0.000000
v -0.896327 -0.291501 0.000000
v -0.799497 -0.368204 -0.073240
v -0.874002 -0.368204 -0.073240
v -0.799497 -0.346841 -0.143666
v -0.874002 -0.346841 -0.143666
v -0.900155 -0.073240 0.000000
v -0.900424 -0.000000 -0.000000
v -0.900155 -0.071833 -0.014289
v -0.899359 -0.143666 0.000000
v -0.900155 -0.073240 0.000000
v -0.900155 -0.071833 -0.014289
v -0.899359 -0.140906 -0.028028
v -0.898067 -0.208571 0.000000
v -0.899359 -0.143666 0.000000
v -0.899359 -0.140906 -0.028028
v -0.898067 -0.204563 -0.040690
v -0.898067 -0.204563 -0.040690
v -0.896327 -0.285900 -0.056869
v -0.899359 -0.140906 -0.028028
v -0.900155 -0.071833 -0.014289
v -0.900155 -0.067665 -0.028028
v -0.899359 -0.132730 -0.054979
v -0.898067 -0.204563 -0.040690
v -0.899359 -0.140906 -0.028028
v -0.899359 -0.132730 -0.054979
v -0.898067 -0.192694 -0.079817
v -0.898067 -0.192694 -0.079817
v -0.896327 -0.269312 -0.111553
v -0.874002 -0.312148 -0.208571
v -0.799497 -0.312148 -0.208571
v -0.900155 -0.071833 -0.014289
v -0.900424 -0.000000 -0.000000
v -0.900155 -0.067665 -0.028028
v -0.900155 -0.067665 -0.028028
v -0.900424 -0.000000 -0.000000
v -0.900155 -0.060897 -0.040690
v -0.899359 -0.132730 -0.054979
v -0.900155 -0.067665 -0.028028
v -0.900155 -0.060897 -0.040690
v -0.899359 -0.119454 -0.079817
v -0.898067 -0.192694 -0.079817
v -0.899359 -0.132730 -0.054979
v -0.899359 -0.119454 -0.079817
v -0.898067 -0.173420 -0.115876
v -0.898067 -0.173420 -0.115876
v -0.896327 -0.242374 -0.161949
v -0.799497 -0.265460 -0.265460
v -0.874002 -0.265460 -0.265460
v -0.898067 -0.173420 -0.115876
v -0.899359 -0.119454 -0.079817
v -0.899359 -0.101587 -0.101587
v -0.898067 -0.147482 -0.147482
v -0.898067 -0.147482 -0.147482
v -0.896327 -0.206122 -0.206122
v -0.799497 -0.208571 -0.312148
v -0.874002 -0.208571 -0.312148
v -0.900155 -0.060897 -0.040690
v -0.900424 -0.000000 -0.000000
v -0.900155 -0.051789 -0.051789
v -0.899359 -0.119454 -0.079817
v -0.900155 -0.060897 -0.040690
v -0.900155 -0.051789 -0.051789
v -0.899359 -0.101587 -0.101587
v -0.900155 -0.051789 -0.051789
v -0.900424 -0.000000 -0.000000
v -0.900155 -0.040690 -0.060897
v -0.899359 -0.101587 -0.101587
v -0.900155 -0.051789 -0.051789
v -0.900155 -0.040690 -0.060897
v -0.899359 -0.079817 -0.119454
v -0.898067 -0.147482 -0.147482
v -0.899359 -0.101587 -0.101587
v -0.899359 -0.079817 -0.119454
v -0.898067 -0.115876 -0.173420
v -0.898067 -0.115876 -0.173420
v -0.896327 -0.161949 -0.242374
v -0.874002 -0.143666 -0.346840
v -0.799497 -0.143666 -0.346840
v -0.898067 -0.115876 -0.173420
v -0.899359 -0.079817 -0.119454
v -0.899359 -0.054979 -0.132730
v -0.898067 -0.079817 -0.192694
v -0.898067 -0.079817 -0.192694
v -0.896327 -0.111553 -0.269312
v -0.799497 -0.073240 -0.368204
v -0.874002 -0.073240 -0.368204
v -0.900155 -0.040690 -0.060897
v -0.900424 -0.000000 -0.000000
v -0.900155 -0.028028 -0.067665
v -0.899359 -0.079817 -0.119454
v -0.900155 -0.040690 -0.060897
v -0.900155 -0.028028 -0.067665
v -0.899359 -0.054979 -0.132730
v -0.900155 -0.028028 -0.067665
v -0.900424 -0.000000 -0.000000
v -0.900155 -0.014289 -0.071833
v -0.899359 -0.054979 -0.132730
v -0.900155 -0.028028 -0.067665
v -0.900155 -0.014289 -0.071833
v -0.899359 -0.028028 -0.140906
v -0.898067 -0.079817 -0.192694
v -0.899359 -0.054979 -0.132730
v -0.899359 -0.028028 -0.140906
v -0.898067 -0.040690 -0.204563
v -0.898067 -0.040690 -0.204563
v -0.896327 -0.056869 -0.285900
v -0.874002 0.000000 -0.375417
v -0.799497 0.000000 -0.375417
v -0.799497 0.312148 -0.208571
v -0.799497 0.265460 -0.265460
v -0.874002 0.265460 -0.265460
v -0.874002 0.312148 -0.208571
v -0.898067 -0.000000 -0.208571
v -0.896327 0.000000 -0.291501
v -0.887898 -0.356035 0.070820
v -0.887898 -0.335378 0.138918
v -0.799497 0.073240 -0.368204
v -0.874002 0.073240 -0.368204
v -0.887898 0.201678 0.301832
v -0.887898 0.256687 0.256687
v -0.887898 0.335378 0.138918
v -0.887898 0.356035 0.070820
v -0.900155 -0.014289 -0.071833
v -0.900424 -0.000000 -0.000000
v -0.900155 0.000000 -0.073240
v -0.896327 0.111553 -0.269312
v -0.887898 0.138918 -0.335377
v -0.887898 0.070820 -0.356035
v -0.896327 0.056869 -0.285900
v -0.899359 -0.028028 -0.140906
v -0.900155 -0.014289 -0.071833
v -0.900155 0.000000 -0.073240
v -0.899359 -0.000000 -0.143666
v -0.898067 -0.040690 -0.204563
v -0.899359 -0.028028 -0.140906
v -0.899359 -0.000000 -0.143666
v -0.898067 -0.000000 -0.208571
v -0.887898 -0.301832 0.201678
v -0.887898 -0.256687 0.256687
v -0.900155 0.000000 -0.073240
v -0.900424 -0.000000 -0.000000
v -0.900155 0.014289 -0.071833
v -0.896327 0.242374 -0.161949
v -0.887898 0.301832 -0.201677
v -0.887898 0.256687 -0.256687
v -0.896327 0.206122 -0.206122
v -0.887899 0.000000 0.363010
v -0.887899 0.070820 0.356035
v -0.899359 -0.000000 -0.143666
v -0.900155 0.000000 -0.073240
v -0.900155 0.014289 -0.071833
v -0.899359 0.028028 -0.140906
v -0.887898 -0.335378 -0.138918
v -0.887898 -0.356035 -0.070820
v -0.898067 -0.000000 -0.208571
v -0.899359 -0.000000 -0.143666
v -0.899359 0.028028 -0.140906
v -0.898067 0.040690 -0.204563
v -0.887898 0.301832 0.201678
v -0.898067 0.040690 -0.204563
v -0.887899 -0.070820 0.356035
v -0.799497 0.143666 -0.346840
v -0.874002 0.143666 -0.346840
v -0.896327 0.161949 -0.242374
v -0.887898 0.201677 -0.301832
v -0.887898 -0.363010 0.000000
v -0.898067 0.079817 -0.192694
v -0.887898 0.000000 -0.363010
v -0.874002 0.208571 -0.312148
v -0.799497 0.208571 -0.312148
v -0.887898 -0.201678 0.301832
v -0.887899 -0.138918 0.335378
v -0.900155 0.014289 -0.071833
v -0.900424 -0.000000 -0.000000
v -0.900155 0.028028 -0.067665
v -0.887898 -0.301832 -0.201678
v -0.899359 0.028028 -0.140906
v -0.900155 0.014289 -0.071833
v -0.900155 0.028028 -0.067665
v -0.899359 0.054979 -0.132730
v -0.898067 0.040690 -0.204563
v -0.899359 0.028028 -0.140906
v -0.899359 0.054979 -0.132730
v -0.898067 0.079817 -0.192694
v -0.900155 0.028028 -0.067665
v -0.900424 -0.000000 -0.000000
v -0.900155 0.040690 -0.060897
v -0.887898 -0.138918 -0.335377
v -0.887898 -0.201677 -0.301832
v -0.799497 0.375418 -0.000000
v -0.799497 0.368204 -0.073240
v -0.874002 0.368204 -0.073240
v -0.874002 0.375418 -0.000000
v -0.899359 0.054979 -0.132730
v -0.900155 0.028028 -0.067665
v -0.900155 0.040690 -0.060897
v -0.899359 0.079817 -0.119454
v -0.887898 -0.256687 -0.256687
v -0.898067 0.079817 -0.192694
v -0.899359 0.054979 -0.132730
v -0.899359 0.079817 -0.119454
v -0.898067 0.115876 -0.173420
v -0.887899 0.138918 0.335378
v -0.898067 0.115876 -0.173420
v -0.896327 0.269312 -0.111553
v -0.887898 0.335377 -0.138918
v -0.900155 0.040690 -0.060897
v -0.900424 -0.000000 -0.000000
v -0.900155 0.051789 -0.051789
v -0.899359 0.079817 -0.119454
v -0.900155 0.040690 -0.060897
v -0.900155 0.051789 -0.051789
v -0.899359 0.101587 -0.101587
v -0.898067 0.115876 -0.173420
v -0.899359 0.079817 -0.119454
v -0.899359 0.101587 -0.101587
v -0.898067 0.147482 -0.147482
v -0.898067 0.147482 -0.147482
v -0.899359 0.101587 -0.101587
v -0.900155 0.051789 -0.051789
v -0.900155 0.060897 -0.040690
v -0.899359 0.119454 -0.079817
v -0.898067 0.147482 -0.147482
v -0.899359 0.101587 -0.101587
v -0.899359 0.119454 -0.079817
v -0.898067 0.173420 -0.115876
v -0.898067 0.173420 -0.115876
v -0.874002 0.346840 -0.143666
v -0.799497 0.346840 -0.143666
v -0.900155 0.051789 -0.051789
v -0.900424 -0.000000 -0.000000
v -0.900155 0.060897 -0.040690
v -0.900155 0.060897 -0.040690
v -0.900424 -0.000000 -0.000000
v -0.900155 0.067665 -0.028028
v -0.896327 0.285900 -0.056869
v -0.887898 0.356035 -0.070820
v -0.899359 0.119454 -0.079817
v -0.900155 0.060897 -0.040690
v -0.900155 0.067665 -0.028028
v -0.899359 0.132730 -0.054979
v -0.898067 0.173420 -0.115876
v -0.899359 0.119454 -0.079817
v -0.899359 0.132730 -0.054979
v -0.898067 0.192694 -0.079817
v -0.898067 0.192694 -0.079817
v -0.899359 0.132730 -0.054979
v -0.900155 0.067665 -0.028028
v -0.900155 0.071833 -0.014289
v -0.899359 0.140906 -0.028028
v -0.898067 0.192694 -0.079817
v -0.899359 0.132730 -0.054979
v -0.899359 0.140906 -0.028028
v -0.898067 0.204563 -0.040690
v -0.898067 0.204563 -0.040690
v -0.887898 0.363010 -0.000000
v -0.900155 0.067665 -0.028028
v -0.900424 -0.000000 -0.000000
v -0.900155 0.071833 -0.014289
v -0.887898 -0.070820 -0.356035
v -0.900155 0.071833 -0.014289
v -0.900424 -0.000000 -0.000000
v -0.900155 0.073240 0.000000
v -0.899359 0.140906 -0.028028
v -0.900155 0.071833 -0.014289
v -0.900155 0.073240 0.000000
v -0.899359 0.143666 -0.000000
v -0.898067 0.204563 -0.040690
v -0.899359 0.140906 -0.028028
v -0.899359 0.143666 -0.000000
v -0.898067 0.208571 -0.000000
vn -1.0000 0.0037 0.0004
vn -0.9999 0.0113 0.0011
vn -0.9998 0.0199 0.0020
vn -0.9998 0.0199 0.0019
vn -0.9974 0.0707 0.0141
vn -0.9974 0.0721 -0.0000
vn -0.9998 0.0204 -0.0000
vn -0.9998 0.0201 0.0040
vn -0.3492 0.8657 0.3586
vn -0.0000 0.9239 0.3827
vn -0.0000 0.9808 0.1951
vn -0.3492 0.9190 0.1828
vn -0.3492 0.7791 0.5206
vn -0.0000 0.8315 0.5556
vn -1.0000 0.0035 0.0011
vn -0.9999 0.0109 0.0033
vn -0.9998 0.0192 0.0058
vn -0.9974 0.0666 0.0276
vn -0.9998 0.0189 0.0078
vn -1.0000 0.0033 0.0017
vn -0.9999 0.0100 0.0053
vn -0.9999 0.0100 0.0054
vn -0.9998 0.0177 0.0094
vn -0.9974 0.0599 0.0401
vn -0.9998 0.0172 0.0115
vn -0.3492 0.6626 0.6626
vn -0.0000 0.7071 0.7071
vn -0.3492 0.5206 0.7791
vn -0.0000 0.5556 0.8315
vn -1.0000 0.0029 0.0023
vn -0.9999 0.0088 0.0072
vn -0.9998 0.0155 0.0127
vn -0.9974 0.0510 0.0510
vn -0.9998 0.0148 0.0148
vn -0.9999 0.0072 0.0088
vn -0.9998 0.0127 0.0155
vn -0.9974 0.0401 0.0599
vn -0.9998 0.0113 0.0170
vn -0.3492 0.3586 0.8657
vn -0.0000 0.3827 0.9239
vn -1.0000 0.0023 0.0029
vn -1.0000 0.0017 0.0033
vn -0.9999 0.0053 0.0100
vn -0.9998 0.0094 0.0177
vn -0.9974 0.0276 0.0666
vn -0.9998 0.0078 0.0189
vn -0.3492 0.1828 0.9190
vn -0.0000 0.1951 0.9808
vn -0.9999 0.0033 0.0109
vn -0.9998 0.0058 0.0192
vn -0.9974 0.0141 0.0707
vn -0.9998 0.0040 0.0201
vn -0.3492 -0.0000 0.9370
vn -0.0000 -0.0000 1.0000
vn -1.0000 0.0011 0.0035
vn -1.0000 0.0004 0.0037
vn -0.9999 0.0011 0.0113
vn -0.9998 0.0020 0.0199
vn -0.9974 -0.0000 0.0721
vn -0.9998 -0.0000 0.0204
vn -0.3492 -0.1828 0.9190
vn -0.0000 -0.1951 0.9808
vn -0.9998 -0.0020 0.0199
vn -0.9974 -0.0141 0.0707
vn -0.9998 -0.0040 0.0201
vn -0.3492 -0.3586 0.8657
vn -0.0000 -0.3827 0.9239
vn -1.0000 -0.0004 0.0037
vn -0.9999 -0.0011 0.0113
vn -1.0000 -0.0011 0.0035
vn -0.9999 -0.0033 0.0109
vn -0.9998 -0.0058 0.0191
vn -0.9998 -0.0058 0.0192
vn -0.9974 -0.0276 0.0666
vn -0.9998 -0.0078 0.0189
vn -0.3492 -0.5206 0.7791
vn -0.0000 -0.5556 0.8315
vn -0.9974 -0.0401 0.0599
vn -0.9998 -0.0114 0.0170
vn -0.3492 -0.6626 0.6626
vn -0.0000 -0.7071 0.7071
vn -1.0000 -0.0017 0.0033
vn -0.9999 -0.0053 0.0100
vn -0.9998 -0.0094 0.0177
vn -1.0000 -0.0023 0.0029
vn -0.9999 -0.0072 0.0088
vn -0.9998 -0.0127 0.0155
vn -0.9974 -0.0510 0.0510
vn -0.9998 -0.0148 0.0148
vn -0.3492 -0.7791 0.5206
vn -0.0000 -0.8315 0.5556
vn -0.9974 -0.0599 0.0401
vn -0.9998 -0.0172 0.0115
vn -0.3492 -0.8657 0.3586
vn -0.0000 -0.9239 0.3827
vn -1.0000 -0.0029 0.0023
vn -0.9999 -0.0088 0.0072
vn -0.9998 -0.0155 0.0127
vn -1.0000 -0.0033 0.0017
vn -0.9999 -0.0100 0.0053
vn -0.9999 -0.0100 0.0054
vn -0.9998 -0.0177 0.0094
vn -0.9974 -0.0666 0.0276
vn -0.9998 -0.0189 0.0078
vn -0.3492 -0.9190 0.1828
vn -0.0000 -0.9808 0.1951
vn -0.3492 -0.9370 -0.0000
vn -0.0000 -1.0000 -0.0000
vn -1.0000 -0.0035 0.0011
vn -0.9999 -0.0109 0.0033
vn -0.9998 -0.0192 0.0058
vn -0.9974 -0.0707 0.0141
vn -0.9998 -0.0201 0.0040
vn -1.0000 -0.0037 0.0004
vn -0.9999 -0.0113 0.0011
vn -0.9998 -0.0199 0.0020
vn -0.9998 -0.0199 0.0019
vn -0.9974 -0.0721 -0.0000
vn -0.9998 -0.0205 -0.0000
vn -0.3492 -0.9190 -0.1828
vn -0.0000 -0.9808 -0.1951
vn -0.3492 -0.8657 -0.3586
vn -0.0000 -0.9239 -0.3827
vn -1.0000 -0.0037 -0.0004
vn -0.9999 -0.0113 -0.0011
vn -0.9998 -0.0199 -0.0020
vn -0.9974 -0.0707 -0.0141
vn -0.9998 -0.0201 -0.0040
vn -0.9999 -0.0109 -0.0033
vn -0.9998 -0.0191 -0.0058
vn -0.9974 -0.0666 -0.0276
vn -0.9998 -0.0189 -0.0078
vn -0.3492 -0.7791 -0.5206
vn -0.0000 -0.8315 -0.5556
vn -1.0000 -0.0035 -0.0011
vn -1.0000 -0.0033 -0.0017
vn -0.9999 -0.0100 -0.0054
vn -0.9998 -0.0176 -0.0094
vn -0.9974 -0.0599 -0.0401
vn -0.9998 -0.0172 -0.0115
vn -0.3492 -0.6626 -0.6626
vn -0.0000 -0.7071 -0.7071
vn -0.9998 -0.0155 -0.0127
vn -0.9974 -0.0510 -0.0510
vn -0.9998 -0.0148 -0.0148
vn -0.3492 -0.5206 -0.7791
vn -0.0000 -0.5556 -0.8315
vn -1.0000 -0.0029 -0.0023
vn -0.9999 -0.0088 -0.0072
vn -1.0000 -0.0023 -0.0029
vn -0.9999 -0.0072 -0.0088
vn -0.9998 -0.0127 -0.0155
vn -0.9974 -0.0401 -0.0599
vn -0.9998 -0.0113 -0.0170
vn -0.3492 -0.3586 -0.8657
vn -0.0000 -0.3827 -0.9239
vn -0.9998 -0.0094 -0.0176
vn -0.9974 -0.0276 -0.0666
vn -0.9998 -0.0078 -0.0189
vn -0.3492 -0.1828 -0.9190
vn -0.0000 -0.1951 -0.9808
vn -1.0000 -0.0017 -0.0033
vn -0.9999 -0.0054 -0.0100
vn -1.0000 -0.0011 -0.0035
vn -0.9999 -0.0033 -0.0109
vn -0.9998 -0.0058 -0.0191
vn -0.9974 -0.0141 -0.0707
vn -0.9998 -0.0040 -0.0201
vn -0.3492 -0.0000 -0.9370
vn -0.0000 -0.0000 -1.0000
vn -0.3492 0.7791 -0.5206
vn -0.0000 0.8315 -0.5556
vn -0.0000 0.7071 -0.7071
vn -0.3492 0.6626 -0.6626
vn -0.9974 -0.0000 -0.0721
vn -0.9998 -0.0000 -0.0204
vn -0.8781 -0.4693 0.0934
vn -0.8781 -0.4421 0.1831
vn -0.3492 0.1828 -0.9190
vn -0.0000 0.1951 -0.9808
vn -0.8781 0.2659 0.3979
vn -0.8781 0.3384 0.3384
vn -0.8781 0.4421 0.1831
vn -0.8781 0.4693 0.0934
vn -1.0000 -0.0004 -0.0037
vn -0.9974 0.0141 -0.0707
vn -0.9974 0.0276 -0.0666
vn -0.8781 0.1831 -0.4421
vn -0.8781 0.0934 -0.4693
vn -0.9999 -0.0011 -0.0113
vn -0.9998 -0.0020 -0.0199
vn -0.8781 -0.3979 0.2659
vn -0.8781 -0.3384 0.3384
vn -1.0000 0.0004 -0.0037
vn -0.9974 0.0510 -0.0510
vn -0.9974 0.0599 -0.0401
vn -0.8781 0.3979 -0.2658
vn -0.8781 0.3384 -0.3384
vn -0.8781 -0.0000 0.4785
vn -0.8781 0.0934 0.4693
vn -0.9999 0.0011 -0.0113
vn -0.8781 -0.4421 -0.1831
vn -0.8781 -0.4693 -0.0934
vn -0.9998 0.0020 -0.0199
vn -0.8781 0.3979 0.2659
vn -0.9998 0.0040 -0.0201
vn -0.8781 -0.0934 0.4693
vn -0.3492 0.3586 -0.8657
vn -0.0000 0.3827 -0.9239
vn -0.9974 0.0401 -0.0599
vn -0.8781 0.2658 -0.3979
vn -0.8781 -0.4785 -0.0000
vn -0.9998 0.0078 -0.0189
vn -0.8781 -0.0000 -0.4785
vn -0.3492 0.5206 -0.7791
vn -0.0000 0.5556 -0.8315
vn -0.8781 -0.2659 0.3979
vn -0.8781 -0.1831 0.4421
vn -1.0000 0.0011 -0.0035
vn -0.8781 -0.3979 -0.2659
vn -0.9999 0.0033 -0.0109
vn -0.9998 0.0058 -0.0191
vn -1.0000 0.0017 -0.0033
vn -0.8781 -0.1831 -0.4421
vn -0.8781 -0.2658 -0.3979
vn -0.3492 0.9370 -0.0000
vn -0.0000 1.0000 -0.0000
vn -0.0000 0.9808 -0.1951
vn -0.3492 0.9190 -0.1828
vn -0.9999 0.0054 -0.0100
vn -0.8781 -0.3384 -0.3384
vn -0.9998 0.0094 -0.0176
vn -0.8781 0.1831 0.4421
vn -0.9998 0.0114 -0.0170
vn -0.9974 0.0666 -0.0276
vn -0.8781 0.4421 -0.1831
vn -1.0000 0.0023 -0.0029
vn -0.9999 0.0072 -0.0088
vn -0.9998 0.0127 -0.0155
vn -0.9998 0.0148 -0.0148
vn -0.9999 0.0088 -0.0072
vn -0.9998 0.0155 -0.0127
vn -0.9998 0.0172 -0.0115
vn -0.3492 0.8657 -0.3586
vn -0.0000 0.9239 -0.3827
vn -1.0000 0.0029 -0.0023
vn -1.0000 0.0033 -0.0017
vn -0.9974 0.0707 -0.0141
vn -0.8781 0.4693 -0.0934
vn -0.9999 0.0100 -0.0054
vn -0.9998 0.0176 -0.0094
vn -0.9998 0.0189 -0.0078
vn -0.9999 0.0109 -0.0033
vn -0.9998 0.0191 -0.0058
vn -0.9998 0.0201 -0.0040
vn -0.8781 0.4785 -0.0000
vn -1.0000 0.0035 -0.0011
vn -0.8781 -0.0934 -0.4693
vn -1.0000 0.0037 -0.0004
vn -0.9999 0.0113 -0.0011
vn -0.9998 0.0199 -0.0020
vt 0.169959 0.821569
vt 0.169004 0.829755
vt 0.171536 0.821912
vt 0.173964 0.814379
vt 0.170874 0.813709
vt 0.176197 0.807445
vt 0.171714 0.806474
vt 0.179043 0.798592
vt 0.172780 0.797238
vt 0.189897 0.792184
vt 0.194441 0.784046
vt 0.185122 0.779725
vt 0.182162 0.788911
vt 0.196743 0.797027
vt 0.202963 0.789709
vt 0.173017 0.822555
vt 0.176866 0.815639
vt 0.180406 0.809270
vt 0.184926 0.801139
vt 0.174343 0.823475
vt 0.179466 0.817439
vt 0.184179 0.811879
vt 0.190191 0.804785
vt 0.202645 0.802980
vt 0.209878 0.797227
vt 0.207185 0.810052
vt 0.215518 0.805601
vt 0.175466 0.824636
vt 0.181668 0.819711
vt 0.187374 0.815172
vt 0.194654 0.809374
vt 0.183386 0.822370
vt 0.176342 0.825993
vt 0.189869 0.819025
vt 0.198134 0.814748
vt 0.210257 0.817840
vt 0.219556 0.815122
vt 0.176936 0.827496
vt 0.184555 0.825313
vt 0.191569 0.823292
vt 0.200511 0.820701
vt 0.211918 0.826071
vt 0.221148 0.825275
vt 0.185129 0.828429
vt 0.177226 0.829086
vt 0.192408 0.827811
vt 0.201702 0.827004
vt 0.211824 0.834493
vt 0.221191 0.835364
vt 0.177200 0.830703
vt 0.185084 0.831600
vt 0.192352 0.832412
vt 0.201638 0.833425
vt 0.210138 0.842756
vt 0.219303 0.845432
vt 0.191400 0.836920
vt 0.184422 0.834705
vt 0.200325 0.839726
vt 0.206855 0.850584
vt 0.215455 0.855081
vt 0.176860 0.832285
vt 0.176216 0.833771
vt 0.183165 0.837623
vt 0.189582 0.841163
vt 0.197798 0.845668
vt 0.202049 0.857603
vt 0.209680 0.863962
vt 0.194146 0.851013
vt 0.186965 0.844974
vt 0.196011 0.863654
vt 0.201953 0.871108
vt 0.175295 0.835102
vt 0.181360 0.840241
vt 0.174130 0.836229
vt 0.179075 0.842457
vt 0.183649 0.848201
vt 0.189516 0.855544
vt 0.188815 0.868247
vt 0.193305 0.876953
vt 0.184076 0.859080
vt 0.179762 0.850718
vt 0.180924 0.871480
vt 0.183528 0.880548
vt 0.172768 0.837106
vt 0.176400 0.844184
vt 0.171260 0.837700
vt 0.173437 0.845354
vt 0.175453 0.852423
vt 0.178042 0.861479
vt 0.172491 0.872970
vt 0.173413 0.882610
vt 0.163956 0.872751
vt 0.162778 0.882692
vt 0.169664 0.837988
vt 0.170302 0.845920
vt 0.170892 0.853248
vt 0.171652 0.862632
vt 0.168044 0.837958
vt 0.167116 0.845862
vt 0.166258 0.853161
vt 0.165155 0.862503
vt 0.155605 0.870966
vt 0.152453 0.880123
vt 0.147760 0.867537
vt 0.143100 0.875747
vt 0.166460 0.837612
vt 0.164005 0.845180
vt 0.161731 0.852167
vt 0.158810 0.861109
vt 0.161088 0.843902
vt 0.164975 0.836964
vt 0.157492 0.850305
vt 0.152875 0.858496
vt 0.140876 0.862543
vt 0.134431 0.869961
vt 0.163646 0.836038
vt 0.158479 0.842080
vt 0.153703 0.847650
vt 0.147584 0.854764
vt 0.135012 0.856430
vt 0.127391 0.862201
vt 0.150510 0.844310
vt 0.156279 0.839784
vt 0.143121 0.850083
vt 0.130443 0.849273
vt 0.122103 0.853468
vt 0.162523 0.834870
vt 0.161651 0.833506
vt 0.154570 0.837104
vt 0.148033 0.840413
vt 0.139666 0.844631
vt 0.127487 0.841362
vt 0.118148 0.843952
vt 0.146368 0.836111
vt 0.153419 0.834144
vt 0.137354 0.838613
vt 0.125976 0.833043
vt 0.116583 0.833742
vt 0.161062 0.831998
vt 0.160779 0.830406
vt 0.152868 0.831018
vt 0.145575 0.831571
vt 0.136253 0.832266
vt 0.126300 0.824586
vt 0.116583 0.823357
vt 0.149502 0.791500
vt 0.145356 0.783340
vt 0.136768 0.788536
vt 0.142453 0.796022
vt 0.136423 0.825828
vt 0.145683 0.826968
vt 0.172337 0.870798
vt 0.180326 0.869378
vt 0.128105 0.816353
vt 0.119112 0.813235
vt 0.205280 0.811019
vt 0.200964 0.804315
vt 0.188844 0.794058
vt 0.181502 0.790932
vt 0.160812 0.828789
vt 0.137831 0.819554
vt 0.140431 0.813686
vt 0.133370 0.809700
vt 0.130143 0.817029
vt 0.152938 0.827848
vt 0.187831 0.866325
vt 0.194647 0.861943
vt 0.161159 0.827211
vt 0.148754 0.804026
vt 0.154141 0.800589
vt 0.150470 0.793406
vt 0.143776 0.797698
vt 0.209694 0.834256
vt 0.209776 0.826263
vt 0.153623 0.824753
vt 0.148851 0.865647
vt 0.156282 0.868898
vt 0.146685 0.822477
vt 0.195364 0.798641
vt 0.208083 0.842111
vt 0.131506 0.808620
vt 0.123418 0.804027
vt 0.144126 0.808450
vt 0.138033 0.803226
vt 0.164222 0.870601
vt 0.148541 0.818273
vt 0.128419 0.824855
vt 0.136435 0.801825
vt 0.129121 0.795479
vt 0.200394 0.856214
vt 0.204958 0.849539
vt 0.161807 0.825730
vt 0.142296 0.860927
vt 0.154898 0.821853
vt 0.162731 0.824405
vt 0.129556 0.840792
vt 0.132386 0.848314
vt 0.173964 0.787066
vt 0.175032 0.777769
vt 0.164733 0.777365
vt 0.165557 0.787039
vt 0.156712 0.819259
vt 0.136716 0.855104
vt 0.151177 0.814514
vt 0.208215 0.818431
vt 0.160091 0.798268
vt 0.157882 0.790540
vt 0.163895 0.823286
vt 0.158994 0.817069
vt 0.154491 0.811342
vt 0.161658 0.815365
vt 0.165254 0.822415
vt 0.158353 0.808874
vt 0.157319 0.788483
vt 0.154616 0.779468
vt 0.166756 0.821825
vt 0.166382 0.797141
vt 0.165726 0.789159
vt 0.164601 0.814211
vt 0.162620 0.807204
vt 0.167713 0.813652
vt 0.168345 0.821540
vt 0.167130 0.806394
vt 0.173713 0.789204
vt 0.128136 0.832879
s 0
usemtl DefaultMaterial
f 6646/4758/2947 6647/4759/2947 6648/4760/2947
f 6652/4761/2948 6649/4762/2948 6650/4758/2948
f 6650/4758/2948 6651/4760/2948 6652/4761/2948
f 6656/4763/2949 6653/4764/2949 6654/4762/2949
f 6654/4762/2950 6655/4761/2950 6656/4763/2950
s 1
f 6660/4765/2951 6657/4766/2952 6658/4764/2953
f 6658/4764/2953 6659/4763/2954 6660/4765/2951
f 6664/4767/2955 6661/4768/2956 6662/4769/2957
f 6662/4769/2957 6663/4770/2958 6664/4767/2955
f 6664/4767/2955 6665/4771/2959 6666/4772/2960
f 6666/4772/2960 6661/4768/2956 6664/4767/2955
s 0
f 6667/4760/2961 6668/4759/2961 6669/4773/2961
f 6673/4774/2962 6670/4761/2962 6671/4760/2962
f 6671/4760/2962 6672/4773/2962 6673/4774/2962
f 6677/4775/2963 6674/4763/2963 6675/4761/2963
f 6675/4761/2963 6676/4774/2963 6677/4775/2963
s 1
f 6679/4776/2964 6660/4765/2951 6659/4763/2954
f 6659/4763/2954 6678/4775/2965 6679/4776/2964
s 0
f 6680/4773/2966 6681/4759/2966 6682/4777/2966
f 6686/4778/2967 6683/4774/2967 6684/4773/2967
f 6684/4773/2968 6685/4777/2968 6686/4778/2968
f 6690/4779/2969 6687/4775/2969 6688/4774/2969
f 6688/4774/2969 6689/4778/2969 6690/4779/2969
s 1
f 6692/4780/2970 6679/4776/2964 6678/4775/2965
f 6678/4775/2965 6691/4779/2971 6692/4780/2970
f 6694/4781/2972 6693/4782/2973 6666/4772/2960
f 6666/4772/2960 6665/4771/2959 6694/4781/2972
f 6694/4781/2972 6695/4783/2974 6696/4784/2975
f 6696/4784/2975 6693/4782/2973 6694/4781/2972
s 0
f 6697/4777/2976 6698/4759/2976 6699/4785/2976
f 6703/4786/2977 6700/4778/2977 6701/4777/2977
f 6701/4777/2977 6702/4785/2977 6703/4786/2977
f 6707/4787/2978 6704/4779/2978 6705/4778/2978
f 6705/4778/2978 6706/4786/2978 6707/4787/2978
s 1
f 6709/4788/2979 6692/4780/2970 6691/4779/2971
f 6691/4779/2971 6708/4787/2980 6709/4788/2979
s 0
f 6713/4789/2981 6710/4786/2981 6711/4785/2981
f 6711/4785/2981 6712/4790/2981 6713/4789/2981
f 6717/4791/2982 6714/4787/2982 6715/4786/2982
f 6715/4786/2982 6716/4789/2982 6717/4791/2982
s 1
f 6719/4792/2983 6709/4788/2979 6708/4787/2980
f 6708/4787/2980 6718/4791/2984 6719/4792/2983
f 6695/4783/2974 6720/4793/2985 6721/4794/2986
f 6721/4794/2986 6696/4784/2975 6695/4783/2974
s 0
f 6722/4785/2987 6723/4759/2987 6724/4790/2987
f 6725/4790/2988 6726/4759/2988 6727/4795/2988
f 6731/4796/2989 6728/4789/2989 6729/4790/2989
f 6729/4790/2989 6730/4795/2989 6731/4796/2989
f 6735/4797/2990 6732/4791/2990 6733/4789/2990
f 6733/4789/2990 6734/4796/2990 6735/4797/2990
s 1
f 6737/4798/2991 6719/4792/2983 6718/4791/2984
f 6718/4791/2984 6736/4797/2992 6737/4798/2991
f 6739/4799/2993 6738/4800/2994 6721/4794/2986
f 6721/4794/2986 6720/4793/2985 6739/4799/2993
s 0
f 6743/4801/2995 6740/4796/2995 6741/4795/2995
f 6741/4795/2995 6742/4802/2995 6743/4801/2995
f 6747/4803/2996 6744/4797/2996 6745/4796/2996
f 6745/4796/2996 6746/4801/2996 6747/4803/2996
s 1
f 6749/4804/2997 6737/4798/2991 6736/4797/2992
f 6736/4797/2992 6748/4803/2998 6749/4804/2997
f 6739/4799/2993 6750/4805/2999 6751/4806/3000
f 6751/4806/3000 6738/4800/2994 6739/4799/2993
s 0
f 6752/4795/3001 6753/4759/3001 6754/4802/3001
f 6755/4802/3002 6756/4759/3002 6757/4807/3002
f 6761/4808/3003 6758/4801/3003 6759/4802/3003
f 6759/4802/3003 6760/4807/3003 6761/4808/3003
f 6765/4809/3004 6762/4803/3004 6763/4801/3004
f 6763/4801/3004 6764/4808/3004 6765/4809/3004
s 1
f 6767/4810/3005 6749/4804/2997 6748/4803/2998
f 6748/4803/2998 6766/4809/3006 6767/4810/3005
f 6750/4805/2999 6768/4811/3007 6769/4812/3008
f 6769/4812/3008 6751/4806/3000 6750/4805/2999
s 0
f 6773/4813/3009 6770/4809/3009 6771/4808/3009
f 6771/4808/3009 6772/4814/3009 6773/4813/3009
s 1
f 6775/4815/3010 6767/4810/3005 6766/4809/3006
f 6766/4809/3006 6774/4813/3011 6775/4815/3010
f 6768/4811/3007 6776/4816/3012 6777/4817/3013
f 6777/4817/3013 6769/4812/3008 6768/4811/3007
s 0
f 6778/4807/3014 6779/4759/3014 6780/4818/3014
f 6784/4814/3015 6781/4808/3015 6782/4807/3015
f 6782/4807/3015 6783/4818/3015 6784/4814/3015
f 6785/4818/3016 6786/4759/3016 6787/4819/3016
f 6791/4820/3017 6788/4814/3017 6789/4818/3017
f 6789/4818/3017 6790/4819/3017 6791/4820/3017
f 6795/4821/3018 6792/4813/3018 6793/4814/3018
s 1
f 6793/4814/3019 6794/4820/3019 6795/4821/3019
f 6797/4822/3020 6775/4815/3010 6774/4813/3011
f 6774/4813/3011 6796/4821/3021 6797/4822/3020
f 6776/4816/3012 6798/4823/3022 6799/4824/3023
f 6799/4824/3023 6777/4817/3013 6776/4816/3012
f 6801/4825/3024 6797/4822/3020 6796/4821/3021
f 6796/4821/3021 6800/4826/3025 6801/4825/3024
f 6803/4827/3026 6802/4828/3027 6799/4824/3023
f 6799/4824/3023 6798/4823/3022 6803/4827/3026
s 0
f 6804/4819/3028 6805/4759/3028 6806/4829/3028
f 6810/4830/3029 6807/4820/3029 6808/4819/3029
f 6808/4819/3029 6809/4829/3029 6810/4830/3029
f 6814/4826/3030 6811/4821/3030 6812/4820/3030
f 6812/4820/3030 6813/4830/3030 6814/4826/3030
f 6815/4829/3031 6816/4759/3031 6817/4831/3031
f 6821/4832/3032 6818/4830/3032 6819/4829/3032
f 6819/4829/3032 6820/4831/3032 6821/4832/3032
f 6825/4833/3033 6822/4826/3033 6823/4830/3033
f 6823/4830/3033 6824/4832/3033 6825/4833/3033
s 1
f 6827/4834/3034 6801/4825/3024 6800/4826/3025
f 6800/4826/3025 6826/4833/3035 6827/4834/3034
f 6803/4827/3026 6828/4835/3036 6829/4836/3037
f 6829/4836/3037 6802/4828/3027 6803/4827/3026
f 6831/4837/3038 6827/4834/3034 6826/4833/3035
f 6826/4833/3035 6830/4838/3039 6831/4837/3038
f 6833/4839/3040 6832/4840/3041 6829/4836/3037
f 6829/4836/3037 6828/4835/3036 6833/4839/3040
s 0
f 6834/4831/3042 6835/4759/3042 6836/4841/3042
f 6840/4842/3043 6837/4832/3043 6838/4831/3043
f 6838/4831/3043 6839/4841/3043 6840/4842/3043
f 6844/4838/3044 6841/4833/3044 6842/4832/3044
f 6842/4832/3044 6843/4842/3044 6844/4838/3044
f 6845/4841/3045 6846/4759/3045 6847/4843/3045
f 6851/4844/3046 6848/4842/3046 6849/4841/3046
f 6849/4841/3047 6850/4843/3047 6851/4844/3047
f 6855/4845/3048 6852/4838/3048 6853/4842/3048
f 6853/4842/3048 6854/4844/3048 6855/4845/3048
s 1
f 6857/4846/3049 6831/4837/3038 6830/4838/3039
f 6830/4838/3039 6856/4845/3050 6857/4846/3049
f 6833/4839/3040 6858/4847/3051 6859/4848/3052
f 6859/4848/3052 6832/4840/3041 6833/4839/3040
f 6858/4847/3051 6860/4849/3053 6861/4850/3054
f 6861/4850/3054 6859/4848/3052 6858/4847/3051
s 0
f 6862/4843/3055 6863/4759/3055 6864/4851/3055
s 1
f 6868/4852/3056 6865/4844/3056 6866/4843/3056
s 0
f 6866/4843/3056 6867/4851/3056 6868/4852/3056
f 6872/4853/3057 6869/4845/3057 6870/4844/3057
f 6870/4844/3057 6871/4852/3057 6872/4853/3057
s 1
f 6874/4854/3058 6857/4846/3049 6856/4845/3050
f 6856/4845/3050 6873/4853/3059 6874/4854/3058
s 0
f 6875/4851/3060 6876/4759/3060 6877/4855/3060
f 6881/4856/3061 6878/4852/3061 6879/4851/3061
f 6879/4851/3061 6880/4855/3061 6881/4856/3061
f 6885/4857/3062 6882/4853/3062 6883/4852/3062
f 6883/4852/3063 6884/4856/3063 6885/4857/3063
s 1
f 6887/4858/3064 6874/4854/3058 6873/4853/3059
f 6873/4853/3059 6886/4857/3065 6887/4858/3064
f 6889/4859/3066 6888/4860/3067 6861/4850/3054
f 6861/4850/3054 6860/4849/3053 6889/4859/3066
f 6891/4861/3068 6890/4862/3069 6888/4860/3067
f 6888/4860/3067 6889/4859/3066 6891/4861/3068
s 0
f 6892/4855/3070 6893/4759/3070 6894/4863/3070
f 6898/4864/3071 6895/4856/3071 6896/4855/3071
f 6896/4855/3071 6897/4863/3071 6898/4864/3071
f 6902/4865/3072 6899/4857/3072 6900/4856/3072
f 6900/4856/3072 6901/4864/3072 6902/4865/3072
s 1
f 6904/4866/3073 6887/4858/3064 6886/4857/3065
f 6886/4857/3065 6903/4865/3074 6904/4866/3073
s 0
f 6908/4867/3075 6905/4864/3075 6906/4863/3075
s 1
f 6906/4863/3075 6907/4868/3075 6908/4867/3075
s 0
f 6912/4869/3076 6909/4865/3076 6910/4864/3076
f 6910/4864/3076 6911/4867/3076 6912/4869/3076
s 1
f 6914/4870/3077 6904/4866/3073 6903/4865/3074
f 6903/4865/3074 6913/4869/3078 6914/4870/3077
f 6891/4861/3068 6915/4871/3079 6916/4872/3080
f 6916/4872/3080 6890/4862/3069 6891/4861/3068
s 0
f 6917/4863/3081 6918/4759/3081 6919/4868/3081
f 6920/4868/3082 6921/4759/3082 6922/4873/3082
f 6926/4874/3083 6923/4867/3083 6924/4868/3083
f 6924/4868/3083 6925/4873/3083 6926/4874/3083
f 6930/4875/3084 6927/4869/3084 6928/4867/3084
f 6928/4867/3084 6929/4874/3084 6930/4875/3084
s 1
f 6932/4876/3085 6914/4870/3077 6913/4869/3078
f 6913/4869/3078 6931/4875/3086 6932/4876/3085
f 6934/4877/3087 6933/4878/3088 6916/4872/3080
f 6916/4872/3080 6915/4871/3079 6934/4877/3087
s 0
f 6938/4879/3089 6935/4875/3089 6936/4874/3089
f 6936/4874/3089 6937/4880/3089 6938/4879/3089
s 1
f 6940/4881/3090 6932/4876/3085 6931/4875/3086
f 6931/4875/3086 6939/4879/3091 6940/4881/3090
f 6942/4882/3092 6941/4883/3093 6933/4878/3088
f 6933/4878/3088 6934/4877/3087 6942/4882/3092
s 0
f 6943/4873/3094 6944/4759/3094 6945/4884/3094
f 6949/4880/3095 6946/4874/3095 6947/4873/3095
f 6947/4873/3095 6948/4884/3095 6949/4880/3095
f 6950/4884/3096 6951/4759/3096 6952/4885/3096
f 6956/4886/3097 6953/4880/3097 6954/4884/3097
f 6954/4884/3097 6955/4885/3097 6956/4886/3097
f 6960/4887/3098 6957/4879/3098 6958/4880/3098
f 6958/4880/3098 6959/4886/3098 6960/4887/3098
s 1
f 6962/4888/3099 6940/4881/3090 6939/4879/3091
f 6939/4879/3091 6961/4887/3100 6962/4888/3099
f 6942/4882/3092 6963/4889/3101 6964/4890/3102
f 6964/4890/3102 6941/4883/3093 6942/4882/3092
s 0
f 6968/4891/3103 6965/4887/3103 6966/4886/3103
f 6966/4886/3103 6967/4892/3103 6968/4891/3103
s 1
f 6970/4893/3104 6962/4888/3099 6961/4887/3100
f 6961/4887/3100 6969/4891/3105 6970/4893/3104
f 6972/4894/3106 6971/4895/3107 6964/4890/3102
f 6964/4890/3102 6963/4889/3101 6972/4894/3106
s 0
f 6973/4885/3108 6974/4759/3108 6975/4896/3108
s 1
f 6979/4892/3109 6976/4886/3109 6977/4885/3109
s 0
f 6977/4885/3109 6978/4896/3109 6979/4892/3109
f 6980/4896/3110 6981/4759/3110 6982/4897/3110
s 1
f 6986/4898/3111 6983/4892/3111 6984/4896/3111
f 6984/4896/3111 6985/4897/3111 6986/4898/3111
s 0
f 6990/4899/3112 6987/4891/3112 6988/4892/3112
f 6988/4892/3112 6989/4898/3112 6990/4899/3112
s 1
f 6992/4900/3113 6970/4893/3104 6969/4891/3105
f 6969/4891/3105 6991/4899/3114 6992/4900/3113
f 6972/4894/3106 6993/4901/3115 6994/4902/3116
f 6994/4902/3116 6971/4895/3107 6972/4894/3106
f 6998/4903/3117 6995/4904/3118 6996/4905/3119
f 6996/4905/3119 6997/4906/3120 6998/4903/3117
f 7000/4907/3121 6992/4900/3113 6991/4899/3114
f 6991/4899/3114 6999/4908/3122 7000/4907/3121
f 6857/4846/3049 6874/4854/3058 7001/4909/3123
f 7001/4909/3123 7002/4910/3124 6857/4846/3049
f 7004/4911/3125 7003/4912/3126 6994/4902/3116
f 6994/4902/3116 6993/4901/3115 7004/4911/3125
f 6709/4788/2979 6719/4792/2983 7005/4913/3127
f 7005/4913/3127 7006/4914/3128 6709/4788/2979
f 6660/4765/2951 6679/4776/2964 7007/4915/3129
f 7007/4915/3129 7008/4916/3130 6660/4765/2951
s 0
f 7009/4897/3131 7010/4759/3131 7011/4917/3131
s 1
f 7015/4918/3132 7012/4919/3133 7013/4920/3134
f 7013/4920/3134 7014/4921/3135 7015/4918/3132
s 0
f 7019/4922/3136 7016/4898/3136 7017/4897/3136
f 7017/4897/3136 7018/4917/3136 7019/4922/3136
f 7023/4908/3137 7020/4899/3137 7021/4898/3137
f 7021/4898/3137 7022/4922/3137 7023/4908/3137
s 1
f 6827/4834/3034 6831/4837/3038 7024/4923/3138
f 7024/4923/3138 7025/4924/3139 6827/4834/3034
s 0
f 7026/4917/3140 7027/4759/3140 7028/4925/3140
s 1
f 7032/4926/3141 7029/4927/3142 7030/4928/3143
f 7030/4928/3143 7031/4929/3144 7032/4926/3141
f 6749/4804/2997 6767/4810/3005 7033/4930/3145
f 7033/4930/3145 7034/4931/3146 6749/4804/2997
s 0
f 7038/4932/3147 7035/4922/3147 7036/4917/3147
f 7036/4917/3147 7037/4925/3147 7038/4932/3147
s 1
f 6904/4866/3073 6914/4870/3077 7039/4933/3148
f 7039/4933/3148 7040/4934/3149 6904/4866/3073
s 0
f 7044/4935/3150 7041/4908/3150 7042/4922/3150
s 1
f 7042/4922/3150 7043/4932/3150 7044/4935/3150
f 6692/4780/2970 6709/4788/2979 7006/4914/3128
f 7006/4914/3128 7045/4936/3151 6692/4780/2970
f 7015/4918/3132 7000/4907/3121 6999/4908/3122
f 6999/4908/3122 7046/4935/3152 7015/4918/3132
f 6767/4810/3005 6775/4815/3010 7047/4937/3153
f 7047/4937/3153 7033/4930/3145 6767/4810/3005
f 7049/4938/3154 7048/4939/3155 7003/4912/3126
f 7003/4912/3126 7004/4911/3125 7049/4938/3154
f 7012/4919/3133 7050/4940/3156 7051/4941/3157
f 7051/4941/3157 7013/4920/3134 7012/4919/3133
f 6874/4854/3058 6887/4858/3064 7052/4942/3158
f 7052/4942/3158 7001/4909/3123 6874/4854/3058
f 7012/4919/3133 7015/4918/3132 7046/4935/3152
f 7046/4935/3152 7053/4943/3159 7012/4919/3133
f 7000/4907/3121 7015/4918/3132 7014/4921/3135
f 7014/4921/3135 7054/4944/3160 7000/4907/3121
f 7049/4938/3154 7055/4945/3161 7056/4946/3162
f 7056/4946/3162 7048/4939/3155 7049/4938/3154
f 6797/4822/3020 6801/4825/3024 7057/4947/3163
f 7057/4947/3163 7058/4948/3164 6797/4822/3020
f 6679/4776/2964 6692/4780/2970 7045/4936/3151
f 7045/4936/3151 7007/4915/3129 6679/4776/2964
f 7050/4940/3156 7032/4926/3141 7031/4929/3144
f 7031/4929/3144 7051/4941/3157 7050/4940/3156
s 0
f 7059/4925/3165 7060/4759/3165 7061/4949/3165
s 1
f 6775/4815/3010 6797/4822/3020 7058/4948/3164
f 7058/4948/3164 7047/4937/3153 6775/4815/3010
f 6914/4870/3077 6932/4876/3085 7062/4950/3166
f 7062/4950/3166 7039/4933/3148 6914/4870/3077
s 0
f 7066/4951/3167 7063/4932/3167 7064/4925/3167
f 7064/4925/3167 7065/4949/3167 7066/4951/3167
s 1
f 6831/4837/3038 6857/4846/3049 7002/4910/3124
f 7002/4910/3124 7024/4923/3138 6831/4837/3038
s 0
f 7070/4943/3168 7067/4935/3168 7068/4932/3168
f 7068/4932/3168 7069/4951/3168 7070/4943/3168
s 1
f 6887/4858/3064 6904/4866/3073 7040/4934/3149
f 7040/4934/3149 7052/4942/3158 6887/4858/3064
s 0
f 7071/4949/3169 7072/4759/3169 7073/4952/3169
s 1
f 6962/4888/3099 6970/4893/3104 7074/4953/3170
f 7074/4953/3170 7075/4954/3171 6962/4888/3099
f 7079/4955/3172 7076/4956/3173 7077/4957/3174
f 7077/4957/3174 7078/4958/3175 7079/4955/3172
s 0
f 7083/4959/3176 7080/4951/3176 7081/4949/3176
f 7081/4949/3176 7082/4952/3176 7083/4959/3176
s 1
f 6940/4881/3090 6962/4888/3099 7075/4954/3171
f 7075/4954/3171 7084/4960/3177 6940/4881/3090
s 0
f 7088/4961/3178 7085/4943/3178 7086/4951/3178
f 7086/4951/3178 7087/4959/3178 7088/4961/3178
s 1
f 6719/4792/2983 6737/4798/2991 7089/4962/3179
f 7089/4962/3179 7005/4913/3127 6719/4792/2983
f 7050/4940/3156 7012/4919/3133 7053/4943/3159
f 7053/4943/3159 7090/4961/3180 7050/4940/3156
f 6801/4825/3024 6827/4834/3034 7025/4924/3139
f 7025/4924/3139 7057/4947/3163 6801/4825/3024
f 6997/4906/3120 6996/4905/3119 7056/4946/3162
f 7056/4946/3162 7055/4945/3161 6997/4906/3120
f 7029/4927/3142 7091/4963/3181 7092/4964/3182
f 7092/4964/3182 7030/4928/3143 7029/4927/3142
s 0
f 7093/4952/3183 7094/4759/3183 7095/4965/3183
s 1
f 7079/4955/3172 6663/4770/2958 6662/4769/2957
f 6662/4769/2957 7076/4956/3173 7079/4955/3172
s 0
f 7099/4966/3184 7096/4959/3184 7097/4952/3184
f 7097/4952/3184 7098/4965/3184 7099/4966/3184
f 7103/4967/3185 7100/4961/3185 7101/4959/3185
f 7101/4959/3185 7102/4966/3185 7103/4967/3185
s 1
f 7032/4926/3141 7050/4940/3156 7090/4961/3180
f 7090/4961/3180 7104/4967/3186 7032/4926/3141
f 6932/4876/3085 6940/4881/3090 7084/4960/3177
f 7084/4960/3177 7062/4950/3166 6932/4876/3085
s 0
f 7108/4968/3187 7105/4966/3187 7106/4965/3187
f 7106/4965/3187 7107/4969/3187 7108/4968/3187
f 7112/4970/3188 7109/4967/3188 7110/4966/3188
f 7110/4966/3188 7111/4968/3188 7112/4970/3188
s 1
f 7029/4927/3142 7032/4926/3141 7104/4967/3186
f 7104/4967/3186 7113/4970/3189 7029/4927/3142
f 6998/4903/3117 7114/4971/3190 7115/4972/3191
f 7115/4972/3191 6995/4904/3118 6998/4903/3117
s 0
f 7116/4965/3192 7117/4759/3192 7118/4969/3192
f 7119/4969/3193 7120/4759/3193 7121/4973/3193
s 1
f 7091/4963/3181 7122/4974/3194 7123/4975/3195
f 7123/4975/3195 7092/4964/3182 7091/4963/3181
s 0
f 7127/4976/3196 7124/4968/3196 7125/4969/3196
f 7125/4969/3196 7126/4973/3196 7127/4976/3196
f 7131/4977/3197 7128/4970/3197 7129/4968/3197
f 7129/4968/3197 7130/4976/3197 7131/4977/3197
s 1
f 7091/4963/3181 7029/4927/3142 7113/4970/3189
f 7113/4970/3189 7132/4977/3198 7091/4963/3181
f 7114/4971/3190 7078/4958/3175 7077/4957/3174
f 7077/4957/3174 7115/4972/3191 7114/4971/3190
f 7136/4978/3199 7133/4976/3199 7134/4973/3199
s 0
f 7134/4973/3199 7135/4979/3199 7136/4978/3199
f 7140/4980/3200 7137/4977/3200 7138/4976/3200
f 7138/4976/3200 7139/4978/3200 7140/4980/3200
s 1
f 7122/4974/3194 7091/4963/3181 7132/4977/3198
f 7132/4977/3198 7141/4980/3201 7122/4974/3194
f 6657/4766/2952 6660/4765/2951 7008/4916/3130
f 7008/4916/3130 7142/4981/3202 6657/4766/2952
s 0
f 7143/4973/3203 7144/4759/3203 7145/4979/3203
s 1
f 6970/4893/3104 6992/4900/3113 7146/4982/3204
f 7146/4982/3204 7074/4953/3170 6970/4893/3104
f 6737/4798/2991 6749/4804/2997 7034/4931/3146
f 7034/4931/3146 7089/4962/3179 6737/4798/2991
s 0
f 7147/4979/3205 7148/4759/3205 7149/4758/3205
s 1
f 6992/4900/3113 7000/4907/3121 7054/4944/3160
f 7054/4944/3160 7146/4982/3204 6992/4900/3113
s 0
f 7153/4762/3206 7150/4978/3206 7151/4979/3206
f 7151/4979/3206 7152/4758/3206 7153/4762/3206
f 7157/4764/3207 7154/4980/3207 7155/4978/3207
f 7155/4978/3207 7156/4762/3207 7157/4764/3207
s 1
f 6657/4766/2952 7122/4974/3194 7141/4980/3201
f 7141/4980/3201 6658/4764/2953 6657/4766/2952
f 7008/4916/3130 6663/4770/2958 7079/4955/3172
f 7079/4955/3172 7142/4981/3202 7008/4916/3130
f 7007/4915/3129 6664/4767/2955 6663/4770/2958
f 6663/4770/2958 7008/4916/3130 7007/4915/3129
f 6664/4767/2955 7007/4915/3129 7045/4936/3151
f 7045/4936/3151 6665/4771/2959 6664/4767/2955
f 7006/4914/3128 6694/4781/2972 6665/4771/2959
f 6665/4771/2959 7045/4936/3151 7006/4914/3128
f 6694/4781/2972 7006/4914/3128 7005/4913/3127
f 7005/4913/3127 6695/4783/2974 6694/4781/2972
f 7089/4962/3179 6720/4793/2985 6695/4783/2974
f 6695/4783/2974 7005/4913/3127 7089/4962/3179
f 7034/4931/3146 6739/4799/2993 6720/4793/2985
f 6720/4793/2985 7089/4962/3179 7034/4931/3146
f 7033/4930/3145 6750/4805/2999 6739/4799/2993
f 6739/4799/2993 7034/4931/3146 7033/4930/3145
f 7047/4937/3153 6768/4811/3007 6750/4805/2999
f 6750/4805/2999 7033/4930/3145 7047/4937/3153
f 7058/4948/3164 6776/4816/3012 6768/4811/3007
f 6768/4811/3007 7047/4937/3153 7058/4948/3164
f 7057/4947/3163 6798/4823/3022 6776/4816/3012
f 6776/4816/3012 7058/4948/3164 7057/4947/3163
f 7025/4924/3139 6803/4827/3026 6798/4823/3022
f 6798/4823/3022 7057/4947/3163 7025/4924/3139
f 7024/4923/3138 6828/4835/3036 6803/4827/3026
f 6803/4827/3026 7025/4924/3139 7024/4923/3138
f 7002/4910/3124 6833/4839/3040 6828/4835/3036
f 6828/4835/3036 7024/4923/3138 7002/4910/3124
f 7001/4909/3123 6858/4847/3051 6833/4839/3040
f 6833/4839/3040 7002/4910/3124 7001/4909/3123
f 6858/4847/3051 7001/4909/3123 7052/4942/3158
f 7052/4942/3158 6860/4849/3053 6858/4847/3051
f 7040/4934/3149 6889/4859/3066 6860/4849/3053
f 6860/4849/3053 7052/4942/3158 7040/4934/3149
f 6889/4859/3066 7040/4934/3149 7039/4933/3148
f 7039/4933/3148 6891/4861/3068 6889/4859/3066
f 7062/4950/3166 6915/4871/3079 6891/4861/3068
f 6891/4861/3068 7039/4933/3148 7062/4950/3166
f 7084/4960/3177 6934/4877/3087 6915/4871/3079
f 6915/4871/3079 7062/4950/3166 7084/4960/3177
f 7075/4954/3171 6942/4882/3092 6934/4877/3087
f 6934/4877/3087 7084/4960/3177 7075/4954/3171
f 7074/4953/3170 6963/4889/3101 6942/4882/3092
f 6942/4882/3092 7075/4954/3171 7074/4953/3170
f 7146/4982/3204 6972/4894/3106 6963/4889/3101
f 6963/4889/3101 7074/4953/3170 7146/4982/3204
f 7054/4944/3160 6993/4901/3115 6972/4894/3106
f 6972/4894/3106 7146/4982/3204 7054/4944/3160
f 7014/4921/3135 7004/4911/3125 6993/4901/3115
f 6993/4901/3115 7054/4944/3160 7014/4921/3135
f 7013/4920/3134 7049/4938/3154 7004/4911/3125
f 7004/4911/3125 7014/4921/3135 7013/4920/3134
f 7051/4941/3157 7055/4945/3161 7049/4938/3154
f 7049/4938/3154 7013/4920/3134 7051/4941/3157
f 7031/4929/3144 6997/4906/3120 7055/4945/3161
f 7055/4945/3161 7051/4941/3157 7031/4929/3144
f 6997/4906/3120 7031/4929/3144 7030/4928/3143
f 7030/4928/3143 6998/4903/3117 6997/4906/3120
f 7092/4964/3182 7114/4971/3190 6998/4903/3117
f 6998/4903/3117 7030/4928/3143 7092/4964/3182
f 7123/4975/3195 7078/4958/3175 7114/4971/3190
f 7114/4971/3190 7092/4964/3182 7123/4975/3195
f 7142/4981/3202 7079/4955/3172 7078/4958/3175
f 7078/4958/3175 7123/4975/3195 7142/4981/3202
f 7122/4974/3194 6657/4766/2952 7142/4981/3202
f 7142/4981/3202 7123/4975/3195 7122/4974/3194
o defaultMaterial.025
v 0.073240 -0.900155 -0.000000
v -0.000001 -0.900424 0.000000
v 0.071833 -0.900155 -0.014289
v 0.143666 -0.899359 -0.000000
v 0.073240 -0.900155 -0.000000
v 0.071833 -0.900155 -0.014289
v 0.140905 -0.899359 -0.028028
v 0.208570 -0.898066 -0.000000
v 0.143666 -0.899359 -0.000000
v 0.140905 -0.899359 -0.028028
v 0.204563 -0.898066 -0.040690
v 0.291501 -0.896326 -0.000000
v 0.208570 -0.898066 -0.000000
v 0.204563 -0.898066 -0.040690
v 0.285899 -0.896326 -0.056869
v 0.346840 -0.799497 -0.143666
v 0.368203 -0.799497 -0.073240
v 0.368203 -0.874001 -0.073240
v 0.346840 -0.874001 -0.143666
v 0.312148 -0.874001 -0.208571
v 0.312148 -0.799497 -0.208571
v 0.071833 -0.900155 -0.014289
v -0.000001 -0.900424 0.000000
v 0.067665 -0.900155 -0.028028
v 0.140905 -0.899359 -0.028028
v 0.071833 -0.900155 -0.014289
v 0.067665 -0.900155 -0.028028
v 0.132730 -0.899359 -0.054979
v 0.204563 -0.898066 -0.040690
v 0.140905 -0.899359 -0.028028
v 0.132730 -0.899359 -0.054979
v 0.192694 -0.898066 -0.079817
v 0.192694 -0.898066 -0.079817
v 0.269311 -0.896326 -0.111553
v 0.067665 -0.900155 -0.028028
v -0.000001 -0.900424 0.000000
v 0.060897 -0.900155 -0.040690
v 0.132730 -0.899359 -0.054979
v 0.067665 -0.900155 -0.028028
v 0.060897 -0.900155 -0.040690
v 0.119453 -0.899359 -0.079817
v 0.192694 -0.898066 -0.079817
v 0.132730 -0.899359 -0.054979
v 0.119453 -0.899359 -0.079817
v 0.173420 -0.898066 -0.115876
v 0.173420 -0.898066 -0.115876
v 0.242374 -0.896326 -0.161949
v 0.265460 -0.799497 -0.265460
v 0.265460 -0.874001 -0.265460
v 0.208570 -0.874001 -0.312148
v 0.208570 -0.799497 -0.312148
v 0.060897 -0.900155 -0.040690
v -0.000001 -0.900424 0.000000
v 0.051788 -0.900155 -0.051789
v 0.119453 -0.899359 -0.079817
v 0.060897 -0.900155 -0.040690
v 0.051788 -0.900155 -0.051789
v 0.101587 -0.899359 -0.101587
v 0.173420 -0.898066 -0.115876
v 0.119453 -0.899359 -0.079817
v 0.101587 -0.899359 -0.101587
v 0.147481 -0.898066 -0.147482
v 0.147481 -0.898066 -0.147482
v 0.206122 -0.896326 -0.206123
v 0.101587 -0.899359 -0.101587
v 0.051788 -0.900155 -0.051789
v 0.040690 -0.900155 -0.060897
v 0.079816 -0.899359 -0.119454
v 0.147481 -0.898066 -0.147482
v 0.101587 -0.899359 -0.101587
v 0.079816 -0.899359 -0.119454
v 0.115875 -0.898066 -0.173420
v 0.115875 -0.898066 -0.173420
v 0.161949 -0.896326 -0.242374
v 0.143665 -0.874001 -0.346841
v 0.143665 -0.799497 -0.346841
v 0.051788 -0.900155 -0.051789
v -0.000001 -0.900424 0.000000
v 0.040690 -0.900155 -0.060897
v 0.040690 -0.900155 -0.060897
v -0.000001 -0.900424 0.000000
v 0.028027 -0.900155 -0.067665
v 0.079816 -0.899359 -0.119454
v 0.040690 -0.900155 -0.060897
v 0.028027 -0.900155 -0.067665
v 0.054978 -0.899359 -0.132730
v 0.115875 -0.898066 -0.173420
v 0.079816 -0.899359 -0.119454
v 0.054978 -0.899359 -0.132730
v 0.079816 -0.898066 -0.192694
v 0.079816 -0.898066 -0.192694
v 0.111552 -0.896326 -0.269312
v 0.073240 -0.799497 -0.368204
v 0.073240 -0.874001 -0.368204
v 0.054978 -0.899359 -0.132730
v 0.028027 -0.900155 -0.067665
v 0.014288 -0.900155 -0.071833
v 0.028027 -0.899359 -0.140906
v 0.079816 -0.898066 -0.192694
v 0.054978 -0.899359 -0.132730
v 0.028027 -0.899359 -0.140906
v 0.040689 -0.898066 -0.204563
v 0.040689 -0.898066 -0.204563
v 0.056868 -0.896326 -0.285900
v -0.000001 -0.874001 -0.375418
v -0.000001 -0.799497 -0.375418
v 0.028027 -0.900155 -0.067665
v -0.000001 -0.900424 0.000000
v 0.014288 -0.900155 -0.071833
v 0.014288 -0.900155 -0.071833
v -0.000001 -0.900424 0.000000
v -0.000001 -0.900155 -0.073241
v 0.028027 -0.899359 -0.140906
v 0.014288 -0.900155 -0.071833
v -0.000001 -0.900155 -0.073241
v -0.000001 -0.899359 -0.143666
v 0.040689 -0.898066 -0.204563
v 0.028027 -0.899359 -0.140906
v -0.000001 -0.899359 -0.143666
v -0.000001 -0.898066 -0.208571
v -0.000001 -0.898066 -0.208571
v -0.000001 -0.896326 -0.291501
v -0.073241 -0.874001 -0.368204
v -0.073241 -0.799497 -0.368204
v -0.000001 -0.898066 -0.208571
v -0.000001 -0.899359 -0.143666
v -0.028029 -0.899359 -0.140906
v -0.040691 -0.898066 -0.204563
v -0.040691 -0.898066 -0.204563
v -0.056870 -0.896326 -0.285900
v -0.143667 -0.874001 -0.346841
v -0.143667 -0.799497 -0.346841
v -0.000001 -0.900155 -0.073241
v -0.000001 -0.900424 0.000000
v -0.014289 -0.900155 -0.071833
v -0.000001 -0.899359 -0.143666
v -0.000001 -0.900155 -0.073241
v -0.014289 -0.900155 -0.071833
v -0.028029 -0.899359 -0.140906
v -0.014289 -0.900155 -0.071833
v -0.000001 -0.900424 0.000000
v -0.028029 -0.900155 -0.067665
v -0.028029 -0.899359 -0.140906
v -0.014289 -0.900155 -0.071833
v -0.028029 -0.900155 -0.067665
v -0.054979 -0.899359 -0.132730
v -0.040691 -0.898066 -0.204563
v -0.028029 -0.899359 -0.140906
v -0.054979 -0.899359 -0.132730
v -0.079817 -0.898066 -0.192694
v -0.079817 -0.898066 -0.192694
v -0.111553 -0.896326 -0.269312
v -0.208572 -0.874001 -0.312148
v -0.208571 -0.799497 -0.312148
v -0.115876 -0.898066 -0.173420
v -0.161950 -0.896326 -0.242374
v -0.265461 -0.799497 -0.265460
v -0.265461 -0.874001 -0.265460
v -0.028029 -0.900155 -0.067665
v -0.000001 -0.900424 0.000000
v -0.040691 -0.900155 -0.060897
v -0.054979 -0.899359 -0.132730
v -0.028029 -0.900155 -0.067665
v -0.040691 -0.900155 -0.060897
v -0.079817 -0.899359 -0.119454
v -0.079817 -0.898066 -0.192694
v -0.054979 -0.899359 -0.132730
v -0.079817 -0.899359 -0.119454
v -0.115876 -0.898066 -0.173420
v -0.040691 -0.900155 -0.060897
v -0.000001 -0.900424 0.000000
v -0.051789 -0.900155 -0.051789
v -0.079817 -0.899359 -0.119454
v -0.040691 -0.900155 -0.060897
v -0.051789 -0.900155 -0.051789
v -0.101588 -0.899359 -0.101587
v -0.115876 -0.898066 -0.173420
v -0.079817 -0.899359 -0.119454
v -0.101588 -0.899359 -0.101587
v -0.147482 -0.898066 -0.147482
v -0.147482 -0.898066 -0.147482
v -0.206123 -0.896326 -0.206122
v -0.312149 -0.874001 -0.208571
v -0.312149 -0.799497 -0.208571
v -0.173421 -0.898066 -0.115876
v -0.242375 -0.896326 -0.161949
v -0.346841 -0.799497 -0.143666
v -0.346841 -0.874001 -0.143666
v -0.051789 -0.900155 -0.051789
v -0.000001 -0.900424 0.000000
v -0.060898 -0.900155 -0.040690
v -0.101588 -0.899359 -0.101587
v -0.051789 -0.900155 -0.051789
v -0.060898 -0.900155 -0.040690
v -0.119455 -0.899359 -0.079817
v -0.147482 -0.898066 -0.147482
v -0.101588 -0.899359 -0.101587
v -0.119455 -0.899359 -0.079817
v -0.173421 -0.898066 -0.115876
v -0.060898 -0.900155 -0.040690
v -0.000001 -0.900424 0.000000
v -0.067666 -0.900155 -0.028028
v -0.119455 -0.899359 -0.079817
v -0.060898 -0.900155 -0.040690
v -0.067666 -0.900155 -0.028028
v -0.132731 -0.899359 -0.054979
v -0.173421 -0.898066 -0.115876
v -0.119455 -0.899359 -0.079817
v -0.132731 -0.899359 -0.054979
v -0.192695 -0.898066 -0.079817
v -0.192695 -0.898066 -0.079817
v -0.269313 -0.896326 -0.111553
v -0.368205 -0.874001 -0.073240
v -0.368205 -0.799497 -0.073240
v -0.375418 -0.874001 -0.000000
v -0.375418 -0.799497 -0.000000
v -0.067666 -0.900155 -0.028028
v -0.000001 -0.900424 0.000000
v -0.071834 -0.900155 -0.014289
v -0.132731 -0.899359 -0.054979
v -0.067666 -0.900155 -0.028028
v -0.071834 -0.900155 -0.014289
v -0.140906 -0.899359 -0.028028
v -0.192695 -0.898066 -0.079817
v -0.132731 -0.899359 -0.054979
v -0.140906 -0.899359 -0.028028
v -0.204564 -0.898066 -0.040690
v -0.204564 -0.898066 -0.040690
v -0.285901 -0.896326 -0.056869
v -0.071834 -0.900155 -0.014289
v -0.000001 -0.900424 0.000000
v -0.073241 -0.900155 -0.000000
v -0.140906 -0.899359 -0.028028
v -0.071834 -0.900155 -0.014289
v -0.073241 -0.900155 -0.000000
v -0.143667 -0.899359 -0.000000
v -0.204564 -0.898066 -0.040690
v -0.140906 -0.899359 -0.028028
v -0.143667 -0.899359 -0.000000
v -0.208572 -0.898066 -0.000000
v -0.208572 -0.898066 -0.000000
v -0.291502 -0.896326 -0.000000
v -0.368205 -0.799497 0.073240
v -0.368205 -0.874001 0.073240
v -0.346841 -0.799497 0.143666
v -0.346841 -0.874001 0.143666
v -0.073241 -0.900155 -0.000000
v -0.000001 -0.900424 0.000000
v -0.071834 -0.900155 0.014289
v -0.143667 -0.899359 -0.000000
v -0.073241 -0.900155 -0.000000
v -0.071834 -0.900155 0.014289
v -0.140906 -0.899359 0.028028
v -0.208572 -0.898066 -0.000000
v -0.143667 -0.899359 -0.000000
v -0.140906 -0.899359 0.028028
v -0.204564 -0.898066 0.040690
v -0.204564 -0.898066 0.040690
v -0.285901 -0.896326 0.056869
v -0.140906 -0.899359 0.028028
v -0.071834 -0.900155 0.014289
v -0.067666 -0.900155 0.028028
v -0.132731 -0.899359 0.054979
v -0.204564 -0.898066 0.040690
v -0.140906 -0.899359 0.028028
v -0.132731 -0.899359 0.054979
v -0.192695 -0.898066 0.079817
v -0.192695 -0.898066 0.079817
v -0.269312 -0.896326 0.111553
v -0.312149 -0.874001 0.208571
v -0.312149 -0.799497 0.208571
v -0.071834 -0.900155 0.014289
v -0.000001 -0.900424 0.000000
v -0.067666 -0.900155 0.028028
v -0.067666 -0.900155 0.028028
v -0.000001 -0.900424 0.000000
v -0.060898 -0.900155 0.040690
v -0.132731 -0.899359 0.054979
v -0.067666 -0.900155 0.028028
v -0.060898 -0.900155 0.040690
v -0.119455 -0.899359 0.079817
v -0.192695 -0.898066 0.079817
v -0.132731 -0.899359 0.054979
v -0.119455 -0.899359 0.079817
v -0.173421 -0.898066 0.115876
v -0.173421 -0.898066 0.115876
v -0.242375 -0.896326 0.161949
v -0.265461 -0.799497 0.265460
v -0.265461 -0.874001 0.265460
v -0.173421 -0.898066 0.115876
v -0.119455 -0.899359 0.079817
v -0.101588 -0.899359 0.101587
v -0.147482 -0.898066 0.147482
v -0.147482 -0.898066 0.147482
v -0.206123 -0.896326 0.206122
v -0.208571 -0.799497 0.312148
v -0.208571 -0.874001 0.312148
v -0.060898 -0.900155 0.040690
v -0.000001 -0.900424 0.000000
v -0.051789 -0.900155 0.051789
v -0.119455 -0.899359 0.079817
v -0.060898 -0.900155 0.040690
v -0.051789 -0.900155 0.051789
v -0.101588 -0.899359 0.101587
v -0.051789 -0.900155 0.051789
v -0.000001 -0.900424 0.000000
v -0.040691 -0.900155 0.060897
v -0.101588 -0.899359 0.101587
v -0.051789 -0.900155 0.051789
v -0.040691 -0.900155 0.060897
v -0.079817 -0.899359 0.119454
v -0.147482 -0.898066 0.147482
v -0.101588 -0.899359 0.101587
v -0.079817 -0.899359 0.119454
v -0.115876 -0.898066 0.173420
v -0.115876 -0.898066 0.173420
v -0.161950 -0.896326 0.242374
v -0.143667 -0.874001 0.346840
v -0.143667 -0.799497 0.346840
v -0.115876 -0.898066 0.173420
v -0.079817 -0.899359 0.119454
v -0.054979 -0.899359 0.132730
v -0.079817 -0.898066 0.192694
v -0.079817 -0.898066 0.192694
v -0.111553 -0.896326 0.269312
v -0.073241 -0.799497 0.368204
v -0.073241 -0.874001 0.368204
v -0.040691 -0.900155 0.060897
v -0.000001 -0.900424 0.000000
v -0.028028 -0.900155 0.067665
v -0.079817 -0.899359 0.119454
v -0.040691 -0.900155 0.060897
v -0.028028 -0.900155 0.067665
v -0.054979 -0.899359 0.132730
v -0.028028 -0.900155 0.067665
v -0.000001 -0.900424 0.000000
v -0.014289 -0.900155 0.071833
v -0.054979 -0.899359 0.132730
v -0.028028 -0.900155 0.067665
v -0.014289 -0.900155 0.071833
v -0.028028 -0.899359 0.140906
v -0.079817 -0.898066 0.192694
v -0.054979 -0.899359 0.132730
v -0.028028 -0.899359 0.140906
v -0.040691 -0.898066 0.204563
v -0.040691 -0.898066 0.204563
v -0.056870 -0.896326 0.285900
v -0.000001 -0.874001 0.375417
v -0.000001 -0.799497 0.375417
v 0.312147 -0.799497 0.208571
v 0.265460 -0.799497 0.265460
v 0.265460 -0.874001 0.265460
v 0.312147 -0.874001 0.208571
v -0.000001 -0.898066 0.208571
v -0.000001 -0.896326 0.291501
v -0.356036 -0.887898 -0.070820
v -0.335378 -0.887898 -0.138918
v 0.073240 -0.799497 0.368204
v 0.073240 -0.874001 0.368204
v 0.201677 -0.887898 -0.301832
v 0.256686 -0.887898 -0.256687
v 0.335377 -0.887898 -0.138918
v 0.356034 -0.887898 -0.070820
v -0.014289 -0.900155 0.071833
v -0.000001 -0.900424 0.000000
v -0.000001 -0.900155 0.073240
v 0.111552 -0.896326 0.269312
v 0.138917 -0.887898 0.335377
v 0.070819 -0.887898 0.356035
v 0.056868 -0.896326 0.285900
v -0.028028 -0.899359 0.140906
v -0.014289 -0.900155 0.071833
v -0.000001 -0.900155 0.073240
v -0.000001 -0.899359 0.143666
v -0.040691 -0.898066 0.204563
v -0.028028 -0.899359 0.140906
v -0.000001 -0.899359 0.143666
v -0.000001 -0.898066 0.208571
v -0.301833 -0.887898 -0.201678
v -0.256688 -0.887898 -0.256687
v -0.000001 -0.900155 0.073240
v -0.000001 -0.900424 0.000000
v 0.014288 -0.900155 0.071833
v 0.242374 -0.896326 0.161949
v 0.301831 -0.887898 0.201677
v 0.256686 -0.887898 0.256687
v 0.206122 -0.896326 0.206122
v -0.000001 -0.887898 -0.363010
v 0.070819 -0.887898 -0.356035
v -0.000001 -0.899359 0.143666
v -0.000001 -0.900155 0.073240
v 0.014288 -0.900155 0.071833
v 0.028027 -0.899359 0.140906
v -0.335378 -0.887898 0.138918
v -0.356036 -0.887898 0.070820
v -0.000001 -0.898066 0.208571
v -0.000001 -0.899359 0.143666
v 0.028027 -0.899359 0.140906
v 0.040689 -0.898066 0.204563
v 0.301831 -0.887898 -0.201678
v 0.040689 -0.898066 0.204563
v -0.070821 -0.887898 -0.356035
v 0.143665 -0.799497 0.346840
v 0.143665 -0.874001 0.346840
v 0.161949 -0.896326 0.242374
v 0.201677 -0.887898 0.301832
v -0.363011 -0.887898 -0.000000
v 0.079816 -0.898066 0.192694
v -0.000001 -0.887898 0.363010
v 0.208570 -0.874001 0.312148
v 0.208570 -0.799497 0.312148
v -0.201678 -0.887898 -0.301832
v -0.138919 -0.887898 -0.335378
v 0.014288 -0.900155 0.071833
v -0.000001 -0.900424 0.000000
v 0.028027 -0.900155 0.067665
v -0.301832 -0.887898 0.201678
v 0.028027 -0.899359 0.140906
v 0.014288 -0.900155 0.071833
v 0.028027 -0.900155 0.067665
v 0.054978 -0.899359 0.132730
v 0.040689 -0.898066 0.204563
v 0.028027 -0.899359 0.140906
v 0.054978 -0.899359 0.132730
v 0.079816 -0.898066 0.192694
v 0.028027 -0.900155 0.067665
v -0.000001 -0.900424 0.000000
v 0.040690 -0.900155 0.060897
v -0.138918 -0.887898 0.335377
v -0.201678 -0.887898 0.301832
v 0.375417 -0.799497 -0.000000
v 0.368203 -0.799497 0.073240
v 0.368203 -0.874001 0.073240
v 0.375417 -0.874001 -0.000000
v 0.054978 -0.899359 0.132730
v 0.028027 -0.900155 0.067665
v 0.040690 -0.900155 0.060897
v 0.079816 -0.899359 0.119454
v -0.256687 -0.887898 0.256687
v 0.079816 -0.898066 0.192694
v 0.054978 -0.899359 0.132730
v 0.079816 -0.899359 0.119454
v 0.115875 -0.898066 0.173420
v 0.138917 -0.887898 -0.335378
v 0.115875 -0.898066 0.173420
v 0.269311 -0.896326 0.111552
v 0.335377 -0.887898 0.138918
v 0.040690 -0.900155 0.060897
v -0.000001 -0.900424 0.000000
v 0.051788 -0.900155 0.051789
v 0.079816 -0.899359 0.119454
v 0.040690 -0.900155 0.060897
v 0.051788 -0.900155 0.051789
v 0.101587 -0.899359 0.101587
v 0.115875 -0.898066 0.173420
v 0.079816 -0.899359 0.119454
v 0.101587 -0.899359 0.101587
v 0.147481 -0.898066 0.147482
v 0.147481 -0.898066 0.147482
v 0.101587 -0.899359 0.101587
v 0.051788 -0.900155 0.051789
v 0.060897 -0.900155 0.040690
v 0.119453 -0.899359 0.079817
v 0.147481 -0.898066 0.147482
v 0.101587 -0.899359 0.101587
v 0.119453 -0.899359 0.079817
v 0.173420 -0.898066 0.115876
v 0.173420 -0.898066 0.115876
v 0.346840 -0.874001 0.143666
v 0.346840 -0.799497 0.143666
v 0.051788 -0.900155 0.051789
v -0.000001 -0.900424 0.000000
v 0.060897 -0.900155 0.040690
v 0.060897 -0.900155 0.040690
v -0.000001 -0.900424 0.000000
v 0.067665 -0.900155 0.028028
v 0.285899 -0.896326 0.056869
v 0.356034 -0.887898 0.070820
v 0.119453 -0.899359 0.079817
v 0.060897 -0.900155 0.040690
v 0.067665 -0.900155 0.028028
v 0.132730 -0.899359 0.054979
v 0.173420 -0.898066 0.115876
v 0.119453 -0.899359 0.079817
v 0.132730 -0.899359 0.054979
v 0.192694 -0.898066 0.079817
v 0.192694 -0.898066 0.079817
v 0.132730 -0.899359 0.054979
v 0.067665 -0.900155 0.028028
v 0.071832 -0.900155 0.014288
v 0.140905 -0.899359 0.028028
v 0.192694 -0.898066 0.079817
v 0.132730 -0.899359 0.054979
v 0.140905 -0.899359 0.028028
v 0.204562 -0.898066 0.040690
v 0.204562 -0.898066 0.040690
v 0.363009 -0.887898 -0.000000
v 0.067665 -0.900155 0.028028
v -0.000001 -0.900424 0.000000
v 0.071832 -0.900155 0.014288
v -0.070820 -0.887898 0.356035
v 0.071832 -0.900155 0.014288
v -0.000001 -0.900424 0.000000
v 0.073240 -0.900155 -0.000000
v 0.140905 -0.899359 0.028028
v 0.071832 -0.900155 0.014288
v 0.073240 -0.900155 -0.000000
v 0.143666 -0.899359 -0.000000
v 0.204562 -0.898066 0.040690
v 0.140905 -0.899359 0.028028
v 0.143666 -0.899359 -0.000000
v 0.208570 -0.898066 -0.000000
vn 0.0037 -1.0000 -0.0004
vn 0.0113 -0.9999 -0.0011
vn 0.0199 -0.9998 -0.0020
vn 0.0707 -0.9974 -0.0141
vn 0.0721 -0.9974 -0.0000
vn 0.0204 -0.9998 -0.0000
vn 0.0202 -0.9998 -0.0040
vn 0.8657 -0.3492 -0.3586
vn 0.9239 -0.0000 -0.3827
vn 0.9808 -0.0000 -0.1951
vn 0.9190 -0.3492 -0.1828
vn 0.7791 -0.3492 -0.5206
vn 0.8315 -0.0000 -0.5556
vn 0.0035 -1.0000 -0.0011
vn 0.0109 -0.9999 -0.0033
vn 0.0192 -0.9998 -0.0058
vn 0.0666 -0.9974 -0.0276
vn 0.0189 -0.9998 -0.0078
vn 0.0033 -1.0000 -0.0017
vn 0.0100 -0.9999 -0.0054
vn 0.0177 -0.9998 -0.0094
vn 0.0176 -0.9998 -0.0094
vn 0.0599 -0.9974 -0.0400
vn 0.0170 -0.9998 -0.0114
vn 0.6626 -0.3492 -0.6626
vn 0.7071 -0.0000 -0.7071
vn 0.5206 -0.3492 -0.7791
vn 0.5556 -0.0000 -0.8315
vn 0.0029 -1.0000 -0.0023
vn 0.0088 -0.9999 -0.0072
vn 0.0155 -0.9998 -0.0127
vn 0.0510 -0.9974 -0.0510
vn 0.0148 -0.9998 -0.0148
vn 0.0072 -0.9999 -0.0088
vn 0.0127 -0.9998 -0.0155
vn 0.0400 -0.9974 -0.0599
vn 0.0114 -0.9998 -0.0170
vn 0.3586 -0.3492 -0.8657
vn 0.3827 -0.0000 -0.9239
vn 0.0023 -1.0000 -0.0029
vn 0.0017 -1.0000 -0.0033
vn 0.0054 -0.9999 -0.0100
vn 0.0094 -0.9998 -0.0177
vn 0.0276 -0.9974 -0.0666
vn 0.0078 -0.9998 -0.0189
vn 0.1828 -0.3492 -0.9190
vn 0.1951 -0.0000 -0.9808
vn 0.0033 -0.9999 -0.0109
vn 0.0058 -0.9998 -0.0192
vn 0.0141 -0.9974 -0.0707
vn 0.0040 -0.9998 -0.0202
vn -0.0000 -0.3492 -0.9370
vn -0.0000 -0.0000 -1.0000
vn 0.0011 -1.0000 -0.0035
vn 0.0004 -1.0000 -0.0037
vn 0.0011 -0.9999 -0.0113
vn 0.0020 -0.9998 -0.0199
vn -0.0000 -0.9974 -0.0721
vn -0.0000 -0.9998 -0.0206
vn -0.1828 -0.3492 -0.9190
vn -0.1951 -0.0000 -0.9808
vn -0.0020 -0.9998 -0.0199
vn -0.0141 -0.9974 -0.0707
vn -0.0041 -0.9998 -0.0206
vn -0.3586 -0.3492 -0.8657
vn -0.3827 -0.0000 -0.9239
vn -0.0004 -1.0000 -0.0037
vn -0.0011 -0.9999 -0.0113
vn -0.0011 -1.0000 -0.0035
vn -0.0033 -0.9999 -0.0109
vn -0.0058 -0.9998 -0.0192
vn -0.0276 -0.9974 -0.0666
vn -0.0078 -0.9998 -0.0189
vn -0.5206 -0.3492 -0.7791
vn -0.5556 -0.0000 -0.8315
vn -0.0400 -0.9974 -0.0599
vn -0.0113 -0.9998 -0.0170
vn -0.6626 -0.3492 -0.6626
vn -0.7071 -0.0000 -0.7071
vn -0.0017 -1.0000 -0.0033
vn -0.0054 -0.9999 -0.0100
vn -0.0094 -0.9998 -0.0177
vn -0.0023 -1.0000 -0.0029
vn -0.0072 -0.9999 -0.0088
vn -0.0127 -0.9998 -0.0155
vn -0.0510 -0.9974 -0.0510
vn -0.0148 -0.9998 -0.0148
vn -0.7791 -0.3492 -0.5206
vn -0.8315 -0.0000 -0.5556
vn -0.0599 -0.9974 -0.0400
vn -0.0170 -0.9998 -0.0114
vn -0.8657 -0.3492 -0.3586
vn -0.9239 -0.0000 -0.3827
vn -0.0029 -1.0000 -0.0023
vn -0.0088 -0.9999 -0.0072
vn -0.0155 -0.9998 -0.0127
vn -0.0033 -1.0000 -0.0017
vn -0.0100 -0.9999 -0.0054
vn -0.0177 -0.9998 -0.0094
vn -0.0176 -0.9998 -0.0094
vn -0.0666 -0.9974 -0.0276
vn -0.0189 -0.9998 -0.0078
vn -0.9190 -0.3492 -0.1828
vn -0.9808 -0.0000 -0.1951
vn -0.9371 -0.3492 -0.0000
vn -1.0000 -0.0000 -0.0000
vn -0.0035 -1.0000 -0.0011
vn -0.0109 -0.9999 -0.0033
vn -0.0192 -0.9998 -0.0058
vn -0.0707 -0.9974 -0.0141
vn -0.0202 -0.9998 -0.0040
vn -0.0037 -1.0000 -0.0004
vn -0.0113 -0.9999 -0.0011
vn -0.0199 -0.9998 -0.0020
vn -0.0721 -0.9974 -0.0000
vn -0.0205 -0.9998 -0.0000
vn -0.9190 -0.3492 0.1828
vn -0.9808 -0.0000 0.1951
vn -0.8657 -0.3492 0.3586
vn -0.9239 -0.0000 0.3827
vn -0.0037 -1.0000 0.0004
vn -0.0113 -0.9999 0.0011
vn -0.0199 -0.9998 0.0020
vn -0.0707 -0.9974 0.0141
vn -0.0206 -0.9998 0.0041
vn -0.0109 -0.9999 0.0033
vn -0.0192 -0.9998 0.0058
vn -0.0666 -0.9974 0.0276
vn -0.0189 -0.9998 0.0078
vn -0.7791 -0.3492 0.5206
vn -0.8315 -0.0000 0.5556
vn -0.0035 -1.0000 0.0011
vn -0.0033 -1.0000 0.0017
vn -0.0100 -0.9999 0.0054
vn -0.0176 -0.9998 0.0094
vn -0.0177 -0.9998 0.0094
vn -0.0599 -0.9974 0.0400
vn -0.0170 -0.9998 0.0113
vn -0.6626 -0.3492 0.6626
vn -0.7071 -0.0000 0.7071
vn -0.0155 -0.9998 0.0127
vn -0.0510 -0.9974 0.0510
vn -0.0148 -0.9998 0.0148
vn -0.5206 -0.3492 0.7791
vn -0.5556 -0.0000 0.8315
vn -0.0029 -1.0000 0.0023
vn -0.0088 -0.9999 0.0072
vn -0.0023 -1.0000 0.0029
vn -0.0072 -0.9999 0.0088
vn -0.0127 -0.9998 0.0155
vn -0.0401 -0.9974 0.0599
vn -0.0114 -0.9998 0.0170
vn -0.3586 -0.3492 0.8657
vn -0.3827 -0.0000 0.9239
vn -0.0094 -0.9998 0.0177
vn -0.0276 -0.9974 0.0666
vn -0.0078 -0.9998 0.0189
vn -0.1828 -0.3492 0.9190
vn -0.1951 -0.0000 0.9808
vn -0.0017 -1.0000 0.0033
vn -0.0054 -0.9999 0.0100
vn -0.0011 -1.0000 0.0035
vn -0.0033 -0.9999 0.0109
vn -0.0058 -0.9998 0.0192
vn -0.0141 -0.9974 0.0707
vn -0.0040 -0.9998 0.0202
vn -0.0000 -0.3492 0.9370
vn -0.0000 -0.0000 1.0000
vn 0.7791 -0.3492 0.5206
vn 0.8315 -0.0000 0.5556
vn 0.7071 -0.0000 0.7071
vn 0.6626 -0.3492 0.6626
vn -0.0000 -0.9974 0.0721
vn -0.0000 -0.9998 0.0204
vn -0.4693 -0.8781 -0.0934
vn -0.4421 -0.8781 -0.1831
vn 0.1828 -0.3492 0.9190
vn 0.1951 -0.0000 0.9808
vn 0.2659 -0.8781 -0.3979
vn 0.3384 -0.8781 -0.3384
vn 0.4421 -0.8781 -0.1831
vn 0.4693 -0.8781 -0.0934
vn -0.0004 -1.0000 0.0037
vn 0.0141 -0.9974 0.0707
vn 0.0276 -0.9974 0.0666
vn 0.1831 -0.8781 0.4421
vn 0.0934 -0.8781 0.4693
vn -0.0011 -0.9999 0.0113
vn -0.0020 -0.9998 0.0199
vn -0.3979 -0.8781 -0.2659
vn -0.3384 -0.8781 -0.3384
vn 0.0004 -1.0000 0.0037
vn 0.0510 -0.9974 0.0510
vn 0.0599 -0.9974 0.0400
vn 0.3979 -0.8781 0.2659
vn 0.3384 -0.8781 0.3384
vn -0.0000 -0.8781 -0.4785
vn 0.0934 -0.8781 -0.4693
vn 0.0011 -0.9999 0.0113
vn -0.4421 -0.8781 0.1831
vn -0.4693 -0.8781 0.0934
vn 0.0020 -0.9998 0.0199
vn 0.3979 -0.8781 -0.2659
vn 0.0041 -0.9998 0.0206
vn -0.0934 -0.8781 -0.4693
vn 0.3586 -0.3492 0.8657
vn 0.3827 -0.0000 0.9239
vn 0.0400 -0.9974 0.0599
vn 0.2659 -0.8781 0.3979
vn -0.4785 -0.8781 -0.0000
vn 0.0078 -0.9998 0.0189
vn -0.0000 -0.8781 0.4785
vn 0.5206 -0.3492 0.7791
vn 0.5556 -0.0000 0.8315
vn -0.2659 -0.8781 -0.3979
vn -0.1831 -0.8781 -0.4421
vn 0.0011 -1.0000 0.0035
vn -0.3979 -0.8781 0.2659
vn 0.0033 -0.9999 0.0109
vn 0.0058 -0.9998 0.0192
vn 0.0017 -1.0000 0.0033
vn -0.1831 -0.8781 0.4421
vn -0.2659 -0.8781 0.3979
vn 0.9370 -0.3492 -0.0000
vn 1.0000 -0.0000 -0.0000
vn 0.9808 -0.0000 0.1951
vn 0.9190 -0.3492 0.1828
vn 0.0054 -0.9999 0.0100
vn -0.3384 -0.8781 0.3384
vn 0.0094 -0.9998 0.0177
vn 0.1831 -0.8781 -0.4421
vn 0.0113 -0.9998 0.0170
vn 0.0666 -0.9974 0.0276
vn 0.4421 -0.8781 0.1831
vn 0.0023 -1.0000 0.0029
vn 0.0072 -0.9999 0.0088
vn 0.0127 -0.9998 0.0155
vn 0.0148 -0.9998 0.0148
vn 0.0088 -0.9999 0.0072
vn 0.0155 -0.9998 0.0127
vn 0.0170 -0.9998 0.0113
vn 0.8657 -0.3492 0.3586
vn 0.9239 -0.0000 0.3827
vn 0.0029 -1.0000 0.0023
vn 0.0033 -1.0000 0.0017
vn 0.0707 -0.9974 0.0141
vn 0.4693 -0.8781 0.0934
vn 0.0100 -0.9999 0.0054
vn 0.0177 -0.9998 0.0094
vn 0.0176 -0.9998 0.0094
vn 0.0191 -0.9998 0.0079
vn 0.0109 -0.9999 0.0033
vn 0.0192 -0.9998 0.0058
vn 0.0202 -0.9998 0.0040
vn 0.4785 -0.8781 -0.0000
vn 0.0035 -1.0000 0.0011
vn -0.0934 -0.8781 0.4693
vn 0.0037 -1.0000 0.0004
vn 0.0113 -0.9999 0.0011
vn 0.0199 -0.9998 0.0020
vt 0.289277 0.834424
vt 0.282084 0.830402
vt 0.288355 0.835749
vt 0.294379 0.840882
vt 0.296184 0.838285
vt 0.299925 0.845605
vt 0.302543 0.841839
vt 0.307003 0.851633
vt 0.310663 0.846372
vt 0.308758 0.864104
vt 0.314527 0.871422
vt 0.322093 0.864480
vt 0.314750 0.858215
vt 0.301660 0.868568
vt 0.306031 0.877116
vt 0.287193 0.836870
vt 0.292103 0.843078
vt 0.296625 0.848790
vt 0.302397 0.856083
vt 0.285835 0.837742
vt 0.289443 0.844789
vt 0.292768 0.851273
vt 0.297012 0.859544
vt 0.293902 0.871734
vt 0.296441 0.880617
vt 0.285632 0.873214
vt 0.286547 0.882614
vt 0.284332 0.838334
vt 0.286500 0.845950
vt 0.288502 0.852959
vt 0.291063 0.861905
vt 0.283386 0.846517
vt 0.282743 0.838621
vt 0.283988 0.853785
vt 0.284767 0.863057
vt 0.277264 0.873064
vt 0.276208 0.882692
vt 0.281127 0.838594
vt 0.280220 0.846467
vt 0.279397 0.853718
vt 0.278359 0.862968
vt 0.269027 0.871442
vt 0.266223 0.880270
vt 0.277122 0.845801
vt 0.279547 0.838252
vt 0.274902 0.852760
vt 0.272083 0.861651
vt 0.261286 0.868127
vt 0.256891 0.876442
vt 0.278064 0.837608
vt 0.274211 0.844544
vt 0.270675 0.850944
vt 0.266178 0.859130
vt 0.254302 0.863401
vt 0.248318 0.870839
vt 0.266877 0.848335
vt 0.271599 0.842742
vt 0.260863 0.855501
vt 0.248332 0.857368
vt 0.240882 0.863586
vt 0.276734 0.836686
vt 0.275609 0.835522
vt 0.269386 0.840461
vt 0.263656 0.845030
vt 0.256345 0.850890
vt 0.243693 0.850238
vt 0.234894 0.854848
vt 0.252809 0.845467
vt 0.261140 0.841152
vt 0.240420 0.842342
vt 0.231258 0.844971
vt 0.274732 0.834160
vt 0.267661 0.837790
vt 0.274138 0.832653
vt 0.266490 0.834831
vt 0.259431 0.836852
vt 0.250400 0.839453
vt 0.238938 0.833935
vt 0.229175 0.834743
vt 0.249222 0.833074
vt 0.258599 0.832297
vt 0.238979 0.825407
vt 0.229605 0.824334
vt 0.273851 0.831058
vt 0.265921 0.831698
vt 0.273881 0.829438
vt 0.265977 0.828513
vt 0.258677 0.827664
vt 0.249320 0.826581
vt 0.240837 0.817047
vt 0.231581 0.814201
vt 0.244313 0.809249
vt 0.235584 0.804347
vt 0.274227 0.827854
vt 0.266657 0.825401
vt 0.259664 0.823136
vt 0.250706 0.820238
vt 0.274876 0.826369
vt 0.267932 0.822481
vt 0.261520 0.818889
vt 0.253317 0.814287
vt 0.249164 0.802221
vt 0.241918 0.795797
vt 0.255340 0.796291
vt 0.249546 0.788839
vt 0.275803 0.825039
vt 0.269755 0.819869
vt 0.264175 0.815090
vt 0.257038 0.808961
vt 0.272054 0.817665
vt 0.276971 0.823916
vt 0.267520 0.811888
vt 0.261728 0.804483
vt 0.262592 0.791850
vt 0.258215 0.783054
vt 0.278337 0.823044
vt 0.274737 0.815955
vt 0.271425 0.809408
vt 0.267203 0.801028
vt 0.270486 0.788780
vt 0.268082 0.779530
vt 0.275735 0.807740
vt 0.277702 0.814803
vt 0.273237 0.798703
vt 0.278847 0.787308
vt 0.278174 0.777998
vt 0.279846 0.822456
vt 0.281440 0.822173
vt 0.280832 0.814253
vt 0.280283 0.806948
vt 0.279595 0.797604
vt 0.287288 0.787621
vt 0.288476 0.777998
vt 0.284894 0.807059
vt 0.284007 0.814325
vt 0.286039 0.797775
vt 0.295562 0.789405
vt 0.298511 0.780459
vt 0.283058 0.822207
vt 0.284637 0.822556
vt 0.287106 0.815015
vt 0.289392 0.808067
vt 0.292325 0.799190
vt 0.303247 0.792933
vt 0.308106 0.784432
vt 0.324912 0.827072
vt 0.334036 0.826370
vt 0.332520 0.816441
vt 0.323419 0.818826
vt 0.298207 0.801814
vt 0.293603 0.809932
vt 0.242902 0.817738
vt 0.241149 0.825661
vt 0.310153 0.797766
vt 0.316486 0.790656
vt 0.285470 0.871084
vt 0.293314 0.869671
vt 0.307431 0.862413
vt 0.313137 0.856827
vt 0.286118 0.823207
vt 0.303463 0.805522
vt 0.307886 0.810175
vt 0.314278 0.805183
vt 0.308746 0.799389
vt 0.290008 0.816295
vt 0.241090 0.833762
vt 0.242523 0.841738
vt 0.287443 0.824133
vt 0.313615 0.821569
vt 0.314726 0.827864
vt 0.322777 0.827227
vt 0.321365 0.819396
vt 0.262322 0.866250
vt 0.269671 0.869391
vt 0.292603 0.818116
vt 0.256667 0.798024
vt 0.250815 0.803640
vt 0.297366 0.812580
vt 0.300700 0.866675
vt 0.255686 0.861751
vt 0.315990 0.803875
vt 0.323337 0.798170
vt 0.311304 0.815598
vt 0.318467 0.811975
vt 0.246196 0.810319
vt 0.300538 0.815907
vt 0.302176 0.794786
vt 0.320374 0.811037
vt 0.329041 0.806717
vt 0.245610 0.849242
vt 0.250024 0.856017
vt 0.288561 0.825299
vt 0.263541 0.793782
vt 0.294792 0.820406
vt 0.289430 0.826661
vt 0.287012 0.789744
vt 0.278988 0.789469
vt 0.319613 0.851365
vt 0.327781 0.855924
vt 0.332116 0.846567
vt 0.322863 0.843612
vt 0.296492 0.823076
vt 0.271057 0.790862
vt 0.302998 0.819784
vt 0.277501 0.870952
vt 0.314587 0.834252
vt 0.322576 0.835178
vt 0.290018 0.828165
vt 0.297640 0.826024
vt 0.304658 0.824062
vt 0.298192 0.829139
vt 0.290301 0.829754
vt 0.305455 0.828577
vt 0.324691 0.835448
vt 0.334059 0.836413
vt 0.290269 0.831368
vt 0.313211 0.840497
vt 0.320840 0.842955
vt 0.298128 0.832300
vt 0.305360 0.833158
vt 0.297450 0.835388
vt 0.289923 0.832945
vt 0.304377 0.837636
vt 0.317737 0.850312
vt 0.294869 0.791458
s 0
usemtl DefaultMaterial
f 7158/4983/3208 7159/4984/3208 7160/4985/3208
f 7164/4986/3209 7161/4987/3209 7162/4983/3209
f 7162/4983/3209 7163/4985/3209 7164/4986/3209
f 7168/4988/3210 7165/4989/3210 7166/4987/3210
f 7166/4987/3210 7167/4986/3210 7168/4988/3210
s 1
f 7172/4990/3211 7169/4991/3212 7170/4989/3213
f 7170/4989/3213 7171/4988/3214 7172/4990/3211
f 7176/4992/3215 7173/4993/3216 7174/4994/3217
f 7174/4994/3217 7175/4995/3218 7176/4992/3215
f 7176/4992/3215 7177/4996/3219 7178/4997/3220
f 7178/4997/3220 7173/4993/3216 7176/4992/3215
s 0
f 7179/4985/3221 7180/4984/3221 7181/4998/3221
f 7185/4999/3222 7182/4986/3222 7183/4985/3222
f 7183/4985/3222 7184/4998/3222 7185/4999/3222
f 7189/5000/3223 7186/4988/3223 7187/4986/3223
f 7187/4986/3223 7188/4999/3223 7189/5000/3223
s 1
f 7191/5001/3224 7172/4990/3211 7171/4988/3214
f 7171/4988/3214 7190/5000/3225 7191/5001/3224
s 0
f 7192/4998/3226 7193/4984/3226 7194/5002/3226
f 7198/5003/3227 7195/4999/3227 7196/4998/3227
f 7196/4998/3227 7197/5002/3227 7198/5003/3227
f 7202/5004/3228 7199/5000/3228 7200/4999/3228
f 7200/4999/3229 7201/5003/3229 7202/5004/3229
s 1
f 7204/5005/3230 7191/5001/3224 7190/5000/3225
f 7190/5000/3225 7203/5004/3231 7204/5005/3230
f 7206/5006/3232 7205/5007/3233 7178/4997/3220
f 7178/4997/3220 7177/4996/3219 7206/5006/3232
f 7206/5006/3232 7207/5008/3234 7208/5009/3235
f 7208/5009/3235 7205/5007/3233 7206/5006/3232
s 0
f 7209/5002/3236 7210/4984/3236 7211/5010/3236
f 7215/5011/3237 7212/5003/3237 7213/5002/3237
f 7213/5002/3237 7214/5010/3237 7215/5011/3237
f 7219/5012/3238 7216/5004/3238 7217/5003/3238
f 7217/5003/3238 7218/5011/3238 7219/5012/3238
s 1
f 7221/5013/3239 7204/5005/3230 7203/5004/3231
f 7203/5004/3231 7220/5012/3240 7221/5013/3239
s 0
f 7225/5014/3241 7222/5011/3241 7223/5010/3241
f 7223/5010/3241 7224/5015/3241 7225/5014/3241
f 7229/5016/3242 7226/5012/3242 7227/5011/3242
f 7227/5011/3242 7228/5014/3242 7229/5016/3242
s 1
f 7231/5017/3243 7221/5013/3239 7220/5012/3240
f 7220/5012/3240 7230/5016/3244 7231/5017/3243
f 7207/5008/3234 7232/5018/3245 7233/5019/3246
f 7233/5019/3246 7208/5009/3235 7207/5008/3234
s 0
f 7234/5010/3247 7235/4984/3247 7236/5015/3247
f 7237/5015/3248 7238/4984/3248 7239/5020/3248
f 7243/5021/3249 7240/5014/3249 7241/5015/3249
f 7241/5015/3249 7242/5020/3249 7243/5021/3249
f 7247/5022/3250 7244/5016/3250 7245/5014/3250
f 7245/5014/3250 7246/5021/3250 7247/5022/3250
s 1
f 7249/5023/3251 7231/5017/3243 7230/5016/3244
f 7230/5016/3244 7248/5022/3252 7249/5023/3251
f 7251/5024/3253 7250/5025/3254 7233/5019/3246
f 7233/5019/3246 7232/5018/3245 7251/5024/3253
s 0
f 7255/5026/3255 7252/5021/3255 7253/5020/3255
f 7253/5020/3255 7254/5027/3255 7255/5026/3255
f 7259/5028/3256 7256/5022/3256 7257/5021/3256
f 7257/5021/3256 7258/5026/3256 7259/5028/3256
s 1
f 7261/5029/3257 7249/5023/3251 7248/5022/3252
f 7248/5022/3252 7260/5028/3258 7261/5029/3257
f 7251/5024/3253 7262/5030/3259 7263/5031/3260
f 7263/5031/3260 7250/5025/3254 7251/5024/3253
s 0
f 7264/5020/3261 7265/4984/3261 7266/5027/3261
f 7267/5027/3262 7268/4984/3262 7269/5032/3262
f 7273/5033/3263 7270/5026/3263 7271/5027/3263
f 7271/5027/3263 7272/5032/3263 7273/5033/3263
f 7277/5034/3264 7274/5028/3264 7275/5026/3264
f 7275/5026/3264 7276/5033/3264 7277/5034/3264
s 1
f 7279/5035/3265 7261/5029/3257 7260/5028/3258
f 7260/5028/3258 7278/5034/3266 7279/5035/3265
f 7262/5030/3259 7280/5036/3267 7281/5037/3268
f 7281/5037/3268 7263/5031/3260 7262/5030/3259
s 0
f 7285/5038/3269 7282/5034/3269 7283/5033/3269
f 7283/5033/3269 7284/5039/3269 7285/5038/3269
s 1
f 7287/5040/3270 7279/5035/3265 7278/5034/3266
f 7278/5034/3266 7286/5038/3271 7287/5040/3270
f 7280/5036/3267 7288/5041/3272 7289/5042/3273
f 7289/5042/3273 7281/5037/3268 7280/5036/3267
s 0
f 7290/5032/3274 7291/4984/3274 7292/5043/3274
f 7296/5039/3275 7293/5033/3275 7294/5032/3275
f 7294/5032/3275 7295/5043/3275 7296/5039/3275
f 7297/5043/3276 7298/4984/3276 7299/5044/3276
f 7303/5045/3277 7300/5039/3277 7301/5043/3277
f 7301/5043/3277 7302/5044/3277 7303/5045/3277
f 7307/5046/3278 7304/5038/3278 7305/5039/3278
f 7305/5039/3278 7306/5045/3278 7307/5046/3278
s 1
f 7309/5047/3279 7287/5040/3270 7286/5038/3271
f 7286/5038/3271 7308/5046/3280 7309/5047/3279
f 7288/5041/3272 7310/5048/3281 7311/5049/3282
f 7311/5049/3282 7289/5042/3273 7288/5041/3272
f 7313/5050/3283 7309/5047/3279 7308/5046/3280
f 7308/5046/3280 7312/5051/3284 7313/5050/3283
f 7315/5052/3285 7314/5053/3286 7311/5049/3282
f 7311/5049/3282 7310/5048/3281 7315/5052/3285
s 0
f 7316/5044/3287 7317/4984/3287 7318/5054/3287
s 1
f 7322/5055/3288 7319/5045/3288 7320/5044/3288
s 0
f 7320/5044/3288 7321/5054/3288 7322/5055/3288
f 7326/5051/3289 7323/5046/3289 7324/5045/3289
f 7324/5045/3289 7325/5055/3289 7326/5051/3289
f 7327/5054/3290 7328/4984/3290 7329/5056/3290
f 7333/5057/3291 7330/5055/3291 7331/5054/3291
f 7331/5054/3291 7332/5056/3291 7333/5057/3291
f 7337/5058/3292 7334/5051/3292 7335/5055/3292
f 7335/5055/3292 7336/5057/3292 7337/5058/3292
s 1
f 7339/5059/3293 7313/5050/3283 7312/5051/3284
f 7312/5051/3284 7338/5058/3294 7339/5059/3293
f 7315/5052/3285 7340/5060/3295 7341/5061/3296
f 7341/5061/3296 7314/5053/3286 7315/5052/3285
f 7343/5062/3297 7339/5059/3293 7338/5058/3294
f 7338/5058/3294 7342/5063/3298 7343/5062/3297
f 7345/5064/3299 7344/5065/3300 7341/5061/3296
f 7341/5061/3296 7340/5060/3295 7345/5064/3299
s 0
f 7346/5056/3301 7347/4984/3301 7348/5066/3301
f 7352/5067/3302 7349/5057/3302 7350/5056/3302
f 7350/5056/3302 7351/5066/3302 7352/5067/3302
f 7356/5063/3303 7353/5058/3303 7354/5057/3303
f 7354/5057/3303 7355/5067/3303 7356/5063/3303
f 7357/5066/3304 7358/4984/3304 7359/5068/3304
f 7363/5069/3305 7360/5067/3305 7361/5066/3305
f 7361/5066/3305 7362/5068/3305 7363/5069/3305
f 7367/5070/3306 7364/5063/3306 7365/5067/3306
f 7365/5067/3307 7366/5069/3307 7367/5070/3307
s 1
f 7369/5071/3308 7343/5062/3297 7342/5063/3298
f 7342/5063/3298 7368/5070/3309 7369/5071/3308
f 7345/5064/3299 7370/5072/3310 7371/5073/3311
f 7371/5073/3311 7344/5065/3300 7345/5064/3299
f 7370/5072/3310 7372/5074/3312 7373/5075/3313
f 7373/5075/3313 7371/5073/3311 7370/5072/3310
s 0
f 7374/5068/3314 7375/4984/3314 7376/5076/3314
f 7380/5077/3315 7377/5069/3315 7378/5068/3315
s 1
f 7378/5068/3315 7379/5076/3315 7380/5077/3315
s 0
f 7384/5078/3316 7381/5070/3316 7382/5069/3316
f 7382/5069/3316 7383/5077/3316 7384/5078/3316
s 1
f 7386/5079/3317 7369/5071/3308 7368/5070/3309
f 7368/5070/3309 7385/5078/3318 7386/5079/3317
s 0
f 7387/5076/3319 7388/4984/3319 7389/5080/3319
f 7393/5081/3320 7390/5077/3320 7391/5076/3320
f 7391/5076/3320 7392/5080/3320 7393/5081/3320
f 7397/5082/3321 7394/5078/3321 7395/5077/3321
f 7395/5077/3321 7396/5081/3321 7397/5082/3321
s 1
f 7399/5083/3322 7386/5079/3317 7385/5078/3318
f 7385/5078/3318 7398/5082/3323 7399/5083/3322
f 7401/5084/3324 7400/5085/3325 7373/5075/3313
f 7373/5075/3313 7372/5074/3312 7401/5084/3324
f 7403/5086/3326 7402/5087/3327 7400/5085/3325
f 7400/5085/3325 7401/5084/3324 7403/5086/3326
s 0
f 7404/5080/3328 7405/4984/3328 7406/5088/3328
f 7410/5089/3329 7407/5081/3329 7408/5080/3329
f 7408/5080/3329 7409/5088/3329 7410/5089/3329
f 7414/5090/3330 7411/5082/3330 7412/5081/3330
f 7412/5081/3330 7413/5089/3330 7414/5090/3330
s 1
f 7416/5091/3331 7399/5083/3322 7398/5082/3323
f 7398/5082/3323 7415/5090/3332 7416/5091/3331
s 0
f 7420/5092/3333 7417/5089/3333 7418/5088/3333
f 7418/5088/3333 7419/5093/3333 7420/5092/3333
f 7424/5094/3334 7421/5090/3334 7422/5089/3334
f 7422/5089/3334 7423/5092/3334 7424/5094/3334
s 1
f 7426/5095/3335 7416/5091/3331 7415/5090/3332
f 7415/5090/3332 7425/5094/3336 7426/5095/3335
f 7403/5086/3326 7427/5096/3337 7428/5097/3338
f 7428/5097/3338 7402/5087/3327 7403/5086/3326
s 0
f 7429/5088/3339 7430/4984/3339 7431/5093/3339
f 7432/5093/3340 7433/4984/3340 7434/5098/3340
f 7438/5099/3341 7435/5092/3341 7436/5093/3341
f 7436/5093/3341 7437/5098/3341 7438/5099/3341
f 7442/5100/3342 7439/5094/3342 7440/5092/3342
f 7440/5092/3343 7441/5099/3343 7442/5100/3343
s 1
f 7444/5101/3344 7426/5095/3335 7425/5094/3336
f 7425/5094/3336 7443/5100/3345 7444/5101/3344
f 7446/5102/3346 7445/5103/3347 7428/5097/3338
f 7428/5097/3338 7427/5096/3337 7446/5102/3346
s 0
f 7450/5104/3348 7447/5100/3348 7448/5099/3348
f 7448/5099/3348 7449/5105/3348 7450/5104/3348
s 1
f 7452/5106/3349 7444/5101/3344 7443/5100/3345
f 7443/5100/3345 7451/5104/3350 7452/5106/3349
f 7454/5107/3351 7453/5108/3352 7445/5103/3347
f 7445/5103/3347 7446/5102/3346 7454/5107/3351
s 0
f 7455/5098/3353 7456/4984/3353 7457/5109/3353
f 7461/5105/3354 7458/5099/3354 7459/5098/3354
f 7459/5098/3354 7460/5109/3354 7461/5105/3354
f 7462/5109/3355 7463/4984/3355 7464/5110/3355
s 1
f 7468/5111/3356 7465/5105/3356 7466/5109/3356
s 0
f 7466/5109/3356 7467/5110/3356 7468/5111/3356
f 7472/5112/3357 7469/5104/3357 7470/5105/3357
f 7470/5105/3357 7471/5111/3357 7472/5112/3357
s 1
f 7474/5113/3358 7452/5106/3349 7451/5104/3350
f 7451/5104/3350 7473/5112/3359 7474/5113/3358
f 7454/5107/3351 7475/5114/3360 7476/5115/3361
f 7476/5115/3361 7453/5108/3352 7454/5107/3351
s 0
f 7480/5116/3362 7477/5112/3362 7478/5111/3362
f 7478/5111/3362 7479/5117/3362 7480/5116/3362
s 1
f 7482/5118/3363 7474/5113/3358 7473/5112/3359
f 7473/5112/3359 7481/5116/3364 7482/5118/3363
f 7484/5119/3365 7483/5120/3366 7476/5115/3361
f 7476/5115/3361 7475/5114/3360 7484/5119/3365
s 0
f 7485/5110/3367 7486/4984/3367 7487/5121/3367
f 7491/5117/3368 7488/5111/3368 7489/5110/3368
f 7489/5110/3368 7490/5121/3368 7491/5117/3368
f 7492/5121/3369 7493/4984/3369 7494/5122/3369
f 7498/5123/3370 7495/5117/3370 7496/5121/3370
f 7496/5121/3370 7497/5122/3370 7498/5123/3370
f 7502/5124/3371 7499/5116/3371 7500/5117/3371
f 7500/5117/3371 7501/5123/3371 7502/5124/3371
s 1
f 7504/5125/3372 7482/5118/3363 7481/5116/3364
f 7481/5116/3364 7503/5124/3373 7504/5125/3372
f 7484/5119/3365 7505/5126/3374 7506/5127/3375
f 7506/5127/3375 7483/5120/3366 7484/5119/3365
f 7510/5128/3376 7507/5129/3377 7508/5130/3378
f 7508/5130/3378 7509/5131/3379 7510/5128/3376
f 7512/5132/3380 7504/5125/3372 7503/5124/3373
f 7503/5124/3373 7511/5133/3381 7512/5132/3380
f 7369/5071/3308 7386/5079/3317 7513/5134/3382
f 7513/5134/3382 7514/5135/3383 7369/5071/3308
f 7516/5136/3384 7515/5137/3385 7506/5127/3375
f 7506/5127/3375 7505/5126/3374 7516/5136/3384
f 7221/5013/3239 7231/5017/3243 7517/5138/3386
f 7517/5138/3386 7518/5139/3387 7221/5013/3239
f 7172/4990/3211 7191/5001/3224 7519/5140/3388
f 7519/5140/3388 7520/5141/3389 7172/4990/3211
s 0
f 7521/5122/3390 7522/4984/3390 7523/5142/3390
s 1
f 7527/5143/3391 7524/5144/3392 7525/5145/3393
f 7525/5145/3393 7526/5146/3394 7527/5143/3391
s 0
f 7531/5147/3395 7528/5123/3395 7529/5122/3395
f 7529/5122/3395 7530/5142/3395 7531/5147/3395
f 7535/5133/3396 7532/5124/3396 7533/5123/3396
s 1
f 7533/5123/3396 7534/5147/3396 7535/5133/3396
f 7339/5059/3293 7343/5062/3297 7536/5148/3397
f 7536/5148/3397 7537/5149/3398 7339/5059/3293
s 0
f 7538/5142/3399 7539/4984/3399 7540/5150/3399
s 1
f 7544/5151/3400 7541/5152/3401 7542/5153/3402
f 7542/5153/3402 7543/5154/3403 7544/5151/3400
f 7261/5029/3257 7279/5035/3265 7545/5155/3404
f 7545/5155/3404 7546/5156/3405 7261/5029/3257
s 0
f 7550/5157/3406 7547/5147/3406 7548/5142/3406
f 7548/5142/3406 7549/5150/3406 7550/5157/3406
s 1
f 7416/5091/3331 7426/5095/3335 7551/5158/3407
f 7551/5158/3407 7552/5159/3408 7416/5091/3331
s 0
f 7556/5160/3409 7553/5133/3409 7554/5147/3409
f 7554/5147/3409 7555/5157/3409 7556/5160/3409
s 1
f 7204/5005/3230 7221/5013/3239 7518/5139/3387
f 7518/5139/3387 7557/5161/3410 7204/5005/3230
f 7527/5143/3391 7512/5132/3380 7511/5133/3381
f 7511/5133/3381 7558/5160/3411 7527/5143/3391
f 7279/5035/3265 7287/5040/3270 7559/5162/3412
f 7559/5162/3412 7545/5155/3404 7279/5035/3265
f 7561/5163/3413 7560/5164/3414 7515/5137/3385
f 7515/5137/3385 7516/5136/3384 7561/5163/3413
f 7524/5144/3392 7562/5165/3415 7563/5166/3416
f 7563/5166/3416 7525/5145/3393 7524/5144/3392
f 7386/5079/3317 7399/5083/3322 7564/5167/3417
f 7564/5167/3417 7513/5134/3382 7386/5079/3317
f 7524/5144/3392 7527/5143/3391 7558/5160/3411
f 7558/5160/3411 7565/5168/3418 7524/5144/3392
f 7512/5132/3380 7527/5143/3391 7526/5146/3394
f 7526/5146/3394 7566/5169/3419 7512/5132/3380
f 7561/5163/3413 7567/5170/3420 7568/5171/3421
f 7568/5171/3421 7560/5164/3414 7561/5163/3413
f 7309/5047/3279 7313/5050/3283 7569/5172/3422
f 7569/5172/3422 7570/5173/3423 7309/5047/3279
f 7191/5001/3224 7204/5005/3230 7557/5161/3410
f 7557/5161/3410 7519/5140/3388 7191/5001/3224
f 7562/5165/3415 7544/5151/3400 7543/5154/3403
f 7543/5154/3403 7563/5166/3416 7562/5165/3415
s 0
f 7571/5150/3424 7572/4984/3424 7573/5174/3424
s 1
f 7287/5040/3270 7309/5047/3279 7570/5173/3423
f 7570/5173/3423 7559/5162/3412 7287/5040/3270
f 7426/5095/3335 7444/5101/3344 7574/5175/3425
f 7574/5175/3425 7551/5158/3407 7426/5095/3335
s 0
f 7578/5176/3426 7575/5157/3426 7576/5150/3426
f 7576/5150/3426 7577/5174/3426 7578/5176/3426
s 1
f 7343/5062/3297 7369/5071/3308 7514/5135/3383
f 7514/5135/3383 7536/5148/3397 7343/5062/3297
s 0
f 7582/5168/3427 7579/5160/3427 7580/5157/3427
f 7580/5157/3427 7581/5176/3427 7582/5168/3427
s 1
f 7399/5083/3322 7416/5091/3331 7552/5159/3408
f 7552/5159/3408 7564/5167/3417 7399/5083/3322
s 0
f 7583/5174/3428 7584/4984/3428 7585/5177/3428
s 1
f 7474/5113/3358 7482/5118/3363 7586/5178/3429
f 7586/5178/3429 7587/5179/3430 7474/5113/3358
f 7591/5180/3431 7588/5181/3432 7589/5182/3433
f 7589/5182/3433 7590/5183/3434 7591/5180/3431
s 0
f 7595/5184/3435 7592/5176/3435 7593/5174/3435
f 7593/5174/3435 7594/5177/3435 7595/5184/3435
s 1
f 7452/5106/3349 7474/5113/3358 7587/5179/3430
f 7587/5179/3430 7596/5185/3436 7452/5106/3349
s 0
f 7600/5186/3437 7597/5168/3437 7598/5176/3437
f 7598/5176/3437 7599/5184/3437 7600/5186/3437
s 1
f 7231/5017/3243 7249/5023/3251 7601/5187/3438
f 7601/5187/3438 7517/5138/3386 7231/5017/3243
f 7562/5165/3415 7524/5144/3392 7565/5168/3418
f 7565/5168/3418 7602/5186/3439 7562/5165/3415
f 7313/5050/3283 7339/5059/3293 7537/5149/3398
f 7537/5149/3398 7569/5172/3422 7313/5050/3283
f 7509/5131/3379 7508/5130/3378 7568/5171/3421
f 7568/5171/3421 7567/5170/3420 7509/5131/3379
f 7541/5152/3401 7603/5188/3440 7604/5189/3441
f 7604/5189/3441 7542/5153/3402 7541/5152/3401
s 0
f 7605/5177/3442 7606/4984/3442 7607/5190/3442
s 1
f 7591/5180/3431 7175/4995/3218 7174/4994/3217
f 7174/4994/3217 7588/5181/3432 7591/5180/3431
s 0
f 7611/5191/3443 7608/5184/3443 7609/5177/3443
f 7609/5177/3443 7610/5190/3443 7611/5191/3443
f 7615/5192/3444 7612/5186/3444 7613/5184/3444
f 7613/5184/3444 7614/5191/3444 7615/5192/3444
s 1
f 7544/5151/3400 7562/5165/3415 7602/5186/3439
f 7602/5186/3439 7616/5192/3445 7544/5151/3400
f 7444/5101/3344 7452/5106/3349 7596/5185/3436
f 7596/5185/3436 7574/5175/3425 7444/5101/3344
s 0
f 7620/5193/3446 7617/5191/3446 7618/5190/3446
f 7618/5190/3446 7619/5194/3446 7620/5193/3446
f 7624/5195/3447 7621/5192/3447 7622/5191/3447
f 7622/5191/3447 7623/5193/3447 7624/5195/3447
s 1
f 7541/5152/3401 7544/5151/3400 7616/5192/3445
f 7616/5192/3445 7625/5195/3448 7541/5152/3401
f 7510/5128/3376 7626/5196/3449 7627/5197/3450
f 7627/5197/3450 7507/5129/3377 7510/5128/3376
s 0
f 7628/5190/3451 7629/4984/3451 7630/5194/3451
f 7631/5194/3452 7632/4984/3452 7633/5198/3452
s 1
f 7603/5188/3440 7634/5199/3453 7635/5200/3454
f 7635/5200/3454 7604/5189/3441 7603/5188/3440
s 0
f 7639/5201/3455 7636/5193/3455 7637/5194/3455
s 1
f 7637/5194/3455 7638/5198/3455 7639/5201/3455
s 0
f 7643/5202/3456 7640/5195/3456 7641/5193/3456
f 7641/5193/3457 7642/5201/3457 7643/5202/3457
s 1
f 7603/5188/3440 7541/5152/3401 7625/5195/3448
f 7625/5195/3448 7644/5202/3458 7603/5188/3440
f 7626/5196/3449 7590/5183/3434 7589/5182/3433
f 7589/5182/3433 7627/5197/3450 7626/5196/3449
s 0
f 7648/5203/3459 7645/5201/3459 7646/5198/3459
s 1
f 7646/5198/3459 7647/5204/3459 7648/5203/3459
s 0
f 7652/5205/3460 7649/5202/3460 7650/5201/3460
f 7650/5201/3460 7651/5203/3460 7652/5205/3460
s 1
f 7634/5199/3453 7603/5188/3440 7644/5202/3458
f 7644/5202/3458 7653/5205/3461 7634/5199/3453
f 7169/4991/3212 7172/4990/3211 7520/5141/3389
f 7520/5141/3389 7654/5206/3462 7169/4991/3212
s 0
f 7655/5198/3463 7656/4984/3463 7657/5204/3463
s 1
f 7482/5118/3363 7504/5125/3372 7658/5207/3464
f 7658/5207/3464 7586/5178/3429 7482/5118/3363
f 7249/5023/3251 7261/5029/3257 7546/5156/3405
f 7546/5156/3405 7601/5187/3438 7249/5023/3251
s 0
f 7659/5204/3465 7660/4984/3465 7661/4983/3465
s 1
f 7504/5125/3372 7512/5132/3380 7566/5169/3419
f 7566/5169/3419 7658/5207/3464 7504/5125/3372
s 0
f 7665/4987/3466 7662/5203/3466 7663/5204/3466
f 7663/5204/3466 7664/4983/3466 7665/4987/3466
f 7669/4989/3467 7666/5205/3467 7667/5203/3467
f 7667/5203/3467 7668/4987/3467 7669/4989/3467
s 1
f 7169/4991/3212 7634/5199/3453 7653/5205/3461
f 7653/5205/3461 7170/4989/3213 7169/4991/3212
f 7520/5141/3389 7175/4995/3218 7591/5180/3431
f 7591/5180/3431 7654/5206/3462 7520/5141/3389
f 7519/5140/3388 7176/4992/3215 7175/4995/3218
f 7175/4995/3218 7520/5141/3389 7519/5140/3388
f 7176/4992/3215 7519/5140/3388 7557/5161/3410
f 7557/5161/3410 7177/4996/3219 7176/4992/3215
f 7518/5139/3387 7206/5006/3232 7177/4996/3219
f 7177/4996/3219 7557/5161/3410 7518/5139/3387
f 7206/5006/3232 7518/5139/3387 7517/5138/3386
f 7517/5138/3386 7207/5008/3234 7206/5006/3232
f 7601/5187/3438 7232/5018/3245 7207/5008/3234
f 7207/5008/3234 7517/5138/3386 7601/5187/3438
f 7546/5156/3405 7251/5024/3253 7232/5018/3245
f 7232/5018/3245 7601/5187/3438 7546/5156/3405
f 7545/5155/3404 7262/5030/3259 7251/5024/3253
f 7251/5024/3253 7546/5156/3405 7545/5155/3404
f 7559/5162/3412 7280/5036/3267 7262/5030/3259
f 7262/5030/3259 7545/5155/3404 7559/5162/3412
f 7570/5173/3423 7288/5041/3272 7280/5036/3267
f 7280/5036/3267 7559/5162/3412 7570/5173/3423
f 7569/5172/3422 7310/5048/3281 7288/5041/3272
f 7288/5041/3272 7570/5173/3423 7569/5172/3422
f 7537/5149/3398 7315/5052/3285 7310/5048/3281
f 7310/5048/3281 7569/5172/3422 7537/5149/3398
f 7536/5148/3397 7340/5060/3295 7315/5052/3285
f 7315/5052/3285 7537/5149/3398 7536/5148/3397
f 7514/5135/3383 7345/5064/3299 7340/5060/3295
f 7340/5060/3295 7536/5148/3397 7514/5135/3383
f 7513/5134/3382 7370/5072/3310 7345/5064/3299
f 7345/5064/3299 7514/5135/3383 7513/5134/3382
f 7370/5072/3310 7513/5134/3382 7564/5167/3417
f 7564/5167/3417 7372/5074/3312 7370/5072/3310
f 7552/5159/3408 7401/5084/3324 7372/5074/3312
f 7372/5074/3312 7564/5167/3417 7552/5159/3408
f 7401/5084/3324 7552/5159/3408 7551/5158/3407
f 7551/5158/3407 7403/5086/3326 7401/5084/3324
f 7574/5175/3425 7427/5096/3337 7403/5086/3326
f 7403/5086/3326 7551/5158/3407 7574/5175/3425
f 7596/5185/3436 7446/5102/3346 7427/5096/3337
f 7427/5096/3337 7574/5175/3425 7596/5185/3436
f 7587/5179/3430 7454/5107/3351 7446/5102/3346
f 7446/5102/3346 7596/5185/3436 7587/5179/3430
f 7586/5178/3429 7475/5114/3360 7454/5107/3351
f 7454/5107/3351 7587/5179/3430 7586/5178/3429
f 7658/5207/3464 7484/5119/3365 7475/5114/3360
f 7475/5114/3360 7586/5178/3429 7658/5207/3464
f 7566/5169/3419 7505/5126/3374 7484/5119/3365
f 7484/5119/3365 7658/5207/3464 7566/5169/3419
f 7526/5146/3394 7516/5136/3384 7505/5126/3374
f 7505/5126/3374 7566/5169/3419 7526/5146/3394
f 7525/5145/3393 7561/5163/3413 7516/5136/3384
f 7516/5136/3384 7526/5146/3394 7525/5145/3393
f 7563/5166/3416 7567/5170/3420 7561/5163/3413
f 7561/5163/3413 7525/5145/3393 7563/5166/3416
f 7543/5154/3403 7509/5131/3379 7567/5170/3420
f 7567/5170/3420 7563/5166/3416 7543/5154/3403
f 7509/5131/3379 7543/5154/3403 7542/5153/3402
f 7542/5153/3402 7510/5128/3376 7509/5131/3379
f 7604/5189/3441 7626/5196/3449 7510/5128/3376
f 7510/5128/3376 7542/5153/3402 7604/5189/3441
f 7635/5200/3454 7590/5183/3434 7626/5196/3449
f 7626/5196/3449 7604/5189/3441 7635/5200/3454
f 7654/5206/3462 7591/5180/3431 7590/5183/3434
f 7590/5183/3434 7635/5200/3454 7654/5206/3462
f 7634/5199/3453 7169/4991/3212 7654/5206/3462
f 7654/5206/3462 7635/5200/3454 7634/5199/3453
o defaultMaterial.026
v -0.073241 0.900155 -0.000000
v -0.000000 0.900424 0.000000
v -0.071833 0.900155 -0.014289
v -0.143667 0.899359 -0.000000
v -0.073241 0.900155 -0.000000
v -0.071833 0.900155 -0.014289
v -0.140906 0.899359 -0.028028
v -0.208571 0.898067 -0.000000
v -0.143667 0.899359 -0.000000
v -0.140906 0.899359 -0.028028
v -0.204564 0.898067 -0.040690
v -0.291502 0.896327 -0.000000
v -0.208571 0.898067 -0.000000
v -0.204564 0.898067 -0.040690
v -0.285900 0.896327 -0.056869
v -0.346841 0.799497 -0.143666
v -0.368205 0.799497 -0.073240
v -0.368205 0.874002 -0.073240
v -0.346841 0.874002 -0.143666
v -0.312149 0.874002 -0.208571
v -0.312149 0.799497 -0.208571
v -0.071833 0.900155 -0.014289
v -0.000000 0.900424 0.000000
v -0.067666 0.900155 -0.028028
v -0.140906 0.899359 -0.028028
v -0.071833 0.900155 -0.014289
v -0.067666 0.900155 -0.028028
v -0.132731 0.899359 -0.054979
v -0.204564 0.898067 -0.040690
v -0.140906 0.899359 -0.028028
v -0.132731 0.899359 -0.054979
v -0.192695 0.898067 -0.079817
v -0.192695 0.898067 -0.079817
v -0.269312 0.896327 -0.111553
v -0.067666 0.900155 -0.028028
v -0.000000 0.900424 0.000000
v -0.060898 0.900155 -0.040690
v -0.132731 0.899359 -0.054979
v -0.067666 0.900155 -0.028028
v -0.060898 0.900155 -0.040690
v -0.119454 0.899359 -0.079817
v -0.192695 0.898067 -0.079817
v -0.132731 0.899359 -0.054979
v -0.119454 0.899359 -0.079817
v -0.173421 0.898067 -0.115876
v -0.173421 0.898067 -0.115876
v -0.242375 0.896327 -0.161949
v -0.265461 0.799497 -0.265460
v -0.265461 0.874002 -0.265460
v -0.208571 0.874002 -0.312148
v -0.208571 0.799497 -0.312148
v -0.060898 0.900155 -0.040690
v -0.000000 0.900424 0.000000
v -0.051789 0.900155 -0.051789
v -0.119454 0.899359 -0.079817
v -0.060898 0.900155 -0.040690
v -0.051789 0.900155 -0.051789
v -0.101588 0.899359 -0.101587
v -0.173421 0.898067 -0.115876
v -0.119454 0.899359 -0.079817
v -0.101588 0.899359 -0.101587
v -0.147482 0.898067 -0.147482
v -0.147482 0.898067 -0.147482
v -0.206123 0.896327 -0.206123
v -0.101588 0.899359 -0.101587
v -0.051789 0.900155 -0.051789
v -0.040691 0.900155 -0.060897
v -0.079817 0.899359 -0.119454
v -0.147482 0.898067 -0.147482
v -0.101588 0.899359 -0.101587
v -0.079817 0.899359 -0.119454
v -0.115876 0.898067 -0.173420
v -0.115876 0.898067 -0.173420
v -0.161950 0.896327 -0.242374
v -0.143666 0.874002 -0.346841
v -0.143666 0.799497 -0.346841
v -0.051789 0.900155 -0.051789
v -0.000000 0.900424 0.000000
v -0.040691 0.900155 -0.060897
v -0.040691 0.900155 -0.060897
v -0.000000 0.900424 0.000000
v -0.028028 0.900155 -0.067665
v -0.079817 0.899359 -0.119454
v -0.040691 0.900155 -0.060897
v -0.028028 0.900155 -0.067665
v -0.054979 0.899359 -0.132730
v -0.115876 0.898067 -0.173420
v -0.079817 0.899359 -0.119454
v -0.054979 0.899359 -0.132730
v -0.079817 0.898067 -0.192694
v -0.079817 0.898067 -0.192694
v -0.111553 0.896327 -0.269312
v -0.073241 0.799497 -0.368204
v -0.073241 0.874002 -0.368204
v -0.054979 0.899359 -0.132730
v -0.028028 0.900155 -0.067665
v -0.014289 0.900155 -0.071833
v -0.028028 0.899359 -0.140906
v -0.079817 0.898067 -0.192694
v -0.054979 0.899359 -0.132730
v -0.028028 0.899359 -0.140906
v -0.040691 0.898067 -0.204563
v -0.040691 0.898067 -0.204563
v -0.056869 0.896327 -0.285900
v -0.000000 0.874002 -0.375418
v -0.000000 0.799497 -0.375418
v -0.028028 0.900155 -0.067665
v -0.000000 0.900424 0.000000
v -0.014289 0.900155 -0.071833
v -0.014289 0.900155 -0.071833
v -0.000000 0.900424 0.000000
v -0.000000 0.900155 -0.073241
v -0.028028 0.899359 -0.140906
v -0.014289 0.900155 -0.071833
v -0.000000 0.900155 -0.073241
v -0.000000 0.899359 -0.143666
v -0.040691 0.898067 -0.204563
v -0.028028 0.899359 -0.140906
v -0.000000 0.899359 -0.143666
v -0.000000 0.898067 -0.208571
v -0.000000 0.898067 -0.208571
v -0.000000 0.896327 -0.291501
v 0.073240 0.874002 -0.368204
v 0.073240 0.799497 -0.368204
v -0.000000 0.898067 -0.208571
v -0.000000 0.899359 -0.143666
v 0.028027 0.899359 -0.140906
v 0.040690 0.898067 -0.204563
v 0.040690 0.898067 -0.204563
v 0.056869 0.896327 -0.285900
v 0.143666 0.874002 -0.346841
v 0.143666 0.799497 -0.346841
v -0.000000 0.900155 -0.073241
v -0.000000 0.900424 0.000000
v 0.014288 0.900155 -0.071833
v -0.000000 0.899359 -0.143666
v -0.000000 0.900155 -0.073241
v 0.014288 0.900155 -0.071833
v 0.028027 0.899359 -0.140906
v 0.014288 0.900155 -0.071833
v -0.000000 0.900424 0.000000
v 0.028027 0.900155 -0.067665
v 0.028027 0.899359 -0.140906
v 0.014288 0.900155 -0.071833
v 0.028027 0.900155 -0.067665
v 0.054978 0.899359 -0.132730
v 0.040690 0.898067 -0.204563
v 0.028027 0.899359 -0.140906
v 0.054978 0.899359 -0.132730
v 0.079816 0.898067 -0.192694
v 0.079816 0.898067 -0.192694
v 0.111552 0.896327 -0.269312
v 0.208570 0.874002 -0.312148
v 0.208570 0.799497 -0.312148
v 0.115875 0.898067 -0.173420
v 0.161949 0.896327 -0.242374
v 0.265460 0.799497 -0.265460
v 0.265460 0.874002 -0.265460
v 0.028027 0.900155 -0.067665
v -0.000000 0.900424 0.000000
v 0.040690 0.900155 -0.060897
v 0.054978 0.899359 -0.132730
v 0.028027 0.900155 -0.067665
v 0.040690 0.900155 -0.060897
v 0.079816 0.899359 -0.119454
v 0.079816 0.898067 -0.192694
v 0.054978 0.899359 -0.132730
v 0.079816 0.899359 -0.119454
v 0.115875 0.898067 -0.173420
v 0.040690 0.900155 -0.060897
v -0.000000 0.900424 0.000000
v 0.051788 0.900155 -0.051789
v 0.079816 0.899359 -0.119454
v 0.040690 0.900155 -0.060897
v 0.051788 0.900155 -0.051789
v 0.101587 0.899359 -0.101587
v 0.115875 0.898067 -0.173420
v 0.079816 0.899359 -0.119454
v 0.101587 0.899359 -0.101587
v 0.147481 0.898067 -0.147482
v 0.147481 0.898067 -0.147482
v 0.206122 0.896327 -0.206122
v 0.312148 0.874002 -0.208571
v 0.312148 0.799497 -0.208571
v 0.173420 0.898067 -0.115876
v 0.242374 0.896327 -0.161949
v 0.346840 0.799497 -0.143666
v 0.346840 0.874002 -0.143666
v 0.051788 0.900155 -0.051789
v -0.000000 0.900424 0.000000
v 0.060897 0.900155 -0.040690
v 0.101587 0.899359 -0.101587
v 0.051788 0.900155 -0.051789
v 0.060897 0.900155 -0.040690
v 0.119454 0.899359 -0.079817
v 0.147481 0.898067 -0.147482
v 0.101587 0.899359 -0.101587
v 0.119454 0.899359 -0.079817
v 0.173420 0.898067 -0.115876
v 0.060897 0.900155 -0.040690
v -0.000000 0.900424 0.000000
v 0.067665 0.900155 -0.028028
v 0.119454 0.899359 -0.079817
v 0.060897 0.900155 -0.040690
v 0.067665 0.900155 -0.028028
v 0.132730 0.899359 -0.054979
v 0.173420 0.898067 -0.115876
v 0.119454 0.899359 -0.079817
v 0.132730 0.899359 -0.054979
v 0.192694 0.898067 -0.079817
v 0.192694 0.898067 -0.079817
v 0.269311 0.896327 -0.111553
v 0.368204 0.874002 -0.073240
v 0.368204 0.799497 -0.073240
v 0.375417 0.874002 -0.000000
v 0.375417 0.799497 -0.000000
v 0.067665 0.900155 -0.028028
v -0.000000 0.900424 0.000000
v 0.071833 0.900155 -0.014289
v 0.132730 0.899359 -0.054979
v 0.067665 0.900155 -0.028028
v 0.071833 0.900155 -0.014289
v 0.140905 0.899359 -0.028028
v 0.192694 0.898067 -0.079817
v 0.132730 0.899359 -0.054979
v 0.140905 0.899359 -0.028028
v 0.204563 0.898067 -0.040690
v 0.204563 0.898067 -0.040690
v 0.285899 0.896327 -0.056869
v 0.071833 0.900155 -0.014289
v -0.000000 0.900424 0.000000
v 0.073240 0.900155 -0.000000
v 0.140905 0.899359 -0.028028
v 0.071833 0.900155 -0.014289
v 0.073240 0.900155 -0.000000
v 0.143666 0.899359 -0.000000
v 0.204563 0.898067 -0.040690
v 0.140905 0.899359 -0.028028
v 0.143666 0.899359 -0.000000
v 0.208570 0.898067 -0.000000
v 0.208570 0.898067 -0.000000
v 0.291501 0.896327 -0.000000
v 0.368204 0.799497 0.073240
v 0.368204 0.874002 0.073240
v 0.346840 0.799497 0.143666
v 0.346840 0.874002 0.143666
v 0.073240 0.900155 -0.000000
v -0.000000 0.900424 0.000000
v 0.071833 0.900155 0.014288
v 0.143666 0.899359 -0.000000
v 0.073240 0.900155 -0.000000
v 0.071833 0.900155 0.014288
v 0.140905 0.899359 0.028028
v 0.208570 0.898067 -0.000000
v 0.143666 0.899359 -0.000000
v 0.140905 0.899359 0.028028
v 0.204563 0.898067 0.040690
v 0.204563 0.898067 0.040690
v 0.285899 0.896327 0.056869
v 0.140905 0.899359 0.028028
v 0.071833 0.900155 0.014288
v 0.067665 0.900155 0.028028
v 0.132730 0.899359 0.054979
v 0.204563 0.898067 0.040690
v 0.140905 0.899359 0.028028
v 0.132730 0.899359 0.054979
v 0.192694 0.898067 0.079817
v 0.192694 0.898067 0.079817
v 0.269311 0.896327 0.111553
v 0.312148 0.874002 0.208571
v 0.312148 0.799497 0.208571
v 0.071833 0.900155 0.014288
v -0.000000 0.900424 0.000000
v 0.067665 0.900155 0.028028
v 0.067665 0.900155 0.028028
v -0.000000 0.900424 0.000000
v 0.060897 0.900155 0.040690
v 0.132730 0.899359 0.054979
v 0.067665 0.900155 0.028028
v 0.060897 0.900155 0.040690
v 0.119454 0.899359 0.079817
v 0.192694 0.898067 0.079817
v 0.132730 0.899359 0.054979
v 0.119454 0.899359 0.079817
v 0.173420 0.898067 0.115876
v 0.173420 0.898067 0.115876
v 0.242374 0.896327 0.161949
v 0.265460 0.799497 0.265460
v 0.265460 0.874002 0.265460
v 0.173420 0.898067 0.115876
v 0.119454 0.899359 0.079817
v 0.101587 0.899359 0.101587
v 0.147481 0.898067 0.147482
v 0.147481 0.898067 0.147482
v 0.206122 0.896327 0.206122
v 0.208570 0.799497 0.312148
v 0.208570 0.874002 0.312148
v 0.060897 0.900155 0.040690
v -0.000000 0.900424 0.000000
v 0.051788 0.900155 0.051789
v 0.119454 0.899359 0.079817
v 0.060897 0.900155 0.040690
v 0.051788 0.900155 0.051789
v 0.101587 0.899359 0.101587
v 0.051788 0.900155 0.051789
v -0.000000 0.900424 0.000000
v 0.040690 0.900155 0.060897
v 0.101587 0.899359 0.101587
v 0.051788 0.900155 0.051789
v 0.040690 0.900155 0.060897
v 0.079816 0.899359 0.119454
v 0.147481 0.898067 0.147482
v 0.101587 0.899359 0.101587
v 0.079816 0.899359 0.119454
v 0.115875 0.898067 0.173420
v 0.115875 0.898067 0.173420
v 0.161949 0.896327 0.242374
v 0.143666 0.874002 0.346840
v 0.143666 0.799497 0.346840
v 0.115875 0.898067 0.173420
v 0.079816 0.899359 0.119454
v 0.054978 0.899359 0.132730
v 0.079816 0.898067 0.192694
v 0.079816 0.898067 0.192694
v 0.111552 0.896327 0.269312
v 0.073240 0.799497 0.368204
v 0.073240 0.874002 0.368204
v 0.040690 0.900155 0.060897
v -0.000000 0.900424 0.000000
v 0.028027 0.900155 0.067665
v 0.079816 0.899359 0.119454
v 0.040690 0.900155 0.060897
v 0.028027 0.900155 0.067665
v 0.054978 0.899359 0.132730
v 0.028027 0.900155 0.067665
v -0.000000 0.900424 0.000000
v 0.014288 0.900155 0.071833
v 0.054978 0.899359 0.132730
v 0.028027 0.900155 0.067665
v 0.014288 0.900155 0.071833
v 0.028027 0.899359 0.140906
v 0.079816 0.898067 0.192694
v 0.054978 0.899359 0.132730
v 0.028027 0.899359 0.140906
v 0.040690 0.898067 0.204563
v 0.040690 0.898067 0.204563
v 0.056869 0.896327 0.285900
v -0.000000 0.874002 0.375417
v -0.000000 0.799497 0.375417
v -0.312149 0.799497 0.208571
v -0.265461 0.799497 0.265460
v -0.265461 0.874002 0.265460
v -0.312149 0.874002 0.208571
v -0.000000 0.898067 0.208571
v -0.000000 0.896327 0.291501
v 0.356034 0.887898 -0.070820
v 0.335377 0.887898 -0.138918
v -0.073241 0.799497 0.368204
v -0.073241 0.874002 0.368204
v -0.201678 0.887898 -0.301832
v -0.256687 0.887898 -0.256687
v -0.335378 0.887898 -0.138918
v -0.356035 0.887898 -0.070820
v 0.014288 0.900155 0.071833
v -0.000000 0.900424 0.000000
v -0.000000 0.900155 0.073240
v -0.111553 0.896327 0.269312
v -0.138918 0.887898 0.335377
v -0.070820 0.887898 0.356035
v -0.056869 0.896327 0.285900
v 0.028027 0.899359 0.140906
v 0.014288 0.900155 0.071833
v -0.000000 0.900155 0.073240
v -0.000000 0.899359 0.143666
v 0.040690 0.898067 0.204563
v 0.028027 0.899359 0.140906
v -0.000000 0.899359 0.143666
v -0.000000 0.898067 0.208571
v 0.301831 0.887898 -0.201678
v 0.256687 0.887898 -0.256687
v -0.000000 0.900155 0.073240
v -0.000000 0.900424 0.000000
v -0.014289 0.900155 0.071833
v -0.242375 0.896327 0.161949
v -0.301832 0.887898 0.201677
v -0.256687 0.887898 0.256687
v -0.206123 0.896327 0.206122
v -0.000000 0.887898 -0.363010
v -0.070820 0.887898 -0.356035
v -0.000000 0.899359 0.143666
v -0.000000 0.900155 0.073240
v -0.014289 0.900155 0.071833
v -0.028028 0.899359 0.140906
v 0.335377 0.887898 0.138918
v 0.356034 0.887898 0.070820
v -0.000000 0.898067 0.208571
v -0.000000 0.899359 0.143666
v -0.028028 0.899359 0.140906
v -0.040691 0.898067 0.204563
v -0.301832 0.887898 -0.201678
v -0.040691 0.898067 0.204563
v 0.070819 0.887898 -0.356035
v -0.143666 0.799497 0.346840
v -0.143666 0.874002 0.346840
v -0.161950 0.896327 0.242374
v -0.201678 0.887898 0.301832
v 0.363010 0.887898 -0.000000
v -0.079817 0.898067 0.192694
v -0.000000 0.887898 0.363010
v -0.208571 0.874002 0.312148
v -0.208571 0.799497 0.312148
v 0.201677 0.887898 -0.301832
v 0.138918 0.887898 -0.335378
v -0.014289 0.900155 0.071833
v -0.000000 0.900424 0.000000
v -0.028028 0.900155 0.067665
v 0.301831 0.887898 0.201678
v -0.028028 0.899359 0.140906
v -0.014289 0.900155 0.071833
v -0.028028 0.900155 0.067665
v -0.054979 0.899359 0.132730
v -0.040691 0.898067 0.204563
v -0.028028 0.899359 0.140906
v -0.054979 0.899359 0.132730
v -0.079817 0.898067 0.192694
v -0.028028 0.900155 0.067665
v -0.000000 0.900424 0.000000
v -0.040691 0.900155 0.060897
v 0.138917 0.887898 0.335377
v 0.201677 0.887898 0.301832
v -0.375418 0.799497 -0.000000
v -0.368204 0.799497 0.073240
v -0.368204 0.874002 0.073240
v -0.375418 0.874002 -0.000000
v -0.054979 0.899359 0.132730
v -0.028028 0.900155 0.067665
v -0.040691 0.900155 0.060897
v -0.079817 0.899359 0.119454
v 0.256686 0.887898 0.256687
v -0.079817 0.898067 0.192694
v -0.054979 0.899359 0.132730
v -0.079817 0.899359 0.119454
v -0.115876 0.898067 0.173420
v -0.138918 0.887898 -0.335378
v -0.115876 0.898067 0.173420
v -0.269312 0.896327 0.111552
v -0.335378 0.887898 0.138918
v -0.040691 0.900155 0.060897
v -0.000000 0.900424 0.000000
v -0.051789 0.900155 0.051789
v -0.079817 0.899359 0.119454
v -0.040691 0.900155 0.060897
v -0.051789 0.900155 0.051789
v -0.101588 0.899359 0.101587
v -0.115876 0.898067 0.173420
v -0.079817 0.899359 0.119454
v -0.101588 0.899359 0.101587
v -0.147482 0.898067 0.147482
v -0.147482 0.898067 0.147482
v -0.101588 0.899359 0.101587
v -0.051789 0.900155 0.051789
v -0.060897 0.900155 0.040690
v -0.119454 0.899359 0.079817
v -0.147482 0.898067 0.147482
v -0.101588 0.899359 0.101587
v -0.119454 0.899359 0.079817
v -0.173421 0.898067 0.115876
v -0.173421 0.898067 0.115876
v -0.346841 0.874002 0.143666
v -0.346841 0.799497 0.143666
v -0.051789 0.900155 0.051789
v -0.000000 0.900424 0.000000
v -0.060897 0.900155 0.040690
v -0.060897 0.900155 0.040690
v -0.000000 0.900424 0.000000
v -0.067666 0.900155 0.028028
v -0.285900 0.896327 0.056869
v -0.356035 0.887898 0.070820
v -0.119454 0.899359 0.079817
v -0.060897 0.900155 0.040690
v -0.067666 0.900155 0.028028
v -0.132731 0.899359 0.054979
v -0.173421 0.898067 0.115876
v -0.119454 0.899359 0.079817
v -0.132731 0.899359 0.054979
v -0.192695 0.898067 0.079817
v -0.192695 0.898067 0.079817
v -0.132731 0.899359 0.054979
v -0.067666 0.900155 0.028028
v -0.071833 0.900155 0.014288
v -0.140906 0.899359 0.028028
v -0.192695 0.898067 0.079817
v -0.132731 0.899359 0.054979
v -0.140906 0.899359 0.028028
v -0.204564 0.898067 0.040690
v -0.204564 0.898067 0.040690
v -0.363010 0.887898 -0.000000
v -0.067666 0.900155 0.028028
v -0.000000 0.900424 0.000000
v -0.071833 0.900155 0.014288
v 0.070819 0.887898 0.356035
v -0.071833 0.900155 0.014288
v -0.000000 0.900424 0.000000
v -0.073241 0.900155 -0.000000
v -0.140906 0.899359 0.028028
v -0.071833 0.900155 0.014288
v -0.073241 0.900155 -0.000000
v -0.143667 0.899359 -0.000000
v -0.204564 0.898067 0.040690
v -0.140906 0.899359 0.028028
v -0.143667 0.899359 -0.000000
v -0.208571 0.898067 -0.000000
vn -0.0037 1.0000 -0.0004
vn -0.0113 0.9999 -0.0011
vn -0.0199 0.9998 -0.0020
vn -0.0707 0.9974 -0.0141
vn -0.0721 0.9974 -0.0000
vn -0.0205 0.9998 -0.0000
vn -0.0202 0.9998 -0.0040
vn -0.8657 0.3492 -0.3586
vn -0.9239 -0.0000 -0.3827
vn -0.9808 -0.0000 -0.1951
vn -0.9190 0.3492 -0.1828
vn -0.7791 0.3492 -0.5206
vn -0.8315 -0.0000 -0.5556
vn -0.0035 1.0000 -0.0011
vn -0.0109 0.9999 -0.0033
vn -0.0191 0.9998 -0.0058
vn -0.0666 0.9974 -0.0276
vn -0.0189 0.9998 -0.0078
vn -0.0033 1.0000 -0.0017
vn -0.0100 0.9999 -0.0054
vn -0.0176 0.9998 -0.0094
vn -0.0599 0.9974 -0.0401
vn -0.0170 0.9998 -0.0113
vn -0.6626 0.3492 -0.6626
vn -0.7071 -0.0000 -0.7071
vn -0.5206 0.3492 -0.7791
vn -0.5556 -0.0000 -0.8315
vn -0.0029 1.0000 -0.0023
vn -0.0088 0.9999 -0.0072
vn -0.0155 0.9998 -0.0127
vn -0.0510 0.9974 -0.0510
vn -0.0148 0.9998 -0.0148
vn -0.0072 0.9999 -0.0088
vn -0.0127 0.9998 -0.0155
vn -0.0401 0.9974 -0.0599
vn -0.0114 0.9998 -0.0170
vn -0.3586 0.3492 -0.8657
vn -0.3827 -0.0000 -0.9239
vn -0.0023 1.0000 -0.0029
vn -0.0017 1.0000 -0.0033
vn -0.0054 0.9999 -0.0100
vn -0.0094 0.9998 -0.0176
vn -0.0276 0.9974 -0.0666
vn -0.0078 0.9998 -0.0189
vn -0.1828 0.3492 -0.9190
vn -0.1951 -0.0000 -0.9808
vn -0.0033 0.9999 -0.0109
vn -0.0058 0.9998 -0.0191
vn -0.0141 0.9974 -0.0707
vn -0.0041 0.9998 -0.0206
vn -0.0000 0.3492 -0.9370
vn -0.0000 -0.0000 -1.0000
vn -0.0011 1.0000 -0.0035
vn -0.0004 1.0000 -0.0037
vn -0.0011 0.9999 -0.0113
vn -0.0020 0.9998 -0.0199
vn -0.0000 0.9974 -0.0721
vn -0.0000 0.9998 -0.0205
vn 0.1828 0.3492 -0.9190
vn 0.1951 -0.0000 -0.9808
vn 0.0020 0.9998 -0.0199
vn 0.0141 0.9974 -0.0707
vn 0.0040 0.9998 -0.0202
vn 0.3586 0.3492 -0.8657
vn 0.3827 -0.0000 -0.9239
vn 0.0004 1.0000 -0.0037
vn 0.0011 0.9999 -0.0113
vn 0.0011 1.0000 -0.0035
vn 0.0033 0.9999 -0.0109
vn 0.0058 0.9998 -0.0191
vn 0.0276 0.9974 -0.0666
vn 0.0078 0.9998 -0.0189
vn 0.5206 0.3492 -0.7791
vn 0.5556 -0.0000 -0.8315
vn 0.0401 0.9974 -0.0599
vn 0.0114 0.9998 -0.0170
vn 0.6626 0.3492 -0.6626
vn 0.7071 -0.0000 -0.7071
vn 0.0017 1.0000 -0.0033
vn 0.0054 0.9999 -0.0100
vn 0.0094 0.9998 -0.0176
vn 0.0023 1.0000 -0.0029
vn 0.0072 0.9999 -0.0088
vn 0.0127 0.9998 -0.0155
vn 0.0510 0.9974 -0.0510
vn 0.0148 0.9998 -0.0148
vn 0.7791 0.3492 -0.5206
vn 0.8315 -0.0000 -0.5556
vn 0.0599 0.9974 -0.0401
vn 0.0170 0.9998 -0.0114
vn 0.8657 0.3492 -0.3586
vn 0.9239 -0.0000 -0.3827
vn 0.0029 1.0000 -0.0023
vn 0.0088 0.9999 -0.0072
vn 0.0155 0.9998 -0.0127
vn 0.0033 1.0000 -0.0017
vn 0.0100 0.9999 -0.0054
vn 0.0176 0.9998 -0.0094
vn 0.0666 0.9974 -0.0276
vn 0.0189 0.9998 -0.0078
vn 0.9190 0.3492 -0.1828
vn 0.9808 -0.0000 -0.1951
vn 0.9370 0.3492 -0.0000
vn 1.0000 -0.0000 -0.0000
vn 0.0035 1.0000 -0.0011
vn 0.0109 0.9999 -0.0033
vn 0.0191 0.9998 -0.0058
vn 0.0707 0.9974 -0.0141
vn 0.0206 0.9998 -0.0041
vn 0.0037 1.0000 -0.0004
vn 0.0113 0.9999 -0.0011
vn 0.0199 0.9998 -0.0020
vn 0.0721 0.9974 -0.0000
vn 0.0205 0.9998 -0.0000
vn 0.9190 0.3492 0.1828
vn 0.9808 -0.0000 0.1951
vn 0.8657 0.3492 0.3586
vn 0.9239 -0.0000 0.3827
vn 0.0037 1.0000 0.0004
vn 0.0113 0.9999 0.0011
vn 0.0199 0.9998 0.0020
vn 0.0707 0.9974 0.0141
vn 0.0202 0.9998 0.0040
vn 0.0109 0.9999 0.0033
vn 0.0191 0.9998 0.0058
vn 0.0666 0.9974 0.0276
vn 0.0189 0.9998 0.0078
vn 0.7791 0.3492 0.5206
vn 0.8315 -0.0000 0.5556
vn 0.0035 1.0000 0.0011
vn 0.0033 1.0000 0.0017
vn 0.0100 0.9999 0.0054
vn 0.0176 0.9998 0.0094
vn 0.0599 0.9974 0.0401
vn 0.0170 0.9998 0.0114
vn 0.6626 0.3492 0.6626
vn 0.7071 -0.0000 0.7071
vn 0.0155 0.9998 0.0127
vn 0.0510 0.9974 0.0510
vn 0.0148 0.9998 0.0148
vn 0.5206 0.3492 0.7791
vn 0.5556 -0.0000 0.8315
vn 0.0029 1.0000 0.0023
vn 0.0088 0.9999 0.0072
vn 0.0023 1.0000 0.0029
vn 0.0072 0.9999 0.0088
vn 0.0127 0.9998 0.0155
vn 0.0401 0.9974 0.0599
vn 0.0113 0.9998 0.0170
vn 0.3586 0.3492 0.8657
vn 0.3827 -0.0000 0.9239
vn 0.0094 0.9998 0.0176
vn 0.0276 0.9974 0.0666
vn 0.0078 0.9998 0.0189
vn 0.1828 0.3492 0.9190
vn 0.1951 -0.0000 0.9808
vn 0.0018 1.0000 0.0033
vn 0.0054 0.9999 0.0100
vn 0.0011 1.0000 0.0035
vn 0.0033 0.9999 0.0109
vn 0.0058 0.9998 0.0191
vn 0.0141 0.9974 0.0707
vn 0.0041 0.9998 0.0206
vn -0.0000 0.3492 0.9370
vn -0.0000 -0.0000 1.0000
vn -0.7791 0.3492 0.5206
vn -0.8315 -0.0000 0.5556
vn -0.7071 -0.0000 0.7071
vn -0.6626 0.3492 0.6626
vn -0.0000 0.9974 0.0721
vn -0.0000 0.9998 0.0206
vn 0.4693 0.8781 -0.0934
vn 0.4421 0.8781 -0.1831
vn -0.1828 0.3492 0.9190
vn -0.1951 -0.0000 0.9808
vn -0.2659 0.8781 -0.3979
vn -0.3384 0.8781 -0.3384
vn -0.4421 0.8781 -0.1831
vn -0.4693 0.8781 -0.0933
vn 0.0004 1.0000 0.0037
vn -0.0141 0.9974 0.0707
vn -0.0276 0.9974 0.0666
vn -0.1831 0.8781 0.4421
vn -0.0934 0.8781 0.4693
vn 0.0011 0.9999 0.0113
vn 0.0020 0.9998 0.0199
vn 0.3979 0.8781 -0.2658
vn 0.3384 0.8781 -0.3384
vn -0.0004 1.0000 0.0037
vn -0.0510 0.9974 0.0510
vn -0.0599 0.9974 0.0401
vn -0.3979 0.8781 0.2658
vn -0.3384 0.8781 0.3384
vn -0.0000 0.8781 -0.4785
vn -0.0934 0.8781 -0.4693
vn -0.0011 0.9999 0.0113
vn 0.4421 0.8781 0.1831
vn 0.4693 0.8781 0.0933
vn -0.0020 0.9998 0.0199
vn -0.3979 0.8781 -0.2658
vn -0.0040 0.9998 0.0202
vn 0.0934 0.8781 -0.4693
vn -0.3586 0.3492 0.8657
vn -0.3827 -0.0000 0.9239
vn -0.0401 0.9974 0.0599
vn -0.2659 0.8781 0.3979
vn 0.4785 0.8781 -0.0000
vn -0.0078 0.9998 0.0189
vn -0.0000 0.8781 0.4785
vn -0.5206 0.3492 0.7791
vn -0.5556 -0.0000 0.8315
vn 0.2659 0.8781 -0.3979
vn 0.1831 0.8781 -0.4421
vn -0.0011 1.0000 0.0035
vn 0.3979 0.8781 0.2658
vn -0.0033 0.9999 0.0109
vn -0.0058 0.9998 0.0191
vn -0.0018 1.0000 0.0033
vn 0.1831 0.8781 0.4421
vn 0.2659 0.8781 0.3979
vn -0.9370 0.3492 -0.0000
vn -1.0000 -0.0000 -0.0000
vn -0.9808 -0.0000 0.1951
vn -0.9190 0.3492 0.1828
vn -0.0054 0.9999 0.0100
vn 0.3384 0.8781 0.3384
vn -0.0094 0.9998 0.0176
vn -0.1831 0.8781 -0.4421
vn -0.0114 0.9998 0.0170
vn -0.0666 0.9974 0.0276
vn -0.4421 0.8781 0.1831
vn -0.0023 1.0000 0.0029
vn -0.0072 0.9999 0.0088
vn -0.0127 0.9998 0.0155
vn -0.0148 0.9998 0.0148
vn -0.0088 0.9999 0.0072
vn -0.0155 0.9998 0.0127
vn -0.0170 0.9998 0.0114
vn -0.8657 0.3492 0.3586
vn -0.9239 -0.0000 0.3827
vn -0.0029 1.0000 0.0023
vn -0.0033 1.0000 0.0017
vn -0.0707 0.9974 0.0141
vn -0.4693 0.8781 0.0934
vn -0.0100 0.9999 0.0054
vn -0.0176 0.9998 0.0094
vn -0.0189 0.9998 0.0078
vn -0.0109 0.9999 0.0033
vn -0.0191 0.9998 0.0058
vn -0.0206 0.9998 0.0041
vn -0.4785 0.8781 -0.0000
vn -0.0035 1.0000 0.0011
vn 0.0934 0.8781 0.4693
vn -0.0037 1.0000 0.0004
vn -0.0113 0.9999 0.0011
vn -0.0199 0.9998 0.0020
vt 0.273998 0.939598
vt 0.281187 0.943635
vt 0.274923 0.938274
vt 0.268903 0.933126
vt 0.267092 0.935723
vt 0.263355 0.928389
vt 0.260729 0.932158
vt 0.256271 0.922343
vt 0.252601 0.927611
vt 0.254517 0.909842
vt 0.248730 0.902505
vt 0.241151 0.909466
vt 0.248510 0.915745
vt 0.261637 0.905367
vt 0.257251 0.896788
vt 0.276088 0.937155
vt 0.271185 0.930932
vt 0.266666 0.925202
vt 0.260890 0.917887
vt 0.277449 0.936284
vt 0.273852 0.929223
vt 0.270534 0.922721
vt 0.266292 0.914423
vt 0.269427 0.902194
vt 0.266876 0.893268
vt 0.277739 0.900718
vt 0.276826 0.891253
vt 0.278954 0.935696
vt 0.276802 0.928067
vt 0.274813 0.921040
vt 0.272263 0.912066
vt 0.279921 0.927507
vt 0.280546 0.935412
vt 0.279339 0.920225
vt 0.278583 0.910924
vt 0.286157 0.900894
vt 0.287249 0.891172
vt 0.282162 0.935443
vt 0.283092 0.927567
vt 0.283941 0.920307
vt 0.285015 0.911036
vt 0.294446 0.902580
vt 0.297339 0.893624
vt 0.286191 0.928243
vt 0.283742 0.935790
vt 0.288441 0.921285
vt 0.291308 0.912391
vt 0.302165 0.906015
vt 0.306880 0.897552
vt 0.285224 0.936438
vt 0.289099 0.929512
vt 0.292665 0.923123
vt 0.297214 0.914958
vt 0.309165 0.910742
vt 0.315195 0.903628
vt 0.296452 0.925752
vt 0.291706 0.931325
vt 0.302513 0.918620
vt 0.315036 0.916857
vt 0.322430 0.910810
vt 0.286552 0.937364
vt 0.287673 0.938531
vt 0.293909 0.933612
vt 0.299655 0.929070
vt 0.306990 0.923255
vt 0.319586 0.923983
vt 0.328314 0.919467
vt 0.310483 0.928683
vt 0.302150 0.932953
vt 0.322803 0.931850
vt 0.331905 0.929259
vt 0.288546 0.939894
vt 0.295624 0.936287
vt 0.289135 0.941402
vt 0.296784 0.939247
vt 0.303839 0.937251
vt 0.312858 0.934688
vt 0.324256 0.940218
vt 0.333967 0.939429
vt 0.314011 0.941051
vt 0.304656 0.941800
vt 0.324202 0.948712
vt 0.333537 0.949787
vt 0.289419 0.942997
vt 0.297343 0.942377
vt 0.289385 0.944616
vt 0.297279 0.945558
vt 0.304567 0.946423
vt 0.313898 0.947524
vt 0.322342 0.957042
vt 0.331566 0.959884
vt 0.318870 0.964816
vt 0.327573 0.969709
vt 0.289036 0.946198
vt 0.296594 0.948665
vt 0.303572 0.950940
vt 0.312505 0.953848
vt 0.288385 0.947681
vt 0.295314 0.951578
vt 0.301711 0.955177
vt 0.309891 0.959782
vt 0.314025 0.971826
vt 0.321254 0.978237
vt 0.307858 0.977742
vt 0.313641 0.985182
vt 0.287456 0.949008
vt 0.293489 0.954185
vt 0.299055 0.958966
vt 0.306172 0.965093
vt 0.291190 0.956383
vt 0.286286 0.950128
vt 0.295710 0.962159
vt 0.301486 0.969560
vt 0.300616 0.982174
vt 0.304985 0.990959
vt 0.284920 0.950998
vt 0.288506 0.958088
vt 0.291807 0.964633
vt 0.296016 0.973006
vt 0.292731 0.985238
vt 0.295131 0.994477
vt 0.287499 0.966295
vt 0.285542 0.959235
vt 0.289988 0.975324
vt 0.284378 0.986706
vt 0.285049 0.996008
vt 0.283411 0.951584
vt 0.281817 0.951864
vt 0.282413 0.959781
vt 0.282954 0.967082
vt 0.283634 0.976419
vt 0.275943 0.986392
vt 0.274756 0.996008
vt 0.278346 0.966967
vt 0.279240 0.959705
vt 0.277195 0.976245
vt 0.267674 0.984607
vt 0.264727 0.993549
vt 0.280199 0.951827
vt 0.278620 0.951476
vt 0.276143 0.959012
vt 0.273851 0.965956
vt 0.270913 0.974827
vt 0.259993 0.981078
vt 0.255134 0.989577
vt 0.238331 0.946927
vt 0.229200 0.947631
vt 0.230718 0.957566
vt 0.239824 0.955179
vt 0.265035 0.972202
vt 0.269643 0.964088
vt 0.320283 0.956351
vt 0.322040 0.948456
vt 0.253089 0.976246
vt 0.246756 0.983354
vt 0.277897 0.902860
vt 0.270015 0.904267
vt 0.255847 0.911538
vt 0.250126 0.917135
vt 0.277141 0.950823
vt 0.259781 0.968492
vt 0.255360 0.963837
vt 0.248966 0.968828
vt 0.254496 0.974623
vt 0.273243 0.957729
vt 0.322113 0.940385
vt 0.320708 0.932443
vt 0.275818 0.949896
vt 0.249633 0.952437
vt 0.248525 0.946137
vt 0.240467 0.946773
vt 0.241879 0.954609
vt 0.301119 0.907880
vt 0.293778 0.904639
vt 0.270650 0.955906
vt 0.306534 0.976012
vt 0.312378 0.970409
vt 0.265882 0.961438
vt 0.262600 0.907267
vt 0.307764 0.912391
vt 0.247253 0.970135
vt 0.239905 0.975841
vt 0.251943 0.958412
vt 0.244776 0.962034
vt 0.316991 0.963748
vt 0.262712 0.958108
vt 0.261065 0.979227
vt 0.242869 0.962972
vt 0.234199 0.967292
vt 0.317673 0.924961
vt 0.313337 0.918183
vt 0.274701 0.948728
vt 0.299670 0.980245
vt 0.268463 0.953614
vt 0.273833 0.947365
vt 0.276220 0.984270
vt 0.284238 0.984547
vt 0.243638 0.922607
vt 0.235455 0.918041
vt 0.231118 0.927413
vt 0.240382 0.930371
vt 0.266765 0.950942
vt 0.292161 0.983158
vt 0.260254 0.954229
vt 0.285909 0.903018
vt 0.248666 0.939744
vt 0.240670 0.938815
vt 0.273248 0.945859
vt 0.265620 0.947991
vt 0.258597 0.949948
vt 0.265071 0.944875
vt 0.272967 0.944269
vt 0.257803 0.945430
vt 0.238552 0.938544
vt 0.229174 0.937579
vt 0.273001 0.942654
vt 0.250046 0.933493
vt 0.242408 0.931029
vt 0.265139 0.941711
vt 0.257901 0.940845
vt 0.265821 0.938622
vt 0.273349 0.941077
vt 0.258889 0.936364
vt 0.245516 0.923662
vt 0.268368 0.982556
s 0
usemtl DefaultMaterial
f 7670/5208/3468 7671/5209/3468 7672/5210/3468
f 7676/5211/3469 7673/5212/3469 7674/5208/3469
s 1
f 7674/5208/3469 7675/5210/3469 7676/5211/3469
s 0
f 7680/5213/3470 7677/5214/3470 7678/5212/3470
f 7678/5212/3470 7679/5211/3470 7680/5213/3470
s 1
f 7684/5215/3471 7681/5216/3472 7682/5214/3473
f 7682/5214/3473 7683/5213/3474 7684/5215/3471
f 7688/5217/3475 7685/5218/3476 7686/5219/3477
f 7686/5219/3477 7687/5220/3478 7688/5217/3475
f 7688/5217/3475 7689/5221/3479 7690/5222/3480
f 7690/5222/3480 7685/5218/3476 7688/5217/3475
s 0
f 7691/5210/3481 7692/5209/3481 7693/5223/3481
f 7697/5224/3482 7694/5211/3482 7695/5210/3482
f 7695/5210/3482 7696/5223/3482 7697/5224/3482
f 7701/5225/3483 7698/5213/3483 7699/5211/3483
f 7699/5211/3483 7700/5224/3483 7701/5225/3483
s 1
f 7703/5226/3484 7684/5215/3471 7683/5213/3474
f 7683/5213/3474 7702/5225/3485 7703/5226/3484
s 0
f 7704/5223/3486 7705/5209/3486 7706/5227/3486
f 7710/5228/3487 7707/5224/3487 7708/5223/3487
f 7708/5223/3487 7709/5227/3487 7710/5228/3487
f 7714/5229/3488 7711/5225/3488 7712/5224/3488
f 7712/5224/3488 7713/5228/3488 7714/5229/3488
s 1
f 7716/5230/3489 7703/5226/3484 7702/5225/3485
f 7702/5225/3485 7715/5229/3490 7716/5230/3489
f 7718/5231/3491 7717/5232/3492 7690/5222/3480
f 7690/5222/3480 7689/5221/3479 7718/5231/3491
f 7718/5231/3491 7719/5233/3493 7720/5234/3494
f 7720/5234/3494 7717/5232/3492 7718/5231/3491
s 0
f 7721/5227/3495 7722/5209/3495 7723/5235/3495
f 7727/5236/3496 7724/5228/3496 7725/5227/3496
f 7725/5227/3496 7726/5235/3496 7727/5236/3496
f 7731/5237/3497 7728/5229/3497 7729/5228/3497
f 7729/5228/3497 7730/5236/3497 7731/5237/3497
s 1
f 7733/5238/3498 7716/5230/3489 7715/5229/3490
f 7715/5229/3490 7732/5237/3499 7733/5238/3498
s 0
f 7737/5239/3500 7734/5236/3500 7735/5235/3500
f 7735/5235/3500 7736/5240/3500 7737/5239/3500
f 7741/5241/3501 7738/5237/3501 7739/5236/3501
f 7739/5236/3501 7740/5239/3501 7741/5241/3501
s 1
f 7743/5242/3502 7733/5238/3498 7732/5237/3499
f 7732/5237/3499 7742/5241/3503 7743/5242/3502
f 7719/5233/3493 7744/5243/3504 7745/5244/3505
f 7745/5244/3505 7720/5234/3494 7719/5233/3493
s 0
f 7746/5235/3506 7747/5209/3506 7748/5240/3506
f 7749/5240/3507 7750/5209/3507 7751/5245/3507
f 7755/5246/3508 7752/5239/3508 7753/5240/3508
f 7753/5240/3508 7754/5245/3508 7755/5246/3508
f 7759/5247/3509 7756/5241/3509 7757/5239/3509
f 7757/5239/3509 7758/5246/3509 7759/5247/3509
s 1
f 7761/5248/3510 7743/5242/3502 7742/5241/3503
f 7742/5241/3503 7760/5247/3511 7761/5248/3510
f 7763/5249/3512 7762/5250/3513 7745/5244/3505
f 7745/5244/3505 7744/5243/3504 7763/5249/3512
s 0
f 7767/5251/3514 7764/5246/3514 7765/5245/3514
f 7765/5245/3514 7766/5252/3514 7767/5251/3514
f 7771/5253/3515 7768/5247/3515 7769/5246/3515
f 7769/5246/3515 7770/5251/3515 7771/5253/3515
s 1
f 7773/5254/3516 7761/5248/3510 7760/5247/3511
f 7760/5247/3511 7772/5253/3517 7773/5254/3516
f 7763/5249/3512 7774/5255/3518 7775/5256/3519
f 7775/5256/3519 7762/5250/3513 7763/5249/3512
s 0
f 7776/5245/3520 7777/5209/3520 7778/5252/3520
f 7779/5252/3521 7780/5209/3521 7781/5257/3521
f 7785/5258/3522 7782/5251/3522 7783/5252/3522
f 7783/5252/3522 7784/5257/3522 7785/5258/3522
f 7789/5259/3523 7786/5253/3523 7787/5251/3523
f 7787/5251/3523 7788/5258/3523 7789/5259/3523
s 1
f 7791/5260/3524 7773/5254/3516 7772/5253/3517
f 7772/5253/3517 7790/5259/3525 7791/5260/3524
f 7774/5255/3518 7792/5261/3526 7793/5262/3527
f 7793/5262/3527 7775/5256/3519 7774/5255/3518
s 0
f 7797/5263/3528 7794/5259/3528 7795/5258/3528
f 7795/5258/3528 7796/5264/3528 7797/5263/3528
s 1
f 7799/5265/3529 7791/5260/3524 7790/5259/3525
f 7790/5259/3525 7798/5263/3530 7799/5265/3529
f 7792/5261/3526 7800/5266/3531 7801/5267/3532
f 7801/5267/3532 7793/5262/3527 7792/5261/3526
s 0
f 7802/5257/3533 7803/5209/3533 7804/5268/3533
f 7808/5264/3534 7805/5258/3534 7806/5257/3534
f 7806/5257/3534 7807/5268/3534 7808/5264/3534
f 7809/5268/3535 7810/5209/3535 7811/5269/3535
f 7815/5270/3536 7812/5264/3536 7813/5268/3536
f 7813/5268/3536 7814/5269/3536 7815/5270/3536
f 7819/5271/3537 7816/5263/3537 7817/5264/3537
f 7817/5264/3537 7818/5270/3537 7819/5271/3537
s 1
f 7821/5272/3538 7799/5265/3529 7798/5263/3530
f 7798/5263/3530 7820/5271/3539 7821/5272/3538
f 7800/5266/3531 7822/5273/3540 7823/5274/3541
f 7823/5274/3541 7801/5267/3532 7800/5266/3531
f 7825/5275/3542 7821/5272/3538 7820/5271/3539
f 7820/5271/3539 7824/5276/3543 7825/5275/3542
f 7827/5277/3544 7826/5278/3545 7823/5274/3541
f 7823/5274/3541 7822/5273/3540 7827/5277/3544
s 0
f 7828/5269/3546 7829/5209/3546 7830/5279/3546
f 7834/5280/3547 7831/5270/3547 7832/5269/3547
f 7832/5269/3547 7833/5279/3547 7834/5280/3547
f 7838/5276/3548 7835/5271/3548 7836/5270/3548
f 7836/5270/3548 7837/5280/3548 7838/5276/3548
f 7839/5279/3549 7840/5209/3549 7841/5281/3549
f 7845/5282/3550 7842/5280/3550 7843/5279/3550
f 7843/5279/3550 7844/5281/3550 7845/5282/3550
f 7849/5283/3551 7846/5276/3551 7847/5280/3551
f 7847/5280/3551 7848/5282/3551 7849/5283/3551
s 1
f 7851/5284/3552 7825/5275/3542 7824/5276/3543
f 7824/5276/3543 7850/5283/3553 7851/5284/3552
f 7827/5277/3544 7852/5285/3554 7853/5286/3555
f 7853/5286/3555 7826/5278/3545 7827/5277/3544
f 7855/5287/3556 7851/5284/3552 7850/5283/3553
f 7850/5283/3553 7854/5288/3557 7855/5287/3556
f 7857/5289/3558 7856/5290/3559 7853/5286/3555
f 7853/5286/3555 7852/5285/3554 7857/5289/3558
s 0
f 7858/5281/3560 7859/5209/3560 7860/5291/3560
f 7864/5292/3561 7861/5282/3561 7862/5281/3561
f 7862/5281/3561 7863/5291/3561 7864/5292/3561
f 7868/5288/3562 7865/5283/3562 7866/5282/3562
f 7866/5282/3562 7867/5292/3562 7868/5288/3562
f 7869/5291/3563 7870/5209/3563 7871/5293/3563
f 7875/5294/3564 7872/5292/3564 7873/5291/3564
f 7873/5291/3564 7874/5293/3564 7875/5294/3564
f 7879/5295/3565 7876/5288/3565 7877/5292/3565
f 7877/5292/3565 7878/5294/3565 7879/5295/3565
s 1
f 7881/5296/3566 7855/5287/3556 7854/5288/3557
f 7854/5288/3557 7880/5295/3567 7881/5296/3566
f 7857/5289/3558 7882/5297/3568 7883/5298/3569
f 7883/5298/3569 7856/5290/3559 7857/5289/3558
f 7882/5297/3568 7884/5299/3570 7885/5300/3571
f 7885/5300/3571 7883/5298/3569 7882/5297/3568
s 0
f 7886/5293/3572 7887/5209/3572 7888/5301/3572
f 7892/5302/3573 7889/5294/3573 7890/5293/3573
f 7890/5293/3573 7891/5301/3573 7892/5302/3573
f 7896/5303/3574 7893/5295/3574 7894/5294/3574
f 7894/5294/3574 7895/5302/3574 7896/5303/3574
s 1
f 7898/5304/3575 7881/5296/3566 7880/5295/3567
f 7880/5295/3567 7897/5303/3576 7898/5304/3575
s 0
f 7899/5301/3577 7900/5209/3577 7901/5305/3577
f 7905/5306/3578 7902/5302/3578 7903/5301/3578
s 1
f 7903/5301/3578 7904/5305/3578 7905/5306/3578
s 0
f 7909/5307/3579 7906/5303/3579 7907/5302/3579
f 7907/5302/3579 7908/5306/3579 7909/5307/3579
s 1
f 7911/5308/3580 7898/5304/3575 7897/5303/3576
f 7897/5303/3576 7910/5307/3581 7911/5308/3580
f 7913/5309/3582 7912/5310/3583 7885/5300/3571
f 7885/5300/3571 7884/5299/3570 7913/5309/3582
f 7915/5311/3584 7914/5312/3585 7912/5310/3583
f 7912/5310/3583 7913/5309/3582 7915/5311/3584
s 0
f 7916/5305/3586 7917/5209/3586 7918/5313/3586
f 7922/5314/3587 7919/5306/3587 7920/5305/3587
f 7920/5305/3587 7921/5313/3587 7922/5314/3587
f 7926/5315/3588 7923/5307/3588 7924/5306/3588
f 7924/5306/3588 7925/5314/3588 7926/5315/3588
s 1
f 7928/5316/3589 7911/5308/3580 7910/5307/3581
f 7910/5307/3581 7927/5315/3590 7928/5316/3589
s 0
f 7932/5317/3591 7929/5314/3591 7930/5313/3591
f 7930/5313/3591 7931/5318/3591 7932/5317/3591
f 7936/5319/3592 7933/5315/3592 7934/5314/3592
f 7934/5314/3592 7935/5317/3592 7936/5319/3592
s 1
f 7938/5320/3593 7928/5316/3589 7927/5315/3590
f 7927/5315/3590 7937/5319/3594 7938/5320/3593
f 7915/5311/3584 7939/5321/3595 7940/5322/3596
f 7940/5322/3596 7914/5312/3585 7915/5311/3584
s 0
f 7941/5313/3597 7942/5209/3597 7943/5318/3597
f 7944/5318/3598 7945/5209/3598 7946/5323/3598
s 1
f 7950/5324/3599 7947/5317/3599 7948/5318/3599
s 0
f 7948/5318/3599 7949/5323/3599 7950/5324/3599
f 7954/5325/3600 7951/5319/3600 7952/5317/3600
f 7952/5317/3600 7953/5324/3600 7954/5325/3600
s 1
f 7956/5326/3601 7938/5320/3593 7937/5319/3594
f 7937/5319/3594 7955/5325/3602 7956/5326/3601
f 7958/5327/3603 7957/5328/3604 7940/5322/3596
f 7940/5322/3596 7939/5321/3595 7958/5327/3603
s 0
f 7962/5329/3605 7959/5325/3605 7960/5324/3605
f 7960/5324/3605 7961/5330/3605 7962/5329/3605
s 1
f 7964/5331/3606 7956/5326/3601 7955/5325/3602
f 7955/5325/3602 7963/5329/3607 7964/5331/3606
f 7966/5332/3608 7965/5333/3609 7957/5328/3604
f 7957/5328/3604 7958/5327/3603 7966/5332/3608
s 0
f 7967/5323/3610 7968/5209/3610 7969/5334/3610
f 7973/5330/3611 7970/5324/3611 7971/5323/3611
f 7971/5323/3611 7972/5334/3611 7973/5330/3611
f 7974/5334/3612 7975/5209/3612 7976/5335/3612
s 1
f 7980/5336/3613 7977/5330/3613 7978/5334/3613
s 0
f 7978/5334/3613 7979/5335/3613 7980/5336/3613
f 7984/5337/3614 7981/5329/3614 7982/5330/3614
f 7982/5330/3614 7983/5336/3614 7984/5337/3614
s 1
f 7986/5338/3615 7964/5331/3606 7963/5329/3607
f 7963/5329/3607 7985/5337/3616 7986/5338/3615
f 7966/5332/3608 7987/5339/3617 7988/5340/3618
f 7988/5340/3618 7965/5333/3609 7966/5332/3608
s 0
f 7992/5341/3619 7989/5337/3619 7990/5336/3619
f 7990/5336/3619 7991/5342/3619 7992/5341/3619
s 1
f 7994/5343/3620 7986/5338/3615 7985/5337/3616
f 7985/5337/3616 7993/5341/3621 7994/5343/3620
f 7996/5344/3622 7995/5345/3623 7988/5340/3618
f 7988/5340/3618 7987/5339/3617 7996/5344/3622
s 0
f 7997/5335/3624 7998/5209/3624 7999/5346/3624
f 8003/5342/3625 8000/5336/3625 8001/5335/3625
f 8001/5335/3625 8002/5346/3625 8003/5342/3625
f 8004/5346/3626 8005/5209/3626 8006/5347/3626
f 8010/5348/3627 8007/5342/3627 8008/5346/3627
f 8008/5346/3627 8009/5347/3627 8010/5348/3627
f 8014/5349/3628 8011/5341/3628 8012/5342/3628
f 8012/5342/3628 8013/5348/3628 8014/5349/3628
s 1
f 8016/5350/3629 7994/5343/3620 7993/5341/3621
f 7993/5341/3621 8015/5349/3630 8016/5350/3629
f 7996/5344/3622 8017/5351/3631 8018/5352/3632
f 8018/5352/3632 7995/5345/3623 7996/5344/3622
f 8022/5353/3633 8019/5354/3634 8020/5355/3635
f 8020/5355/3635 8021/5356/3636 8022/5353/3633
f 8024/5357/3637 8016/5350/3629 8015/5349/3630
f 8015/5349/3630 8023/5358/3638 8024/5357/3637
f 7881/5296/3566 7898/5304/3575 8025/5359/3639
f 8025/5359/3639 8026/5360/3640 7881/5296/3566
f 8028/5361/3641 8027/5362/3642 8018/5352/3632
f 8018/5352/3632 8017/5351/3631 8028/5361/3641
f 7733/5238/3498 7743/5242/3502 8029/5363/3643
f 8029/5363/3643 8030/5364/3644 7733/5238/3498
f 7684/5215/3471 7703/5226/3484 8031/5365/3645
f 8031/5365/3645 8032/5366/3646 7684/5215/3471
s 0
f 8033/5347/3647 8034/5209/3647 8035/5367/3647
s 1
f 8039/5368/3648 8036/5369/3649 8037/5370/3650
f 8037/5370/3650 8038/5371/3651 8039/5368/3648
s 0
f 8043/5372/3652 8040/5348/3652 8041/5347/3652
f 8041/5347/3652 8042/5367/3652 8043/5372/3652
f 8047/5358/3653 8044/5349/3653 8045/5348/3653
f 8045/5348/3653 8046/5372/3653 8047/5358/3653
s 1
f 7851/5284/3552 7855/5287/3556 8048/5373/3654
f 8048/5373/3654 8049/5374/3655 7851/5284/3552
s 0
f 8050/5367/3656 8051/5209/3656 8052/5375/3656
s 1
f 8056/5376/3657 8053/5377/3658 8054/5378/3659
f 8054/5378/3659 8055/5379/3660 8056/5376/3657
f 7773/5254/3516 7791/5260/3524 8057/5380/3661
f 8057/5380/3661 8058/5381/3662 7773/5254/3516
s 0
f 8062/5382/3663 8059/5372/3663 8060/5367/3663
f 8060/5367/3663 8061/5375/3663 8062/5382/3663
s 1
f 7928/5316/3589 7938/5320/3593 8063/5383/3664
f 8063/5383/3664 8064/5384/3665 7928/5316/3589
s 0
f 8068/5385/3666 8065/5358/3666 8066/5372/3666
f 8066/5372/3666 8067/5382/3666 8068/5385/3666
s 1
f 7716/5230/3489 7733/5238/3498 8030/5364/3644
f 8030/5364/3644 8069/5386/3667 7716/5230/3489
f 8039/5368/3648 8024/5357/3637 8023/5358/3638
f 8023/5358/3638 8070/5385/3668 8039/5368/3648
f 7791/5260/3524 7799/5265/3529 8071/5387/3669
f 8071/5387/3669 8057/5380/3661 7791/5260/3524
f 8073/5388/3670 8072/5389/3671 8027/5362/3642
f 8027/5362/3642 8028/5361/3641 8073/5388/3670
f 8036/5369/3649 8074/5390/3672 8075/5391/3673
f 8075/5391/3673 8037/5370/3650 8036/5369/3649
f 7898/5304/3575 7911/5308/3580 8076/5392/3674
f 8076/5392/3674 8025/5359/3639 7898/5304/3575
f 8036/5369/3649 8039/5368/3648 8070/5385/3668
f 8070/5385/3668 8077/5393/3675 8036/5369/3649
f 8024/5357/3637 8039/5368/3648 8038/5371/3651
f 8038/5371/3651 8078/5394/3676 8024/5357/3637
f 8073/5388/3670 8079/5395/3677 8080/5396/3678
f 8080/5396/3678 8072/5389/3671 8073/5388/3670
f 7821/5272/3538 7825/5275/3542 8081/5397/3679
f 8081/5397/3679 8082/5398/3680 7821/5272/3538
f 7703/5226/3484 7716/5230/3489 8069/5386/3667
f 8069/5386/3667 8031/5365/3645 7703/5226/3484
f 8074/5390/3672 8056/5376/3657 8055/5379/3660
f 8055/5379/3660 8075/5391/3673 8074/5390/3672
s 0
f 8083/5375/3681 8084/5209/3681 8085/5399/3681
s 1
f 7799/5265/3529 7821/5272/3538 8082/5398/3680
f 8082/5398/3680 8071/5387/3669 7799/5265/3529
f 7938/5320/3593 7956/5326/3601 8086/5400/3682
f 8086/5400/3682 8063/5383/3664 7938/5320/3593
s 0
f 8090/5401/3683 8087/5382/3683 8088/5375/3683
f 8088/5375/3683 8089/5399/3683 8090/5401/3683
s 1
f 7855/5287/3556 7881/5296/3566 8026/5360/3640
f 8026/5360/3640 8048/5373/3654 7855/5287/3556
s 0
f 8094/5393/3684 8091/5385/3684 8092/5382/3684
f 8092/5382/3684 8093/5401/3684 8094/5393/3684
s 1
f 7911/5308/3580 7928/5316/3589 8064/5384/3665
f 8064/5384/3665 8076/5392/3674 7911/5308/3580
s 0
f 8095/5399/3685 8096/5209/3685 8097/5402/3685
s 1
f 7986/5338/3615 7994/5343/3620 8098/5403/3686
f 8098/5403/3686 8099/5404/3687 7986/5338/3615
f 8103/5405/3688 8100/5406/3689 8101/5407/3690
f 8101/5407/3690 8102/5408/3691 8103/5405/3688
f 8107/5409/3692 8104/5401/3692 8105/5399/3692
s 0
f 8105/5399/3692 8106/5402/3692 8107/5409/3692
s 1
f 7964/5331/3606 7986/5338/3615 8099/5404/3687
f 8099/5404/3687 8108/5410/3693 7964/5331/3606
s 0
f 8112/5411/3694 8109/5393/3694 8110/5401/3694
f 8110/5401/3694 8111/5409/3694 8112/5411/3694
s 1
f 7743/5242/3502 7761/5248/3510 8113/5412/3695
f 8113/5412/3695 8029/5363/3643 7743/5242/3502
f 8074/5390/3672 8036/5369/3649 8077/5393/3675
f 8077/5393/3675 8114/5411/3696 8074/5390/3672
f 7825/5275/3542 7851/5284/3552 8049/5374/3655
f 8049/5374/3655 8081/5397/3679 7825/5275/3542
f 8021/5356/3636 8020/5355/3635 8080/5396/3678
f 8080/5396/3678 8079/5395/3677 8021/5356/3636
f 8053/5377/3658 8115/5413/3697 8116/5414/3698
f 8116/5414/3698 8054/5378/3659 8053/5377/3658
s 0
f 8117/5402/3699 8118/5209/3699 8119/5415/3699
s 1
f 8103/5405/3688 7687/5220/3478 7686/5219/3477
f 7686/5219/3477 8100/5406/3689 8103/5405/3688
s 0
f 8123/5416/3700 8120/5409/3700 8121/5402/3700
f 8121/5402/3700 8122/5415/3700 8123/5416/3700
f 8127/5417/3701 8124/5411/3701 8125/5409/3701
f 8125/5409/3701 8126/5416/3701 8127/5417/3701
s 1
f 8056/5376/3657 8074/5390/3672 8114/5411/3696
f 8114/5411/3696 8128/5417/3702 8056/5376/3657
f 7956/5326/3601 7964/5331/3606 8108/5410/3693
f 8108/5410/3693 8086/5400/3682 7956/5326/3601
s 0
f 8132/5418/3703 8129/5416/3703 8130/5415/3703
f 8130/5415/3703 8131/5419/3703 8132/5418/3703
f 8136/5420/3704 8133/5417/3704 8134/5416/3704
f 8134/5416/3704 8135/5418/3704 8136/5420/3704
s 1
f 8053/5377/3658 8056/5376/3657 8128/5417/3702
f 8128/5417/3702 8137/5420/3705 8053/5377/3658
f 8022/5353/3633 8138/5421/3706 8139/5422/3707
f 8139/5422/3707 8019/5354/3634 8022/5353/3633
s 0
f 8140/5415/3708 8141/5209/3708 8142/5419/3708
f 8143/5419/3709 8144/5209/3709 8145/5423/3709
s 1
f 8115/5413/3697 8146/5424/3710 8147/5425/3711
f 8147/5425/3711 8116/5414/3698 8115/5413/3697
s 0
f 8151/5426/3712 8148/5418/3712 8149/5419/3712
f 8149/5419/3712 8150/5423/3712 8151/5426/3712
f 8155/5427/3713 8152/5420/3713 8153/5418/3713
f 8153/5418/3713 8154/5426/3713 8155/5427/3713
s 1
f 8115/5413/3697 8053/5377/3658 8137/5420/3705
f 8137/5420/3705 8156/5427/3714 8115/5413/3697
f 8138/5421/3706 8102/5408/3691 8101/5407/3690
f 8101/5407/3690 8139/5422/3707 8138/5421/3706
s 0
f 8160/5428/3715 8157/5426/3715 8158/5423/3715
s 1
f 8158/5423/3715 8159/5429/3715 8160/5428/3715
s 0
f 8164/5430/3716 8161/5427/3716 8162/5426/3716
f 8162/5426/3716 8163/5428/3716 8164/5430/3716
s 1
f 8146/5424/3710 8115/5413/3697 8156/5427/3714
f 8156/5427/3714 8165/5430/3717 8146/5424/3710
f 7681/5216/3472 7684/5215/3471 8032/5366/3646
f 8032/5366/3646 8166/5431/3718 7681/5216/3472
s 0
f 8167/5423/3719 8168/5209/3719 8169/5429/3719
s 1
f 7994/5343/3620 8016/5350/3629 8170/5432/3720
f 8170/5432/3720 8098/5403/3686 7994/5343/3620
f 7761/5248/3510 7773/5254/3516 8058/5381/3662
f 8058/5381/3662 8113/5412/3695 7761/5248/3510
s 0
f 8171/5429/3721 8172/5209/3721 8173/5208/3721
s 1
f 8016/5350/3629 8024/5357/3637 8078/5394/3676
f 8078/5394/3676 8170/5432/3720 8016/5350/3629
s 0
f 8177/5212/3722 8174/5428/3722 8175/5429/3722
f 8175/5429/3722 8176/5208/3722 8177/5212/3722
f 8181/5214/3723 8178/5430/3723 8179/5428/3723
f 8179/5428/3723 8180/5212/3723 8181/5214/3723
s 1
f 7681/5216/3472 8146/5424/3710 8165/5430/3717
f 8165/5430/3717 7682/5214/3473 7681/5216/3472
f 8032/5366/3646 7687/5220/3478 8103/5405/3688
f 8103/5405/3688 8166/5431/3718 8032/5366/3646
f 8031/5365/3645 7688/5217/3475 7687/5220/3478
f 7687/5220/3478 8032/5366/3646 8031/5365/3645
f 7688/5217/3475 8031/5365/3645 8069/5386/3667
f 8069/5386/3667 7689/5221/3479 7688/5217/3475
f 8030/5364/3644 7718/5231/3491 7689/5221/3479
f 7689/5221/3479 8069/5386/3667 8030/5364/3644
f 7718/5231/3491 8030/5364/3644 8029/5363/3643
f 8029/5363/3643 7719/5233/3493 7718/5231/3491
f 8113/5412/3695 7744/5243/3504 7719/5233/3493
f 7719/5233/3493 8029/5363/3643 8113/5412/3695
f 8058/5381/3662 7763/5249/3512 7744/5243/3504
f 7744/5243/3504 8113/5412/3695 8058/5381/3662
f 8057/5380/3661 7774/5255/3518 7763/5249/3512
f 7763/5249/3512 8058/5381/3662 8057/5380/3661
f 8071/5387/3669 7792/5261/3526 7774/5255/3518
f 7774/5255/3518 8057/5380/3661 8071/5387/3669
f 8082/5398/3680 7800/5266/3531 7792/5261/3526
f 7792/5261/3526 8071/5387/3669 8082/5398/3680
f 8081/5397/3679 7822/5273/3540 7800/5266/3531
f 7800/5266/3531 8082/5398/3680 8081/5397/3679
f 8049/5374/3655 7827/5277/3544 7822/5273/3540
f 7822/5273/3540 8081/5397/3679 8049/5374/3655
f 8048/5373/3654 7852/5285/3554 7827/5277/3544
f 7827/5277/3544 8049/5374/3655 8048/5373/3654
f 8026/5360/3640 7857/5289/3558 7852/5285/3554
f 7852/5285/3554 8048/5373/3654 8026/5360/3640
f 8025/5359/3639 7882/5297/3568 7857/5289/3558
f 7857/5289/3558 8026/5360/3640 8025/5359/3639
f 7882/5297/3568 8025/5359/3639 8076/5392/3674
f 8076/5392/3674 7884/5299/3570 7882/5297/3568
f 8064/5384/3665 7913/5309/3582 7884/5299/3570
f 7884/5299/3570 8076/5392/3674 8064/5384/3665
f 7913/5309/3582 8064/5384/3665 8063/5383/3664
f 8063/5383/3664 7915/5311/3584 7913/5309/3582
f 8086/5400/3682 7939/5321/3595 7915/5311/3584
f 7915/5311/3584 8063/5383/3664 8086/5400/3682
f 8108/5410/3693 7958/5327/3603 7939/5321/3595
f 7939/5321/3595 8086/5400/3682 8108/5410/3693
f 8099/5404/3687 7966/5332/3608 7958/5327/3603
f 7958/5327/3603 8108/5410/3693 8099/5404/3687
f 8098/5403/3686 7987/5339/3617 7966/5332/3608
f 7966/5332/3608 8099/5404/3687 8098/5403/3686
f 8170/5432/3720 7996/5344/3622 7987/5339/3617
f 7987/5339/3617 8098/5403/3686 8170/5432/3720
f 8078/5394/3676 8017/5351/3631 7996/5344/3622
f 7996/5344/3622 8170/5432/3720 8078/5394/3676
f 8038/5371/3651 8028/5361/3641 8017/5351/3631
f 8017/5351/3631 8078/5394/3676 8038/5371/3651
f 8037/5370/3650 8073/5388/3670 8028/5361/3641
f 8028/5361/3641 8038/5371/3651 8037/5370/3650
f 8075/5391/3673 8079/5395/3677 8073/5388/3670
f 8073/5388/3670 8037/5370/3650 8075/5391/3673
f 8055/5379/3660 8021/5356/3636 8079/5395/3677
f 8079/5395/3677 8075/5391/3673 8055/5379/3660
f 8021/5356/3636 8055/5379/3660 8054/5378/3659
f 8054/5378/3659 8022/5353/3633 8021/5356/3636
f 8116/5414/3698 8138/5421/3706 8022/5353/3633
f 8022/5353/3633 8054/5378/3659 8116/5414/3698
f 8147/5425/3711 8102/5408/3691 8138/5421/3706
f 8138/5421/3706 8116/5414/3698 8147/5425/3711
f 8166/5431/3718 8103/5405/3688 8102/5408/3691
f 8102/5408/3691 8147/5425/3711 8166/5431/3718
f 8146/5424/3710 7681/5216/3472 8166/5431/3718
f 8166/5431/3718 8147/5425/3711 8146/5424/3710
